﻿<?xml version="1.0" encoding="utf-8"?>
<Project>
  <TemplateObjectList>
    <TemplateObject id="0" objectName="self" isTemp="false" />
    <TemplateObject id="1" objectName="target" isTemp="false" />
  </TemplateObjectList>
  <RefParamList>
    <Vector3i name="_BulletDir" x="0" y="0" z="0" refParamName="" useRefParam="false" />
    <Vector3i name="_TargetDir" x="0" y="0" z="0" refParamName="" useRefParam="false" />
    <Vector3i name="_TargetPos" x="0" y="0" z="0" refParamName="" useRefParam="false" />
  </RefParamList>
  <Action tag="" length="1.000" loop="false">
    <Track trackName="HitTriggerTick0" eventType="HitTriggerTick" guid="3592c5a6-b61b-4a50-be85-948a6a504fbd" enabled="true" useRefParam="false" refParamName="" r="0.000" g="0.000" b="0.000" execOnForceStopped="false" execOnActionCompleted="false" stopAfterLastEvent="true">
      <Event eventName="HitTriggerTick" time="0.000" isDuration="false" guid="dbfc61fa-b41f-46e4-a16e-27882c0c0472">
        <TemplateObject name="targetId" id="0" objectName="self" isTemp="false" refParamName="" useRefParam="false" />
        <int name="SelfSkillCombineID_1" value="191901" refParamName="" useRefParam="false" />
        <TemplateObject name="triggerId" id="-1" objectName="None" isTemp="false" refParamName="" useRefParam="false" />
      </Event>
    </Track>
    <Track trackName="SkillFuncDuration0" eventType="SkillFuncDuration" guid="ff053d9a-200c-4071-a093-80b1c2c04159" enabled="true" useRefParam="false" refParamName="" r="0.000" g="0.000" b="0.000" execOnForceStopped="false" execOnActionCompleted="false" stopAfterLastEvent="true">
      <Event eventName="SkillFuncDuration" time="0.000" length="1.000" isDuration="true" guid="05842880-9bd7-4b56-879b-9238e13802e8">
        <Enum name="SkillFuncType" value="6" EnumValue="增加移动速度" refParamName="" useRefParam="false" />
      </Event>
    </Track>
    <Track trackName="MoveBeamDuration0" eventType="MoveBeamDuration" guid="177528d9-d880-461c-a349-b8d700723e6e" enabled="false" useRefParam="false" refParamName="" r="0.000" g="0.000" b="0.000" execOnForceStopped="false" execOnActionCompleted="false" stopAfterLastEvent="true">
      <Event eventName="MoveBeamDuration" time="0.000" length="1.000" isDuration="true" guid="38b43019-eda6-487b-8221-e222f0fe08c4">
        <TemplateObject name="sourceId" id="0" objectName="self" isTemp="false" refParamName="" useRefParam="false" />
        <TemplateObject name="targetId" id="1" objectName="target" isTemp="false" refParamName="" useRefParam="false" />
        <String name="resourceName" value="prefab_skill_effects/hero_skill_effects/191_daqiao/daqiao_buff04_spell01_break" refParamName="" useRefParam="false" />
        <Vector3i name="bindPosOffset" x="0" y="1600" z="0" refParamName="" useRefParam="false" />
        <Vector3i name="bindDestOffet" x="0" y="1400" z="0" refParamName="" useRefParam="false" />
        <float name="textureScale" value="0.100" refParamName="" useRefParam="false" />
        <float name="beamWidth" value="0.350" refParamName="" useRefParam="false" />
        <bool name="bUseLineChange" value="true" refParamName="" useRefParam="false" />
        <Array name="keyLength" refParamName="" useRefParam="false" type="int">
          <int value="4500" />
          <int value="5700" />
          <int value="6000" />
        </Array>
        <Array name="keyColor" refParamName="" useRefParam="false" type="Vector3i">
          <Vector3i x="255" y="255" z="255" />
          <Vector3i x="112" y="86" z="31" />
          <Vector3i x="0" y="0" z="0" />
        </Array>
      </Event>
    </Track>
    <Track trackName="非19109" eventType="CheckSkinIdVirtualTick" guid="4ce328bd-6801-41d0-8a7e-dac3470ac0d9" enabled="true" useRefParam="false" refParamName="" r="0.000" g="0.000" b="0.000" execOnForceStopped="false" execOnActionCompleted="false" stopAfterLastEvent="true">
      <Event eventName="CheckSkinIdVirtualTick" time="0.000" isDuration="false" guid="076c9c8d-8c17-4c26-a756-ee87d21ef6ee">
        <TemplateObject name="targetId" id="0" objectName="self" isTemp="false" refParamName="" useRefParam="false" />
        <int name="skinId" value="19109" refParamName="" useRefParam="false" />
        <bool name="useNegateValue" value="true" refParamName="" useRefParam="false" />
      </Event>
    </Track>
    <Track trackName="19109" eventType="CheckSkinIdVirtualTick" guid="2fffb4a3-fd9c-47ea-b36a-0f791500afe5" enabled="true" useRefParam="false" refParamName="" r="0.000" g="0.000" b="0.000" execOnForceStopped="false" execOnActionCompleted="false" stopAfterLastEvent="true">
      <Event eventName="CheckSkinIdVirtualTick" time="0.000" isDuration="false" guid="966287f9-c083-469f-b336-3b4a28298890">
        <TemplateObject name="targetId" id="0" objectName="self" isTemp="false" refParamName="" useRefParam="false" />
        <int name="skinId" value="19109" refParamName="" useRefParam="false" />
      </Event>
    </Track>
    <Track trackName="MoveBeamDuration0" eventType="MoveBeamDuration" guid="28fdbb9b-2bf7-4148-92f2-8ee35daff238" enabled="true" useRefParam="false" refParamName="" r="0.000" g="0.000" b="0.000" execOnForceStopped="false" execOnActionCompleted="false" stopAfterLastEvent="true">
      <Condition id="3" guid="4ce328bd-6801-41d0-8a7e-dac3470ac0d9" status="true" />
      <Event eventName="MoveBeamDuration" time="0.000" length="1.000" isDuration="true" guid="41741776-9eac-4fe7-b5f0-9a33461f8264">
        <TemplateObject name="sourceId" id="0" objectName="self" isTemp="false" refParamName="" useRefParam="false" />
        <TemplateObject name="targetId" id="1" objectName="target" isTemp="false" refParamName="" useRefParam="false" />
        <String name="resourceName" value="prefab_skill_effects/hero_skill_effects/191_daqiao/daqiao_buff04_spell01_break" refParamName="" useRefParam="false" />
        <Vector3i name="bindPosOffset" x="0" y="1600" z="0" refParamName="" useRefParam="false" />
        <Vector3i name="bindDestOffet" x="0" y="1400" z="0" refParamName="" useRefParam="false" />
        <float name="textureScale" value="0.100" refParamName="" useRefParam="false" />
        <float name="beamWidth" value="0.350" refParamName="" useRefParam="false" />
        <bool name="bOptimizeRender" value="false" refParamName="" useRefParam="false" />
        <bool name="bUseLineChange" value="true" refParamName="" useRefParam="false" />
        <Array name="keyLength" refParamName="" useRefParam="false" type="int">
          <int value="4500" />
          <int value="5700" />
          <int value="6000" />
        </Array>
        <Array name="keyColor" refParamName="" useRefParam="false" type="Vector3i">
          <Vector3i x="222" y="177" z="55" />
          <Vector3i x="173" y="148" z="32" />
          <Vector3i x="70" y="70" z="16" />
          <Vector3i x="0" y="0" z="0" />
        </Array>
      </Event>
    </Track>
    <Track trackName="MoveBeamDuration0" eventType="MoveBeamDuration" guid="189859a2-aa63-4285-bfee-ea907702c21b" enabled="true" useRefParam="false" refParamName="" r="0.000" g="0.000" b="0.000" execOnForceStopped="false" execOnActionCompleted="false" stopAfterLastEvent="true">
      <Condition id="4" guid="2fffb4a3-fd9c-47ea-b36a-0f791500afe5" status="true" />
      <Event eventName="MoveBeamDuration" time="0.000" length="1.000" isDuration="true" guid="8657704c-79d1-4fec-b53b-5218d18f638a">
        <TemplateObject name="sourceId" id="0" objectName="self" isTemp="false" refParamName="" useRefParam="false" />
        <TemplateObject name="targetId" id="1" objectName="target" isTemp="false" refParamName="" useRefParam="false" />
        <String name="resourceName" value="prefab_skill_effects/hero_skill_effects/191_daqiao/daqiao_buff04_spell01_break" refParamName="" useRefParam="false" />
        <Vector3i name="bindPosOffset" x="0" y="1600" z="0" refParamName="" useRefParam="false" />
        <Vector3i name="bindDestOffet" x="0" y="1400" z="0" refParamName="" useRefParam="false" />
        <float name="textureScale" value="0.100" refParamName="" useRefParam="false" />
        <float name="beamWidth" value="0.350" refParamName="" useRefParam="false" />
        <bool name="bOptimizeRender" value="false" refParamName="" useRefParam="false" />
        <bool name="bUseLineChange" value="true" refParamName="" useRefParam="false" />
        <Array name="keyLength" refParamName="" useRefParam="false" type="int">
          <int value="4500" />
          <int value="5700" />
          <int value="6000" />
        </Array>
        <Array name="keyColor" refParamName="" useRefParam="false" type="Vector3i">
          <Vector3i x="255" y="255" z="255" />
          <Vector3i x="255" y="255" z="255" />
          <Vector3i x="255" y="255" z="255" />
          <Vector3i x="255" y="255" z="255" />
        </Array>
      </Event>
    </Track>
    <Track trackName="TriggerParticle1" eventType="TriggerParticle" guid="e4b010da-d667-4a4d-afb1-b7d0db4dd6aa" enabled="true" useRefParam="false" refParamName="" r="0.000" g="0.000" b="0.000" execOnForceStopped="false" execOnActionCompleted="false" stopAfterLastEvent="true">
      <Event eventName="TriggerParticle" time="0.000" length="1.000" isDuration="true" guid="a0a458bb-f90b-4498-b69f-9cba53231675">
        <TemplateObject name="targetId" id="0" objectName="self" isTemp="false" refParamName="" useRefParam="false" />
        <TemplateObject name="objectSpaceId" id="0" objectName="self" isTemp="false" refParamName="" useRefParam="false" />
        <String name="resourceName" value="prefab_skill_effects/hero_skill_effects/191_daqiao/daqiao_buff03_spell2" refParamName="" useRefParam="false" />
        <String name="bindPointName" value="Bip001 Spine" refParamName="" useRefParam="false" />
        <String name="syncAnimationName" value="" refParamName="" useRefParam="false" />
        <String name="customTagName" value="" refParamName="" useRefParam="false" />
      </Event>
    </Track>
    <Track trackName="TriggerParticle1" eventType="TriggerParticle" guid="2184455a-4614-4bc9-862f-8ef733a399d7" enabled="true" useRefParam="false" refParamName="" r="0.000" g="0.000" b="0.000" execOnForceStopped="false" execOnActionCompleted="false" stopAfterLastEvent="true">
      <Event eventName="TriggerParticle" time="0.000" length="1.000" isDuration="true" guid="2fc0593a-412b-4550-9c2f-406e09bc72ad">
        <TemplateObject name="targetId" id="1" objectName="target" isTemp="false" refParamName="" useRefParam="false" />
        <TemplateObject name="objectSpaceId" id="1" objectName="target" isTemp="false" refParamName="" useRefParam="false" />
        <String name="resourceName" value="prefab_skill_effects/hero_skill_effects/191_daqiao/daqiao_buff03_spell2" refParamName="" useRefParam="false" />
        <Vector3 name="bindPosOffset" x="0.000" y="1.500" z="0.000" refParamName="" useRefParam="false" />
        <String name="syncAnimationName" value="" refParamName="" useRefParam="false" />
        <String name="customTagName" value="" refParamName="" useRefParam="false" />
      </Event>
    </Track>
    <Track trackName="CheckDistanceDuration0" eventType="CheckDistanceDuration" guid="beccc0c4-2a73-4211-8f83-682738195ebc" enabled="true" useRefParam="false" refParamName="" r="0.000" g="0.000" b="0.000" execOnForceStopped="false" execOnActionCompleted="false" stopAfterLastEvent="true">
      <Event eventName="CheckDistanceDuration" time="0.000" length="1.000" isDuration="true" guid="dcf7e5f5-9c36-47d5-a54a-f4ed5084785f">
        <TemplateObject name="srcId" id="0" objectName="self" isTemp="false" refParamName="" useRefParam="false" />
        <TemplateObject name="targetId" id="1" objectName="target" isTemp="false" refParamName="" useRefParam="false" />
        <int name="distance" value="6000" refParamName="" useRefParam="false" />
      </Event>
    </Track>
    <Track trackName="RemoveBuffTick0" eventType="RemoveBuffTick" guid="6b0f70d0-8ea1-4bdd-b8e4-397b5b846e89" enabled="true" useRefParam="false" refParamName="" r="0.000" g="0.000" b="0.000" execOnForceStopped="false" execOnActionCompleted="false" stopAfterLastEvent="true">
      <Condition id="9" guid="beccc0c4-2a73-4211-8f83-682738195ebc" status="true" />
      <Event eventName="RemoveBuffTick" time="0.000" isDuration="false" guid="9af781df-2c4f-4200-a5c3-51eeadce4357">
        <TemplateObject name="targetId" id="0" objectName="self" isTemp="false" refParamName="" useRefParam="false" />
        <int name="buffId" value="191901" refParamName="" useRefParam="false" />
      </Event>
    </Track>
    <Track trackName="RemoveBuffTick0" eventType="RemoveBuffTick" guid="39234de2-4d73-40de-a4dc-a21316aec29d" enabled="true" useRefParam="false" refParamName="" r="0.000" g="0.000" b="0.000" execOnForceStopped="false" execOnActionCompleted="false" stopAfterLastEvent="true">
      <Condition id="9" guid="beccc0c4-2a73-4211-8f83-682738195ebc" status="true" />
      <Event eventName="RemoveBuffTick" time="0.000" isDuration="false" guid="db46eb37-614e-4f33-9dd4-678e78fb77ff">
        <TemplateObject name="targetId" id="1" objectName="target" isTemp="false" refParamName="" useRefParam="false" />
        <int name="buffId" value="191950" refParamName="" useRefParam="false" />
      </Event>
    </Track>
    <Track trackName="FilterTargetStateDuration1" eventType="FilterTargetStateDuration" guid="323499b1-1e4c-49df-be01-1a8e86486edf" enabled="false" useRefParam="false" refParamName="" r="0.000" g="0.000" b="0.000" execOnForceStopped="false" execOnActionCompleted="false" stopAfterLastEvent="true">
      <Event eventName="FilterTargetStateDuration" time="0.000" length="1.000" isDuration="true" guid="374d93e9-af93-480d-bd87-d7e3128cb6ee">
        <TemplateObject name="targetId" id="1" objectName="target" isTemp="false" refParamName="" useRefParam="false" />
        <bool name="checkDeadState" value="true" refParamName="" useRefParam="false" />
      </Event>
    </Track>
    <Track trackName="RemoveBuffTick0" eventType="RemoveBuffTick" guid="6472b705-aba1-4a6c-a5f2-1a1b3e6bf6e0" enabled="true" useRefParam="false" refParamName="" r="0.000" g="0.000" b="0.000" execOnForceStopped="true" execOnActionCompleted="true" stopAfterLastEvent="true">
      <Event eventName="RemoveBuffTick" time="0.000" isDuration="false" guid="dfa44a2f-5674-4f4b-90fc-8b6b1296e535">
        <TemplateObject name="targetId" id="0" objectName="self" isTemp="false" refParamName="" useRefParam="false" />
        <int name="buffId" value="191901" refParamName="" useRefParam="false" />
      </Event>
    </Track>
  </Action>
</Project>