﻿<?xml version="1.0" encoding="utf-8"?>
<Project>
  <TemplateObjectList>
    <TemplateObject id="0" objectName="self" isTemp="false" />
    <TemplateObject id="1" objectName="target" isTemp="false" />
  </TemplateObjectList>
  <RefParamList>
    <Vector3i name="_TargetDir" x="0" y="0" z="0" refParamName="" useRefParam="false" />
    <Vector3i name="_TargetPos" x="0" y="0" z="0" refParamName="" useRefParam="false" />
  </RefParamList>
  <Action tag="" length="1.000" loop="false">
    <Track trackName="SkillTimerProcessBarDuration0" eventType="SkillTimerProcessBarDuration" guid="484f7aeb-73c5-4709-82fb-ab0ad8535696" enabled="true" useRefParam="false" refParamName="" r="0.000" g="0.000" b="0.000" execOnForceStopped="false" execOnActionCompleted="false" stopAfterLastEvent="true">
      <Event eventName="SkillTimerProcessBarDuration" time="0.000" length="1.000" isDuration="true" guid="5032d5ae-5cfd-46b8-bfe1-cd61f53cca4b">
        <TemplateObject name="targetId" id="0" objectName="self" isTemp="false" refParamName="" useRefParam="false" />
      </Event>
    </Track>
    <Track trackName="SkillHidingDuration0" eventType="SkillHidingDuration" guid="d705fff8-5c0c-424a-be51-a7805ec4b743" enabled="true" useRefParam="false" refParamName="" r="0.000" g="0.000" b="0.000" execOnForceStopped="false" execOnActionCompleted="false" stopAfterLastEvent="true">
      <Event eventName="SkillHidingDuration" time="0.000" length="1.000" isDuration="true" guid="f2407fad-db66-45f7-921a-6b7fa4d7023e">
        <TemplateObject name="targetId" id="0" objectName="self" isTemp="false" refParamName="" useRefParam="false" />
      </Event>
    </Track>
    <Track trackName="SetAnimationParamsTick0" eventType="SetAnimationParamsTick" guid="6a68a03e-1875-46f1-bbf5-ce843e674e06" enabled="true" useRefParam="false" refParamName="" r="0.000" g="0.000" b="0.000" execOnForceStopped="false" execOnActionCompleted="false" stopAfterLastEvent="true">
      <Event eventName="SetAnimationParamsTick" time="0.000" isDuration="false" guid="2e80e405-db27-4c5a-8b50-9a0789ee559e">
        <TemplateObject name="targetId" id="0" objectName="self" isTemp="false" refParamName="" useRefParam="false" />
        <Array name="intNames" refParamName="" useRefParam="false" type="String">
          <String value="age_invisible_index" />
        </Array>
        <Array name="intValues" refParamName="" useRefParam="false" type="int">
          <int value="1" />
        </Array>
      </Event>
    </Track>
    <Track trackName="SetAnimationParamsTick0" eventType="SetAnimationParamsTick" guid="d16e4956-9e74-4995-91f7-66fb0f18b2ee" enabled="true" useRefParam="false" refParamName="" r="0.000" g="0.000" b="0.000" execOnForceStopped="false" execOnActionCompleted="true" stopAfterLastEvent="true">
      <Event eventName="SetAnimationParamsTick" time="0.000" isDuration="false" guid="a1f49ddb-434b-46a2-9d31-6219cd460329">
        <TemplateObject name="targetId" id="0" objectName="self" isTemp="false" refParamName="" useRefParam="false" />
        <Array name="intNames" refParamName="" useRefParam="false" type="String">
          <String value="age_invisible_index" />
        </Array>
        <Array name="intValues" refParamName="" useRefParam="false" type="int">
          <int value="2" />
        </Array>
      </Event>
    </Track>
    <Track trackName="T2皮肤" eventType="TriggerParticleTick" guid="5a2c6656-96aa-48db-bb9c-7c6735418695" enabled="true" useRefParam="false" refParamName="" r="0.000" g="0.000" b="0.000" execOnForceStopped="false" execOnActionCompleted="true" stopAfterLastEvent="true">
      <Event eventName="TriggerParticleTick" time="0.000" isDuration="false" guid="d2ced0fb-0a37-405a-b5a4-3517330bd704">
        <TemplateObject name="targetId" id="-1" objectName="None" isTemp="false" refParamName="" useRefParam="false" />
        <TemplateObject name="objectSpaceId" id="0" objectName="self" isTemp="false" refParamName="" useRefParam="false" />
        <String name="resourceName" value="prefab_skill_effects/hero_skill_effects/167_wukong/Wukong_yinshen_01" refParamName="" useRefParam="false" />
        <Vector3i name="scalingInt" x="10000" y="10000" z="10000" refParamName="" useRefParam="false" />
        <bool name="applyActionSpeedToAnimation" value="true" refParamName="" useRefParam="false" />
        <bool name="bAllowEmptyEffect" value="true" refParamName="" useRefParam="false" />
      </Event>
    </Track>
    <Track trackName="StopAction0" eventType="StopAction" guid="363e039a-1d5c-454d-96e9-d2aa26c26ae6" enabled="true" useRefParam="false" refParamName="" r="0.000" g="0.000" b="0.000" execOnForceStopped="false" execOnActionCompleted="false" stopAfterLastEvent="true">
      <Condition id="1" guid="d705fff8-5c0c-424a-be51-a7805ec4b743" status="true" />
      <Event eventName="StopAction" time="0.000" isDuration="false" guid="80fd3646-61b2-4604-b62e-4cc06a7e0fe5" />
    </Track>
    <Track trackName="猴子T2" eventType="CheckSkinIdTick" guid="d8f53127-3348-410b-af89-76054c4a84af" enabled="true" useRefParam="false" refParamName="" r="0.000" g="0.000" b="0.000" execOnForceStopped="false" execOnActionCompleted="false" stopAfterLastEvent="true">
      <Event eventName="CheckSkinIdTick" time="0.000" isDuration="false" guid="0eb0299f-a9c2-4dd8-9373-04b7e89ab6a2">
        <TemplateObject name="targetId" id="0" objectName="self" isTemp="false" refParamName="" useRefParam="false" />
        <int name="skinId" value="16797" refParamName="" useRefParam="false" />
		<bool name="bEqual" value="false" refParamName="" useRefParam="false" />
      </Event>
    </Track>
    <Track trackName="跑步" eventType="CheckConditionDuration" guid="13ecc909-677d-4d21-9b91-bc5115101860" enabled="true" useRefParam="false" refParamName="" r="0.000" g="0.000" b="0.000" execOnForceStopped="false" execOnActionCompleted="false" stopAfterLastEvent="true">
      <Condition id="6" guid="d8f53127-3348-410b-af89-76054c4a84af" status="true" />
      <Event eventName="CheckConditionDuration" time="0.000" length="1.000" isDuration="true" guid="35ea9f6c-c2bb-4188-b2c4-b28a63b2ef9e">
        <TemplateObject name="targetId" id="0" objectName="self" isTemp="false" refParamName="" useRefParam="false" />
        <Enum name="operatorMethod" value="0" refParamName="" useRefParam="false" />
        <bool name="bActorMoving" value="true" refParamName="" useRefParam="false" />
      </Event>
    </Track>
    <Track trackName="PlayHeroSoundTick0" eventType="PlayHeroSoundTick" guid="54e6342e-838a-4fdf-a810-2eae7724e53a" enabled="true" useRefParam="false" refParamName="" r="0.000" g="0.000" b="0.000" execOnForceStopped="false" execOnActionCompleted="false" stopAfterLastEvent="true">
      <Condition id="7" guid="13ecc909-677d-4d21-9b91-bc5115101860" status="true" />
      <Event eventName="PlayHeroSoundTick" time="0.000" isDuration="false" guid="65162d6a-fe64-4b0d-9654-ee8b0210d983">
        <TemplateObject name="targetId" id="0" objectName="self" isTemp="false" refParamName="" useRefParam="false" />
        <TemplateObject name="sourceId" id="0" objectName="self" isTemp="false" refParamName="" useRefParam="false" />
        <String name="eventName" value="Play_WuKong_Skill_A_Run" refParamName="" useRefParam="false" />
      </Event>
    </Track>
    <Track trackName="跑步后停下" eventType="CheckConditionDuration" guid="263f110f-e455-4dfc-bdf8-36e55ff514ac" enabled="true" useRefParam="false" refParamName="" r="0.000" g="0.000" b="0.000" execOnForceStopped="false" execOnActionCompleted="false" stopAfterLastEvent="true">
      <Condition id="7" guid="13ecc909-677d-4d21-9b91-bc5115101860" status="true" />
      <Event eventName="CheckConditionDuration" time="0.000" length="1.000" isDuration="true" guid="32846e8e-a1df-4fbd-961e-1fc22b42f60a">
        <TemplateObject name="targetId" id="0" objectName="self" isTemp="false" refParamName="" useRefParam="false" />
        <Enum name="operatorMethod" value="0" refParamName="" useRefParam="false" />
        <bool name="bCheckReleaseLeftJoystick" value="true" refParamName="" useRefParam="false" />
      </Event>
    </Track>
    <Track trackName="PlayHeroSoundTick0" eventType="PlayHeroSoundTick" guid="0d485355-281b-458d-86de-0bb4a558da0f" enabled="true" useRefParam="false" refParamName="" r="0.000" g="0.000" b="0.000" execOnForceStopped="false" execOnActionCompleted="false" stopAfterLastEvent="true">
      <Condition id="9" guid="263f110f-e455-4dfc-bdf8-36e55ff514ac" status="true" />
      <Event eventName="PlayHeroSoundTick" time="0.000" isDuration="false" guid="7a1e7a33-d8ce-4ff9-beb8-b592aae62cf5">
        <TemplateObject name="targetId" id="0" objectName="self" isTemp="false" refParamName="" useRefParam="false" />
        <TemplateObject name="sourceId" id="0" objectName="self" isTemp="false" refParamName="" useRefParam="false" />
        <String name="eventName" value="Stop_WuKong_Skill_A_Run" refParamName="" useRefParam="false" />
      </Event>
    </Track>
    <Track trackName="PlayHeroSoundTick0" eventType="PlayHeroSoundTick" guid="e54f4523-db57-4487-9200-46af4926ad0b" enabled="true" useRefParam="false" refParamName="" r="0.000" g="0.000" b="0.000" execOnForceStopped="false" execOnActionCompleted="true" stopAfterLastEvent="true">
      <Event eventName="PlayHeroSoundTick" time="0.000" isDuration="false" guid="30f03f1d-f627-46b7-a1f1-1b01e09a25e2">
        <TemplateObject name="targetId" id="0" objectName="self" isTemp="false" refParamName="" useRefParam="false" />
        <TemplateObject name="sourceId" id="0" objectName="self" isTemp="false" refParamName="" useRefParam="false" />
        <String name="eventName" value="Stop_WuKong_Skill_A_Run" refParamName="" useRefParam="false" />
      </Event>
    </Track>
    <Track trackName="T2专用-修复表现" eventType="SpawnBulletTick" guid="a4437ca0-bd82-44ee-81d1-c2c27e003a79" enabled="false" useRefParam="false" refParamName="" r="0.000" g="0.000" b="0.000" execOnForceStopped="false" execOnActionCompleted="true" stopAfterLastEvent="true">
      <Event eventName="SpawnBulletTick" time="0.000" isDuration="false" guid="0e7d922a-2eaf-4804-9b2e-aaa6e55211ee">
        <TemplateObject name="targetId" id="0" objectName="self" isTemp="false" refParamName="" useRefParam="false" />
        <String name="ActionName" value="prefab_characters/prefab_hero/167_wukong/skill/s1b5" refParamName="" useRefParam="false" />
      </Event>
    </Track>
    <Track trackName="RefreshMainRenderTick0" eventType="RefreshMainRenderTick" guid="bccb03d5-7a0f-48af-b5dd-b9fca1600970" enabled="true" useRefParam="false" refParamName="" r="0.000" g="0.000" b="0.000" execOnForceStopped="false" execOnActionCompleted="false" stopAfterLastEvent="true">
      <Condition id="6" guid="d8f53127-3348-410b-af89-76054c4a84af" status="true" />
      <Event eventName="RefreshMainRenderTick" time="0.066" isDuration="false" guid="0bb110ee-d524-43c5-84b0-40ece6c52bc3">
        <TemplateObject name="targetId" id="0" objectName="self" isTemp="false" refParamName="" useRefParam="false" />
      </Event>
    </Track>
    <Track trackName="RefreshMainRenderTick0" eventType="RefreshMainRenderTick" guid="67c4a0f3-cd71-4720-a0ad-e5d085d83053" enabled="true" useRefParam="false" refParamName="" r="0.000" g="0.000" b="0.000" execOnForceStopped="false" execOnActionCompleted="false" stopAfterLastEvent="true">
      <Condition id="6" guid="d8f53127-3348-410b-af89-76054c4a84af" status="true" />
      <Event eventName="RefreshMainRenderTick" time="0.198" isDuration="false" guid="631f25cb-842a-4d89-9326-60a68d462e2a">
        <TemplateObject name="targetId" id="0" objectName="self" isTemp="false" refParamName="" useRefParam="false" />
      </Event>
    </Track>
    <Track trackName="RefreshMainRenderTick0" eventType="RefreshMainRenderTick" guid="5f6c05e0-57bc-4e07-9b62-ef946509c3c5" enabled="true" useRefParam="false" refParamName="" r="0.000" g="0.000" b="0.000" execOnForceStopped="false" execOnActionCompleted="false" stopAfterLastEvent="true">
      <Condition id="6" guid="d8f53127-3348-410b-af89-76054c4a84af" status="true" />
      <Event eventName="RefreshMainRenderTick" time="0.330" isDuration="false" guid="a18a2516-6320-429b-8c25-4a8933e643e8">
        <TemplateObject name="targetId" id="0" objectName="self" isTemp="false" refParamName="" useRefParam="false" />
      </Event>
    </Track>
    <Track trackName="RefreshMainRenderTick0" eventType="RefreshMainRenderTick" guid="4871215b-d00a-4cc4-92a0-30d982f7b7c3" enabled="true" useRefParam="false" refParamName="" r="0.000" g="0.000" b="0.000" execOnForceStopped="false" execOnActionCompleted="false" stopAfterLastEvent="true">
      <Condition id="6" guid="d8f53127-3348-410b-af89-76054c4a84af" status="true" />
      <Event eventName="RefreshMainRenderTick" time="0.462" isDuration="false" guid="06bd008c-27d0-4fbe-9616-df284efb7042">
        <TemplateObject name="targetId" id="0" objectName="self" isTemp="false" refParamName="" useRefParam="false" />
      </Event>
    </Track>
    <Track trackName="RefreshMainRenderTick0" eventType="RefreshMainRenderTick" guid="802abe42-1d86-469a-aa2e-d14cac4b1c18" enabled="true" useRefParam="false" refParamName="" r="0.000" g="0.000" b="0.000" execOnForceStopped="false" execOnActionCompleted="false" stopAfterLastEvent="true">
      <Condition id="6" guid="d8f53127-3348-410b-af89-76054c4a84af" status="true" />
      <Event eventName="RefreshMainRenderTick" time="0.594" isDuration="false" guid="3534dff5-8aed-49d0-8856-7c4a3b855170">
        <TemplateObject name="targetId" id="0" objectName="self" isTemp="false" refParamName="" useRefParam="false" />
      </Event>
    </Track>
    <Track trackName="RefreshMainRenderTick0" eventType="RefreshMainRenderTick" guid="b3c30368-a596-4378-8d71-2230bc989a71" enabled="true" useRefParam="false" refParamName="" r="0.000" g="0.000" b="0.000" execOnForceStopped="false" execOnActionCompleted="false" stopAfterLastEvent="true">
      <Condition id="6" guid="d8f53127-3348-410b-af89-76054c4a84af" status="true" />
      <Event eventName="RefreshMainRenderTick" time="0.726" isDuration="false" guid="ece89ed5-5b35-4cd7-a1dc-38f20b0a9db3">
        <TemplateObject name="targetId" id="0" objectName="self" isTemp="false" refParamName="" useRefParam="false" />
      </Event>
    </Track>
    <Track trackName="RefreshMainRenderTick0" eventType="RefreshMainRenderTick" guid="57b8f69f-bc08-4f98-af8b-9d5d52f8903a" enabled="true" useRefParam="false" refParamName="" r="0.000" g="0.000" b="0.000" execOnForceStopped="false" execOnActionCompleted="false" stopAfterLastEvent="true">
      <Condition id="6" guid="d8f53127-3348-410b-af89-76054c4a84af" status="true" />
      <Event eventName="RefreshMainRenderTick" time="0.858" isDuration="false" guid="d63b01b2-2c92-4724-b0b6-36feab5f6084">
        <TemplateObject name="targetId" id="0" objectName="self" isTemp="false" refParamName="" useRefParam="false" />
      </Event>
    </Track>
    <Track trackName="RefreshMainRenderTick0" eventType="RefreshMainRenderTick" guid="27bf64e9-a00c-433b-b06d-16f9581d059b" enabled="true" useRefParam="false" refParamName="" r="0.000" g="0.000" b="0.000" execOnForceStopped="false" execOnActionCompleted="false" stopAfterLastEvent="true">
      <Condition id="6" guid="d8f53127-3348-410b-af89-76054c4a84af" status="true" />
      <Event eventName="RefreshMainRenderTick" time="0.990" isDuration="false" guid="d16c3c45-1e78-4432-b30e-4aacfaa601ff">
        <TemplateObject name="targetId" id="0" objectName="self" isTemp="false" refParamName="" useRefParam="false" />
      </Event>
    </Track>
  </Action>
</Project>