﻿<?xml version="1.0" encoding="utf-8"?>
<Project>
  <TemplateObjectList>
    <TemplateObject id="0" objectName="self" isTemp="false" />
    <TemplateObject id="1" objectName="target" isTemp="false" />
    <TemplateObject id="2" objectName="bullet" isTemp="true" />
  </TemplateObjectList>
  <RefParamList>
    <String name="BulletPrefab" value="" refParamName="" useRefParam="false" />
    <Vector3i name="_TargetDir" x="0" y="0" z="0" refParamName="" useRefParam="false" />
    <Vector3i name="_TargetPos" x="0" y="0" z="0" refParamName="" useRefParam="false" />
  </RefParamList>
  <Action tag="" length="1.400" loop="false">
    <Track trackName="SpawnObjectDuration0" eventType="SpawnObjectDuration" guid="b2b998c8-ab9b-4283-8b70-ded46d1ce047" enabled="true" useRefParam="false" refParamName="" r="0.000" g="0.000" b="0.000" execOnForceStopped="false" execOnActionCompleted="false" stopAfterLastEvent="true">
      <Event eventName="SpawnObjectDuration" time="0.000" length="1.400" isDuration="true" guid="30bf004c-170a-413b-ad22-1962869a1822">
        <TemplateObject name="targetId" id="2" objectName="bullet" isTemp="true" refParamName="" useRefParam="false" />
        <TemplateObject name="objectSpaceId" id="0" objectName="self" isTemp="false" refParamName="" useRefParam="false" />
        <String name="prefabName" value="prefab_characters/commonempty" refParamName="" useRefParam="false" />
        <Vector3i name="translation" x="0" y="0" z="4000" refParamName="" useRefParam="false" />
        <bool name="modifyDirection" value="true" refParamName="" useRefParam="false" />
        <Vector3i name="direction" x="0" y="0" z="0" refParamName="_TargetDir" useRefParam="true" />
        <TemplateObject name="materialParentActorId" id="-1" objectName="None" isTemp="false" refParamName="" useRefParam="false" />
        <TemplateObject name="visionActorId" id="-1" objectName="None" isTemp="false" refParamName="" useRefParam="false" />
        <TemplateObject name="recordTargeID" id="-1" objectName="None" isTemp="false" refParamName="" useRefParam="false" />
      </Event>
    </Track>
    <Track trackName="SetCollisionTick0" eventType="SetCollisionTick" guid="aa218929-1282-453f-88c9-ab0beba3e4d3" enabled="true" useRefParam="false" refParamName="" r="0.000" g="0.000" b="0.000" execOnForceStopped="false" execOnActionCompleted="false" stopAfterLastEvent="true">
      <Event eventName="SetCollisionTick" time="0.000" isDuration="false" guid="c715e934-5dd1-4c7e-9732-011ae716b9e0">
        <TemplateObject name="targetId" id="2" objectName="bullet" isTemp="true" refParamName="" useRefParam="false" />
        <Vector3i name="Size" x="3000" y="8000" z="8000" refParamName="" useRefParam="false" />
        <int name="Radius" value="0" refParamName="" useRefParam="false" />
        <int name="Rotation" value="160" refParamName="" useRefParam="false" />
      </Event>
    </Track>
    <Track trackName="HitTriggerDuration0" eventType="HitTriggerDuration" guid="321b2091-8fd4-4129-8f2a-b9592393d313" enabled="true" useRefParam="false" refParamName="" r="0.000" g="0.000" b="0.000" execOnForceStopped="false" execOnActionCompleted="false" stopAfterLastEvent="true">
      <Event eventName="HitTriggerDuration" time="1.000" length="0.200" isDuration="true" guid="f2d1977a-fd72-42ba-a90f-f4a517a6e057">
        <TemplateObject name="triggerId" id="2" objectName="bullet" isTemp="true" refParamName="" useRefParam="false" />
        <TemplateObject name="attackerId" id="0" objectName="self" isTemp="false" refParamName="" useRefParam="false" />
        <int name="TriggerActorInterval" value="1000" refParamName="" useRefParam="false" />
        <bool name="bFilterHero" value="true" refParamName="" useRefParam="false" />
        <bool name="bFileterOrgan" value="true" refParamName="" useRefParam="false" />
        <bool name="bFilterMoveDirection" value="false" refParamName="" useRefParam="true" />
        <TemplateObject name="bulletID" id="-1" objectName="None" isTemp="false" refParamName="" useRefParam="false" />
        <int name="TriggerActorCount" value="32" refParamName="" useRefParam="false" />
        <int name="CollideMaxCount" value="1" refParamName="" useRefParam="false" />
        <int name="TargetSkillCombine_1" value="141100" refParamName="" useRefParam="false" />
        <int name="TargetSkillCombine_2" value="141901" refParamName="" useRefParam="false" />
        <String name="BulletActionName" value="" refParamName="" useRefParam="false" />
      </Event>
    </Track>
    <Track trackName="HitTriggerDuration0" eventType="HitTriggerDuration" guid="932e6966-c38d-4f1b-9ef7-b851a88c0030" enabled="true" useRefParam="false" refParamName="" r="0.000" g="0.000" b="0.000" execOnForceStopped="false" execOnActionCompleted="false" stopAfterLastEvent="true">
      <Event eventName="HitTriggerDuration" time="1.000" length="0.200" isDuration="true" guid="e69f9cf6-6e29-4a67-89ad-2478eb6199e6">
        <TemplateObject name="triggerId" id="2" objectName="bullet" isTemp="true" refParamName="" useRefParam="false" />
        <TemplateObject name="attackerId" id="0" objectName="self" isTemp="false" refParamName="" useRefParam="false" />
        <int name="TriggerActorInterval" value="1000" refParamName="" useRefParam="false" />
        <bool name="bFileterMonter" value="true" refParamName="" useRefParam="false" />
        <bool name="bFileterOrgan" value="true" refParamName="" useRefParam="false" />
        <bool name="bFilterMoveDirection" value="false" refParamName="" useRefParam="true" />
        <TemplateObject name="bulletID" id="-1" objectName="None" isTemp="false" refParamName="" useRefParam="false" />
        <int name="TriggerActorCount" value="32" refParamName="" useRefParam="false" />
        <int name="CollideMaxCount" value="1" refParamName="" useRefParam="false" />
        <int name="TargetSkillCombine_1" value="141100" refParamName="" useRefParam="false" />
        <int name="TargetSkillCombine_2" value="141906" refParamName="" useRefParam="false" />
        <String name="BulletActionName" value="" refParamName="" useRefParam="false" />
      </Event>
    </Track>
    <Track trackName="14118检测" eventType="CheckSkinIdTick" guid="4cd2db1b-e00b-4b71-916f-e9c0b1b21d07" enabled="true" useRefParam="false" refParamName="" r="0.000" g="0.000" b="0.000" execOnForceStopped="false" execOnActionCompleted="false" stopAfterLastEvent="true">
      <Event eventName="CheckSkinIdTick" time="0.000" isDuration="false" guid="03d1e9c3-a23a-4ead-aaf8-7cd333b318b4">
        <TemplateObject name="targetId" id="0" objectName="self" isTemp="false" refParamName="" useRefParam="false" />
        <int name="skinId" value="14118" refParamName="" useRefParam="false" />
      </Event>
    </Track>
    <Track trackName="TriggerParticleTick0" eventType="TriggerParticleTick" guid="c6a98de8-8f76-4f6b-8f80-1bcd17efbc2c" enabled="true" useRefParam="false" refParamName="" r="0.000" g="0.000" b="0.000" execOnForceStopped="false" execOnActionCompleted="false" stopAfterLastEvent="true">
      <Condition id="4" guid="4cd2db1b-e00b-4b71-916f-e9c0b1b21d07" status="false" />
      <Event eventName="TriggerParticleTick" time="0.000" isDuration="false" guid="a4c68b42-3e79-4aa1-8af2-451b9e077923">
        <TemplateObject name="targetId" id="2" objectName="bullet" isTemp="true" refParamName="" useRefParam="false" />
        <TemplateObject name="objectSpaceId" id="2" objectName="bullet" isTemp="true" refParamName="" useRefParam="false" />
        <String name="resourceName" value="prefab_skill_effects/PMIN/diaochan_attack_spell01_1" refParamName="" useRefParam="false" />
        <float name="lifeTime" value="2.000" refParamName="" useRefParam="false" />
        <Vector3i name="scalingInt" x="10000" y="10000" z="10000" refParamName="" useRefParam="false" />
        <bool name="applyActionSpeedToAnimation" value="true" refParamName="" useRefParam="false" />
      </Event>
    </Track>
    <Track trackName="BUFF" eventType="CheckSkillCombineConditionTick" guid="b37bdadd-b8c9-440e-9ea0-2705476cc057" enabled="true" useRefParam="false" refParamName="" r="0.000" g="0.000" b="0.000" execOnForceStopped="false" execOnActionCompleted="false" stopAfterLastEvent="true">
      <Condition id="4" guid="4cd2db1b-e00b-4b71-916f-e9c0b1b21d07" status="true" />
      <Event eventName="CheckSkillCombineConditionTick" time="0.000" isDuration="false" guid="a88e4c5e-b65e-4bbf-851d-1bd898e9f7d0">
        <TemplateObject name="targetId" id="0" objectName="self" isTemp="false" refParamName="" useRefParam="false" />
        <int name="skillCombineId" value="141920" refParamName="" useRefParam="false" />
        <Enum name="checkOPType" value="5" refParamName="" useRefParam="false" />
        <int name="skillCombineLevel" value="1" refParamName="" useRefParam="false" />
      </Event>
    </Track>
    <Track trackName="TriggerParticleTick0" eventType="TriggerParticleTick" guid="685ff200-95ad-4b43-8471-83a9572b039b" enabled="true" useRefParam="false" refParamName="" r="0.000" g="0.000" b="0.000" execOnForceStopped="false" execOnActionCompleted="false" stopAfterLastEvent="true">
      <Condition id="6" guid="b37bdadd-b8c9-440e-9ea0-2705476cc057" status="false" />
      <Event eventName="TriggerParticleTick" time="0.000" isDuration="false" guid="9d4c8390-89f0-4ed4-96f3-18dc7af1d978">
        <TemplateObject name="targetId" id="2" objectName="bullet" isTemp="true" refParamName="" useRefParam="false" />
        <TemplateObject name="objectSpaceId" id="2" objectName="bullet" isTemp="true" refParamName="" useRefParam="false" />
        <String name="resourceName" value="prefab_skill_effects/PMIN/diaochan_attack_spell01_1" refParamName="" useRefParam="false" />
        <float name="lifeTime" value="2.000" refParamName="" useRefParam="false" />
        <Vector3i name="scalingInt" x="10000" y="10000" z="10000" refParamName="" useRefParam="false" />
        <bool name="applyActionSpeedToAnimation" value="true" refParamName="" useRefParam="false" />
      </Event>
    </Track>
    <Track trackName="TriggerParticleTick0" eventType="TriggerParticleTick" guid="90043ce2-7a80-4e53-b87d-944fe49f7924" enabled="true" useRefParam="false" refParamName="" r="0.000" g="0.000" b="0.000" execOnForceStopped="false" execOnActionCompleted="false" stopAfterLastEvent="true">
      <Condition id="6" guid="b37bdadd-b8c9-440e-9ea0-2705476cc057" status="true" />
      <Event eventName="TriggerParticleTick" time="0.000" isDuration="false" guid="96d74687-1dc4-4407-ab36-663b1eb619b2">
        <TemplateObject name="targetId" id="2" objectName="bullet" isTemp="true" refParamName="" useRefParam="false" />
        <TemplateObject name="objectSpaceId" id="2" objectName="bullet" isTemp="true" refParamName="" useRefParam="false" />
        <String name="resourceName" value="prefab_skill_effects/PMIN/diaochan_attack_spell01_1_S" refParamName="" useRefParam="false" />
        <float name="lifeTime" value="2.000" refParamName="" useRefParam="false" />
        <Vector3i name="scalingInt" x="10000" y="10000" z="10000" refParamName="" useRefParam="false" />
        <bool name="applyActionSpeedToAnimation" value="true" refParamName="" useRefParam="false" />
      </Event>
    </Track>
    <Track trackName="NOBUFF" eventType="CheckSkillCombineConditionTick" guid="MOD BY: PMIN MOD" enabled="true" useRefParam="false" refParamName="" r="0.000" g="0.000" b="0.000" execOnForceStopped="false" execOnActionCompleted="false" stopAfterLastEvent="true">
      <Event eventName="CheckSkillCombineConditionTick" time="0.000" isDuration="false" guid="f1e30b20-0629-41f7-8e69-6fd22c3700d2">
        <TemplateObject name="targetId" id="0" objectName="self" isTemp="false" refParamName="" useRefParam="false"/>
        <int name="skillCombineId" value="141920" refParamName="" useRefParam="false"/>
        <Enum name="checkOPType" value="1" refParamName="" useRefParam="false"/>
        <int name="skillCombineLevel" value="1" refParamName="" useRefParam="false"/>
        <bool name="bCopyActorUseSrcActor" value="true" refParamName="" useRefParam="false"/>
      </Event>
    </Track>
    <Track trackName="YOUTUBE: PMIN MOD - LYNA TV" eventType="TriggerParticleTick" guid="YOUTUBE: PMIN MOD - LYNA TV" enabled="true" useRefParam="false" refParamName="" r="0.000" g="0.000" b="0.000" execOnForceStopped="false" execOnActionCompleted="false" stopAfterLastEvent="true">
      <Condition id="9" guid="MOD BY: PMIN MOD" status="true" />
      <Event eventName="TriggerParticleTick" time="0.000" isDuration="false" guid="YOUTUBE: PMIN MOD - LYNA TV">
        <TemplateObject name="targetId" id="2" objectName="bullet" isTemp="true" refParamName="" useRefParam="false" />
        <TemplateObject name="objectSpaceId" id="2" objectName="bullet" isTemp="true" refParamName="" useRefParam="false" />
        <String name="resourceName" value="prefab_skill_effects/hero_skill_effects/141_diaochan/14111/diaochan_attack_spell01_1" refParamName="" useRefParam="false" />
        <float name="lifeTime" value="2.000" refParamName="" useRefParam="false" />
        <Vector3i name="scalingInt" x="10000" y="10000" z="10000" refParamName="" useRefParam="false" />
        <bool name="applyActionSpeedToAnimation" value="true" refParamName="" useRefParam="false" />
      </Event>
    </Track>
    <Track trackName="YOUTUBE: PMIN MOD - LYNA TV" eventType="TriggerParticleTick" guid="YOUTUBE: PMIN MOD - LYNA TV" enabled="true" useRefParam="false" refParamName="" r="0.000" g="0.000" b="0.000" execOnForceStopped="false" execOnActionCompleted="false" stopAfterLastEvent="true">
      <Condition id="9" guid="MOD BY: PMIN MOD" status="false" />
      <Event eventName="TriggerParticleTick" time="0.000" isDuration="false" guid="YOUTUBE: PMIN MOD - LYNA TV">
        <TemplateObject name="targetId" id="2" objectName="bullet" isTemp="true" refParamName="" useRefParam="false" />
        <TemplateObject name="objectSpaceId" id="2" objectName="bullet" isTemp="true" refParamName="" useRefParam="false" />
        <String name="resourceName" value="prefab_skill_effects/hero_skill_effects/141_diaochan/14111/diaochan_attack_spell01_1_s" refParamName="" useRefParam="false" />
        <float name="lifeTime" value="2.000" refParamName="" useRefParam="false" />
        <Vector3i name="scalingInt" x="10000" y="10000" z="10000" refParamName="" useRefParam="false" />
        <bool name="applyActionSpeedToAnimation" value="true" refParamName="" useRefParam="false" />
      </Event>
    </Track>
  </Action>
</Project>