﻿<?xml version="1.0" encoding="utf-8"?>
<Project>
  <TemplateObjectList>
    <TemplateObject id="0" objectName="self" isTemp="false" />
    <TemplateObject id="1" objectName="target" isTemp="false" />
    <TemplateObject id="2" objectName="bullet" isTemp="true" />
    <TemplateObject id="3" objectName="bullet1" isTemp="true" />
  </TemplateObjectList>
  <RefParamList>
    <String name="BulletPrefab" value="" refParamName="" useRefParam="false" />
    <Vector3i name="_TargetDir" x="0" y="0" z="0" refParamName="" useRefParam="false" />
    <Vector3i name="_TargetPos" x="0" y="0" z="0" refParamName="" useRefParam="false" />
  </RefParamList>
  <Action tag="" length="5.000" loop="false">
    <Track trackName="SpawnObjectDuration0" eventType="SpawnObjectDuration" guid="c890e4ed-8300-4e21-8d66-757283ec3cc0" enabled="true" useRefParam="false" refParamName="" r="0.000" g="0.000" b="0.000" execOnForceStopped="false" execOnActionCompleted="false" stopAfterLastEvent="true">
      <Event eventName="SpawnObjectDuration" time="0.000" length="3.000" isDuration="true" guid="0f551ea6-5ab8-4d17-8930-d67c74346b7c">
        <TemplateObject name="targetId" id="2" objectName="bullet" isTemp="true" refParamName="" useRefParam="false" />
        <TemplateObject name="objectSpaceId" id="0" objectName="self" isTemp="false" refParamName="" useRefParam="false" />
        <String name="prefabName" value="prefab_characters/commonempty" refParamName="" useRefParam="false" />
        <Vector3i name="translation" x="-500" y="1500" z="-865" refParamName="" useRefParam="false" />
        <bool name="modifyDirection" value="true" refParamName="" useRefParam="false" />
        <Vector3i name="direction" x="0" y="0" z="0" refParamName="" useRefParam="false" />
        <TemplateObject name="materialParentActorId" id="0" objectName="self" isTemp="false" refParamName="" useRefParam="false" />
        <bool name="modifyScaling" value="true" refParamName="" useRefParam="false" />
        <TemplateObject name="visionActorId" id="0" objectName="self" isTemp="false" refParamName="" useRefParam="false" />
        <TemplateObject name="recordTargeID" id="-1" objectName="None" isTemp="false" refParamName="" useRefParam="false" />
      </Event>
    </Track>
    <Track trackName="CheckSkinIdTick3" eventType="CheckSkinIdTick" guid="488826a0-bd5f-4a6f-9159-1adbe2ac6335" enabled="true" useRefParam="false" refParamName="" r="0.000" g="0.000" b="0.000" execOnForceStopped="false" execOnActionCompleted="false" stopAfterLastEvent="true">
      <Event eventName="CheckSkinIdTick" time="0.000" isDuration="false" guid="68d82f2d-2aa5-4afe-98fc-910a23a3c717">
        <TemplateObject name="targetId" id="0" objectName="self" isTemp="false" refParamName="" useRefParam="false" />
        <int name="skinId" value="14110" refParamName="" useRefParam="false" />
        <bool name="bEqual" value="false" refParamName="" useRefParam="false" />
        <bool name="bSkipLogicCheck" value="true" refParamName="" useRefParam="false" />
      </Event>
    </Track>
    <Track trackName="checkskill" eventType="CheckSkinIdTick" guid="3423d857-bcd3-4bf8-bee6-3b1f3aa05bde" enabled="true" useRefParam="false" refParamName="" r="0.000" g="0.000" b="0.000" execOnForceStopped="false" execOnActionCompleted="false" stopAfterLastEvent="true">
      <Event eventName="CheckSkinIdTick" time="0.000" isDuration="false" guid="66cd23fd-b972-4a70-ace0-fe3a04826c98">
        <TemplateObject name="targetId" id="0" objectName="self" isTemp="false" refParamName="" useRefParam="false" />
        <int name="skinId" value="14111" refParamName="" useRefParam="false" />
        <bool name="bEqual" value="false" refParamName="" useRefParam="false" />
        <bool name="bSkipLogicCheck" value="true" refParamName="" useRefParam="false" />
      </Event>
    </Track>
    <Track trackName="checkskill" eventType="CheckSkinIdTick" guid="bb291be7-4557-4ceb-abdd-cab74c58ea66" enabled="true" useRefParam="false" refParamName="" r="0.000" g="0.000" b="0.000" execOnForceStopped="false" execOnActionCompleted="false" stopAfterLastEvent="true">
      <Event eventName="CheckSkinIdTick" time="0.000" isDuration="false" guid="02d92370-e75b-4da0-bc96-1272461a4f85">
        <TemplateObject name="targetId" id="0" objectName="self" isTemp="false" refParamName="" useRefParam="false" />
        <int name="skinId" value="14118" refParamName="" useRefParam="false" />
        <bool name="bEqual" value="false" refParamName="" useRefParam="false" />
        <bool name="bSkipLogicCheck" value="true" refParamName="" useRefParam="false" />
      </Event>
    </Track>
    <Track trackName="TriggerParticle6" eventType="TriggerParticle" guid="cba4b33e-88d9-41e9-a9f4-f0b89d7304d8" enabled="true" useRefParam="false" refParamName="" r="0.000" g="0.000" b="0.000" execOnForceStopped="false" execOnActionCompleted="false" stopAfterLastEvent="true">
      <Condition id="2" guid="3423d857-bcd3-4bf8-bee6-3b1f3aa05bde" status="true" />
      <Condition id="1" guid="488826a0-bd5f-4a6f-9159-1adbe2ac6335" status="true" />
      <Condition id="3" guid="bb291be7-4557-4ceb-abdd-cab74c58ea66" status="true" />
      <Event eventName="TriggerParticle" time="0.000" length="3.000" isDuration="true" guid="1912d2fe-6dea-4d01-9f24-74b093ef8355">
        <TemplateObject name="targetId" id="2" objectName="bullet" isTemp="true" refParamName="" useRefParam="false" />
        <String name="resourceName" value="prefab_skill_effects/hero_skill_effects/141_diaochan/14111/diaochan_fly_01" refParamName="" useRefParam="false" />
        <Vector3i name="scalingInt" x="10000" y="10000" z="10000" refParamName="" useRefParam="false" />
        <String name="syncAnimationName" value="" refParamName="" useRefParam="false" />
        <String name="customTagName" value="" refParamName="" useRefParam="false" />
      </Event>
    </Track>
    <Track trackName="14110" eventType="CheckSkinIdTick" guid="12509282-8509-42c5-bea1-31f443865551" enabled="true" useRefParam="false" refParamName="" r="0.000" g="0.000" b="0.000" execOnForceStopped="false" execOnActionCompleted="false" stopAfterLastEvent="true">
      <Event eventName="CheckSkinIdTick" time="0.000" isDuration="false" guid="c6bdc6eb-3ca3-40aa-bc9f-db18603a06ac">
        <TemplateObject name="targetId" id="0" objectName="self" isTemp="false" refParamName="" useRefParam="false" />
        <int name="skinId" value="14110" refParamName="" useRefParam="false" />
        <bool name="bSkipLogicCheck" value="true" refParamName="" useRefParam="false" />
      </Event>
    </Track>
    <Track trackName="胡旋舞专用" eventType="TriggerParticle" guid="d9958961-a841-4e3a-a74b-ccf8e4871b17" enabled="true" useRefParam="false" refParamName="" r="0.000" g="0.000" b="0.000" execOnForceStopped="false" execOnActionCompleted="false" stopAfterLastEvent="true">
      <Condition id="5" guid="12509282-8509-42c5-bea1-31f443865551" status="true" />
      <Event eventName="TriggerParticle" time="0.000" length="3.000" isDuration="true" guid="b1c7528c-ccf5-46d2-850f-b4b11d85babe">
        <TemplateObject name="targetId" id="2" objectName="bullet" isTemp="true" refParamName="" useRefParam="false" />
        <String name="resourceName" value="prefab_skill_effects/hero_skill_effects/141_diaochan/14111/DiaoChan_fly_spell02_b" refParamName="" useRefParam="false" />
        <Vector3i name="scalingInt" x="10000" y="10000" z="10000" refParamName="" useRefParam="false" />
        <String name="syncAnimationName" value="" refParamName="" useRefParam="false" />
        <String name="customTagName" value="" refParamName="" useRefParam="false" />
      </Event>
    </Track>
    <Track trackName="14117" eventType="CheckSkinIdTick" guid="1a38b427-70e8-4ab4-8e76-1300ac2f04c1" enabled="true" useRefParam="false" refParamName="" r="0.000" g="0.000" b="0.000" execOnForceStopped="false" execOnActionCompleted="false" stopAfterLastEvent="true">
      <Event eventName="CheckSkinIdTick" time="0.000" isDuration="false" guid="60276384-2a6f-4d22-a2ee-cf284684891e">
        <TemplateObject name="targetId" id="0" objectName="self" isTemp="false" refParamName="" useRefParam="false" />
        <int name="skinId" value="14117" refParamName="" useRefParam="false" />
        <bool name="bSkipLogicCheck" value="true" refParamName="" useRefParam="false" />
      </Event>
    </Track>
    <Track trackName="14117" eventType="TriggerParticle" guid="99756fab-f055-4063-aafa-3f542de6f3d3" enabled="true" useRefParam="false" refParamName="" r="0.000" g="0.000" b="0.000" execOnForceStopped="false" execOnActionCompleted="false" stopAfterLastEvent="true">
      <Condition id="7" guid="1a38b427-70e8-4ab4-8e76-1300ac2f04c1" status="true" />
      <Event eventName="TriggerParticle" time="0.000" length="3.000" isDuration="true" guid="f157fd0d-5662-4c5e-bb14-7ace0d23905b">
        <TemplateObject name="targetId" id="2" objectName="bullet" isTemp="true" refParamName="" useRefParam="false" />
        <String name="resourceName" value="prefab_skill_effects/hero_skill_effects/141_diaochan/14111/DiaoChan_fly_spell02_b" refParamName="" useRefParam="false" />
        <Vector3i name="scalingInt" x="10000" y="10000" z="10000" refParamName="" useRefParam="false" />
        <String name="syncAnimationName" value="" refParamName="" useRefParam="false" />
        <String name="customTagName" value="" refParamName="" useRefParam="false" />
      </Event>
    </Track>
    <Track trackName="14111" eventType="CheckSkinIdTick" guid="e2733932-b9a5-4b71-bf87-7df43ac4a214" enabled="true" useRefParam="false" refParamName="" r="0.000" g="0.000" b="0.000" execOnForceStopped="false" execOnActionCompleted="false" stopAfterLastEvent="true">
      <Event eventName="CheckSkinIdTick" time="0.000" isDuration="false" guid="b3409918-65e7-462a-8213-51e0f111f637">
        <TemplateObject name="targetId" id="0" objectName="self" isTemp="false" refParamName="" useRefParam="false" />
        <int name="skinId" value="14111" refParamName="" useRefParam="false" />
        <bool name="bSkipLogicCheck" value="true" refParamName="" useRefParam="false" />
      </Event>
    </Track>
    <Track trackName="NOBUFF" eventType="CheckSkillCombineConditionTick" guid="e1951bd6-30ac-4739-a502-298aafc4fc79" enabled="true" useRefParam="false" refParamName="" r="0.000" g="0.000" b="0.000" execOnForceStopped="false" execOnActionCompleted="false" stopAfterLastEvent="true">
      <Condition id="9" guid="e2733932-b9a5-4b71-bf87-7df43ac4a214" status="true" />
      <Event eventName="CheckSkillCombineConditionTick" time="0.000" isDuration="false" guid="ff1d9c90-d101-4099-a52d-add321d24f9e">
        <TemplateObject name="targetId" id="0" objectName="self" isTemp="false" refParamName="" useRefParam="false" />
        <int name="skillCombineId" value="141920" refParamName="" useRefParam="false" />
        <Enum name="checkOPType" value="1" refParamName="" useRefParam="false" />
        <int name="skillCombineLevel" value="1" refParamName="" useRefParam="false" />
      </Event>
    </Track>
    <Track trackName="BUFF" eventType="CheckSkillCombineConditionTick" guid="b5b7bb33-9e90-424a-b5d6-5bf7c0735aa4" enabled="true" useRefParam="false" refParamName="" r="0.000" g="0.000" b="0.000" execOnForceStopped="false" execOnActionCompleted="false" stopAfterLastEvent="true">
      <Condition id="9" guid="e2733932-b9a5-4b71-bf87-7df43ac4a214" status="true" />
      <Event eventName="CheckSkillCombineConditionTick" time="0.000" isDuration="false" guid="cef361bd-9e1e-4e5a-939a-0f33027149d6">
        <TemplateObject name="targetId" id="0" objectName="self" isTemp="false" refParamName="" useRefParam="false" />
        <int name="skillCombineId" value="141920" refParamName="" useRefParam="false" />
        <Enum name="checkOPType" value="5" refParamName="" useRefParam="false" />
        <int name="skillCombineLevel" value="1" refParamName="" useRefParam="false" />
      </Event>
    </Track>
    <Track trackName="trigger" eventType="TriggerParticle" guid="549d813a-c5a1-47ff-8c4a-2cadb6e252bd" enabled="true" useRefParam="false" refParamName="" r="0.000" g="0.000" b="0.000" execOnForceStopped="false" execOnActionCompleted="false" stopAfterLastEvent="true">
      <Condition id="10" guid="e1951bd6-30ac-4739-a502-298aafc4fc79" status="true" />
      <Condition id="9" guid="e2733932-b9a5-4b71-bf87-7df43ac4a214" status="true" />
      <Event eventName="TriggerParticle" time="0.000" length="3.000" isDuration="true" guid="75279f7f-e2d6-4fc6-b5f8-39d41d5fa42b">
        <TemplateObject name="targetId" id="2" objectName="bullet" isTemp="true" refParamName="" useRefParam="false" />
        <String name="resourceName" value="prefab_skill_effects/hero_skill_effects/141_diaochan/14111/DiaoChan_spell_02_fly" refParamName="" useRefParam="false" />
        <Vector3i name="scalingInt" x="10000" y="10000" z="10000" refParamName="" useRefParam="false" />
        <String name="syncAnimationName" value="" refParamName="" useRefParam="false" />
        <String name="customTagName" value="" refParamName="" useRefParam="false" />
      </Event>
    </Track>
    <Track trackName="trigger" eventType="TriggerParticle" guid="315c1867-d11f-4a34-9445-59afb39951b9" enabled="true" useRefParam="false" refParamName="" r="0.000" g="0.000" b="0.000" execOnForceStopped="false" execOnActionCompleted="false" stopAfterLastEvent="true">
      <Condition id="11" guid="b5b7bb33-9e90-424a-b5d6-5bf7c0735aa4" status="true" />
      <Condition id="9" guid="e2733932-b9a5-4b71-bf87-7df43ac4a214" status="true" />
      <Event eventName="TriggerParticle" time="0.000" length="3.000" isDuration="true" guid="4d6d9db7-b5e4-4ee2-87bd-f72338e1a38b">
        <TemplateObject name="targetId" id="2" objectName="bullet" isTemp="true" refParamName="" useRefParam="false" />
        <String name="resourceName" value="prefab_skill_effects/hero_skill_effects/141_diaochan/14111/DiaoChan_spell_02_fly_S" refParamName="" useRefParam="false" />
        <Vector3i name="scalingInt" x="10000" y="10000" z="10000" refParamName="" useRefParam="false" />
        <String name="syncAnimationName" value="" refParamName="" useRefParam="false" />
        <String name="customTagName" value="" refParamName="" useRefParam="false" />
      </Event>
    </Track>
    <Track trackName="14111" eventType="CheckSkinIdTick" guid="870c97e8-1592-4e85-b246-1f467375d26c" enabled="true" useRefParam="false" refParamName="" r="0.000" g="0.000" b="0.000" execOnForceStopped="false" execOnActionCompleted="false" stopAfterLastEvent="true">
      <Event eventName="CheckSkinIdTick" time="0.000" isDuration="false" guid="d2f78213-9400-4235-898f-952f28422c38">
        <TemplateObject name="targetId" id="0" objectName="self" isTemp="false" refParamName="" useRefParam="false" />
        <int name="skinId" value="14118" refParamName="" useRefParam="false" />
        <bool name="bSkipLogicCheck" value="true" refParamName="" useRefParam="false" />
      </Event>
    </Track>
    <Track trackName="NOBUFF" eventType="CheckSkillCombineConditionTick" guid="73595d8d-8bc1-4a39-b040-ecd98707d7c2" enabled="true" useRefParam="false" refParamName="" r="0.000" g="0.000" b="0.000" execOnForceStopped="false" execOnActionCompleted="false" stopAfterLastEvent="true">
      <Condition id="14" guid="870c97e8-1592-4e85-b246-1f467375d26c" status="true" />
      <Event eventName="CheckSkillCombineConditionTick" time="0.000" isDuration="false" guid="8f2f01ee-2ebe-4cc6-bc40-120b64eacc78">
        <TemplateObject name="targetId" id="0" objectName="self" isTemp="false" refParamName="" useRefParam="false" />
        <int name="skillCombineId" value="141921" refParamName="" useRefParam="false" />
        <Enum name="checkOPType" value="1" refParamName="" useRefParam="false" />
        <int name="skillCombineLevel" value="1" refParamName="" useRefParam="false" />
      </Event>
    </Track>
    <Track trackName="BUFF" eventType="CheckSkillCombineConditionTick" guid="e10b488d-b970-4bbe-8b24-7819e58401ef" enabled="true" useRefParam="false" refParamName="" r="0.000" g="0.000" b="0.000" execOnForceStopped="false" execOnActionCompleted="false" stopAfterLastEvent="true">
      <Condition id="14" guid="870c97e8-1592-4e85-b246-1f467375d26c" status="true" />
      <Event eventName="CheckSkillCombineConditionTick" time="0.000" isDuration="false" guid="b3e330bc-7d03-4065-88d3-2b9887f10f20">
        <TemplateObject name="targetId" id="0" objectName="self" isTemp="false" refParamName="" useRefParam="false" />
        <int name="skillCombineId" value="141921" refParamName="" useRefParam="false" />
        <Enum name="checkOPType" value="5" refParamName="" useRefParam="false" />
        <int name="skillCombineLevel" value="1" refParamName="" useRefParam="false" />
      </Event>
    </Track>
    <Track trackName="trigger" eventType="TriggerParticle" guid="57dff67d-0345-42b5-9656-5b5821e23815" enabled="true" useRefParam="false" refParamName="" r="0.000" g="0.000" b="0.000" execOnForceStopped="false" execOnActionCompleted="false" stopAfterLastEvent="true">
      <Condition id="15" guid="73595d8d-8bc1-4a39-b040-ecd98707d7c2" status="true" />
      <Condition id="14" guid="870c97e8-1592-4e85-b246-1f467375d26c" status="true" />
      <Event eventName="TriggerParticle" time="0.000" length="3.000" isDuration="true" guid="b7adc780-a242-4248-bf9f-89d820c73034">
        <TemplateObject name="targetId" id="2" objectName="bullet" isTemp="true" refParamName="" useRefParam="false" />
        <String name="resourceName" value="prefab_skill_effects/hero_skill_effects/141_diaochan/14111/DiaoChan_fly_spell02_b" refParamName="" useRefParam="false" />
        <Vector3i name="scalingInt" x="10000" y="10000" z="10000" refParamName="" useRefParam="false" />
        <String name="syncAnimationName" value="" refParamName="" useRefParam="false" />
        <String name="customTagName" value="" refParamName="" useRefParam="false" />
      </Event>
    </Track>
    <Track trackName="trigger" eventType="TriggerParticle" guid="ae760a39-a699-4b98-8f18-64fbbc0eb6ec" enabled="true" useRefParam="false" refParamName="" r="0.000" g="0.000" b="0.000" execOnForceStopped="false" execOnActionCompleted="false" stopAfterLastEvent="true">
      <Condition id="16" guid="e10b488d-b970-4bbe-8b24-7819e58401ef" status="true" />
      <Condition id="14" guid="870c97e8-1592-4e85-b246-1f467375d26c" status="true" />
      <Event eventName="TriggerParticle" time="0.000" length="3.000" isDuration="true" guid="92e014ed-82e8-4313-b407-02e3fe1be60c">
        <TemplateObject name="targetId" id="2" objectName="bullet" isTemp="true" refParamName="" useRefParam="false" />
        <String name="resourceName" value="prefab_skill_effects/hero_skill_effects/141_diaochan/14111/DiaoChan_fly_spell02_b_1" refParamName="" useRefParam="false" />
        <Vector3i name="scalingInt" x="10000" y="10000" z="10000" refParamName="" useRefParam="false" />
        <String name="syncAnimationName" value="" refParamName="" useRefParam="false" />
        <String name="customTagName" value="" refParamName="" useRefParam="false" />
      </Event>
    </Track>
    <Track trackName="MoveBullet" eventType="MoveBulletDuration" guid="09805859-49f5-4ed0-8a41-b9b2b75ce864" enabled="true" useRefParam="false" refParamName="" r="0.000" g="0.000" b="0.000" execOnForceStopped="false" execOnActionCompleted="false" stopAfterLastEvent="true">
      <Event eventName="MoveBulletDuration" time="0.000" length="3.000" isDuration="true" guid="4f4660e6-5436-4adf-812d-d2cc8bcf6b8f">
        <TemplateObject name="targetId" id="2" objectName="bullet" isTemp="true" refParamName="" useRefParam="false" />
        <TemplateObject name="destId" id="1" objectName="target" isTemp="false" refParamName="" useRefParam="false" />
        <int name="distance" value="15000" refParamName="" useRefParam="false" />
        <int name="velocity" value="2000" refParamName="" useRefParam="false" />
        <int name="acceleration" value="32000" refParamName="" useRefParam="false" />
      </Event>
    </Track>
    <Track trackName="HitTriggerTick0" eventType="HitTriggerTick" guid="b0c8405b-3ea3-4669-ae2b-e6248ef7ecb8" enabled="true" useRefParam="false" refParamName="" r="0.000" g="0.000" b="0.000" execOnForceStopped="false" execOnActionCompleted="false" stopAfterLastEvent="true">
      <Condition id="19" guid="09805859-49f5-4ed0-8a41-b9b2b75ce864" status="true" />
      <Event eventName="HitTriggerTick" time="0.000" isDuration="false" guid="3828b93d-0b84-42a5-8533-7c6955c29ceb">
        <TemplateObject name="targetId" id="0" objectName="self" isTemp="false" refParamName="" useRefParam="false" />
        <bool name="lastHit" value="true" refParamName="" useRefParam="false" />
        <int name="TargetSkillCombine_1" value="141200" refParamName="" useRefParam="false" />
        <int name="TargetSkillCombine_2" value="141904" refParamName="" useRefParam="false" />
        <TemplateObject name="triggerId" id="-1" objectName="None" isTemp="false" refParamName="" useRefParam="false" />
      </Event>
    </Track>
    <Track trackName="StopAction2" eventType="StopAction" guid="2e8262f5-daec-4c95-98de-e904858ace53" enabled="true" useRefParam="false" refParamName="" r="0.000" g="0.000" b="0.000" execOnForceStopped="false" execOnActionCompleted="false" stopAfterLastEvent="true">
      <Condition id="19" guid="09805859-49f5-4ed0-8a41-b9b2b75ce864" status="true" />
      <Event eventName="StopAction" time="0.000" isDuration="false" guid="1c5e38af-12fa-446a-8195-b077b7ad1ab8">
        <bool name="bImmeStop" value="true" refParamName="" useRefParam="false" />
      </Event>
    </Track>
  </Action>
</Project>