﻿<?xml version="1.0" encoding="utf-8"?>
<Project>
  <TemplateObjectList>
    <TemplateObject id="0" objectName="self" isTemp="false" />
    <TemplateObject id="1" objectName="target" isTemp="false" />
  </TemplateObjectList>
  <RefParamList>
    <Vector3i name="_BulletDir" x="0" y="0" z="0" refParamName="" useRefParam="false" />
  </RefParamList>
  <Action tag="" length="0.500" loop="false">
    <Track trackName="FilterTargetType6" eventType="FilterTargetType" guid="20f64bb4-0d0e-40ed-91b4-7ee34475407e" enabled="true" useRefParam="false" refParamName="" r="0.000" g="0.000" b="0.000" execOnForceStopped="false" execOnActionCompleted="false" stopAfterLastEvent="true">
      <Event eventName="FilterTargetType" time="0.000" isDuration="false" guid="5cfcacd5-a9e4-46e7-b86e-bcb56eab0fd3">
        <TemplateObject name="targetId" id="1" objectName="target" isTemp="false" refParamName="" useRefParam="false" />
        <bool name="bFilterHero" value="true" refParamName="" useRefParam="false" />
        <bool name="bFilterBoss" value="true" refParamName="" useRefParam="false" />
        <bool name="bFilterOrgan" value="true" refParamName="" useRefParam="false" />
      </Event>
    </Track>
    <Track trackName="SetBehaviourModeTick10" eventType="SetBehaviourModeTick" guid="87baf434-d6ab-4737-b31b-1775742aa4ee" enabled="true" useRefParam="false" refParamName="" r="0.000" g="0.000" b="0.000" execOnForceStopped="false" execOnActionCompleted="false" stopAfterLastEvent="true">
      <Condition id="0" guid="20f64bb4-0d0e-40ed-91b4-7ee34475407e" status="true" />
      <Event eventName="SetBehaviourModeTick" time="0.000" isDuration="false" guid="482db28d-ba93-48f7-beab-cc9090af97b8">
        <TemplateObject name="targetId" id="1" objectName="target" isTemp="false" refParamName="" useRefParam="false" />
        <bool name="clearMove" value="true" refParamName="" useRefParam="false" />
        <bool name="stopCurSkill" value="true" refParamName="" useRefParam="false" />
      </Event>
    </Track>
    <Track trackName="非12608" eventType="CheckSkinIdVirtualTick" guid="57a16ad8-d15d-4d8d-9b6a-ff60c1f7ab03" enabled="true" useRefParam="false" refParamName="" r="0.000" g="0.000" b="0.000" execOnForceStopped="false" execOnActionCompleted="false" stopAfterLastEvent="true">
      <Event eventName="CheckSkinIdVirtualTick" time="0.000" isDuration="false" guid="bca08ad9-e5c2-43e4-8d4f-858f25781b49">
        <TemplateObject name="targetId" id="0" objectName="self" isTemp="false" refParamName="" useRefParam="false" />
        <int name="skinId" value="12698" refParamName="" useRefParam="false" />
      </Event>
    </Track>
    <Track trackName="12608" eventType="CheckSkinIdVirtualTick" guid="326c7e87-22cf-40c2-8505-b2686749a389" enabled="true" useRefParam="false" refParamName="" r="0.000" g="0.000" b="0.000" execOnForceStopped="false" execOnActionCompleted="false" stopAfterLastEvent="true">
      <Event eventName="CheckSkinIdVirtualTick" time="0.000" isDuration="false" guid="8e48d2c9-e329-4781-be59-b3379d79ce0c">
        <TemplateObject name="targetId" id="0" objectName="self" isTemp="false" refParamName="" useRefParam="false" />
        <int name="skinId" value="12698" refParamName="" useRefParam="false" />
        <bool name="useNegateValue" value="true" refParamName="" useRefParam="false" />
      </Event>
    </Track>
    <Track trackName="12608" eventType="TriggerParticleTick" guid="af5b57d6-c54c-4641-aa1d-ea902f14a883" enabled="true" useRefParam="false" refParamName="" r="0.000" g="0.000" b="0.000" execOnForceStopped="false" execOnActionCompleted="false" stopAfterLastEvent="true">
      <Condition id="3" guid="326c7e87-22cf-40c2-8505-b2686749a389" status="true" />
      <Event eventName="TriggerParticleTick" time="0.000" isDuration="false" guid="1b116afb-5c79-43e1-9e42-9eb710758de6">
        <TemplateObject name="targetId" id="-1" objectName="None" isTemp="false" refParamName="" useRefParam="false" />
        <TemplateObject name="objectSpaceId" id="1" objectName="target" isTemp="false" refParamName="" useRefParam="false" />
        <String name="resourceName" value="prefab_skill_effects/hero_skill_effects/126_xiahoudun/xiahoudun_hurt03" refParamName="" useRefParam="false" />
        <Vector3 name="bindPosOffset" x="0.000" y="1.000" z="0.000" refParamName="" useRefParam="false" />
        <EulerAngle name="bindRotOffset" x="0.000" y="260.000" z="0.000" refParamName="" useRefParam="false" />
        <bool name="bBulletDir" value="true" refParamName="" useRefParam="false" />
      </Event>
    </Track>
    <Track trackName="TriggerParticleTick0" eventType="TriggerParticleTick" guid="a66c0c5d-659b-4258-b6f7-6630f5046041" enabled="true" useRefParam="false" refParamName="" r="0.000" g="0.000" b="0.000" execOnForceStopped="false" execOnActionCompleted="false" stopAfterLastEvent="true">
      <Condition id="2" guid="57a16ad8-d15d-4d8d-9b6a-ff60c1f7ab03" status="true" />
      <Event eventName="TriggerParticleTick" time="0.000" isDuration="false" guid="21deedf6-5948-49a1-8c99-ad8020073564">
        <TemplateObject name="targetId" id="-1" objectName="None" isTemp="false" refParamName="" useRefParam="false" />
        <TemplateObject name="objectSpaceId" id="1" objectName="target" isTemp="false" refParamName="" useRefParam="false" />
        <String name="resourceName" value="prefab_skill_effects/hero_skill_effects/126_xiahoudun/xiahoudun_hurt01" refParamName="" useRefParam="false" />
        <Vector3 name="bindPosOffset" x="0.000" y="1.000" z="0.000" refParamName="" useRefParam="false" />
        <EulerAngle name="bindRotOffset" x="0.000" y="260.000" z="0.000" refParamName="" useRefParam="false" />
        <bool name="bBulletDir" value="true" refParamName="" useRefParam="false" />
      </Event>
    </Track>
    <Track trackName="SkillFuncInstant0" eventType="SkillFuncInstant" guid="8d09eb2f-50ed-4358-a741-27ca7e1a94dd" enabled="true" useRefParam="false" refParamName="" r="0.000" g="0.000" b="0.000" execOnForceStopped="false" execOnActionCompleted="false" stopAfterLastEvent="true">
      <Event eventName="SkillFuncInstant" time="0.000" isDuration="false" guid="66a88f06-4eda-43fb-b140-07d95b4299bb" />
    </Track>
    <Track trackName="PlayAnimDuration0" eventType="PlayAnimDuration" guid="054f0381-8ca7-4d6e-8f04-fad5e72ced28" enabled="true" useRefParam="false" refParamName="" r="0.000" g="0.000" b="0.000" execOnForceStopped="false" execOnActionCompleted="false" stopAfterLastEvent="true">
      <Condition id="0" guid="20f64bb4-0d0e-40ed-91b4-7ee34475407e" status="true" />
      <Event eventName="PlayAnimDuration" time="0.000" length="0.500" isDuration="true" guid="fdc77cc0-c185-4b4f-ab3c-e76242848612">
        <TemplateObject name="targetId" id="1" objectName="target" isTemp="false" refParamName="" useRefParam="false" />
        <String name="clipName" value="Hit" refParamName="" useRefParam="false" />
        <float name="crossFadeTime" value="0.100" refParamName="" useRefParam="false" />
      </Event>
    </Track>
    <Track trackName="ForbidAbilityDuration0" eventType="ForbidAbilityDuration" guid="ea2e92aa-5f37-46c3-aa5c-46ff03c82106" enabled="true" useRefParam="false" refParamName="" r="0.000" g="0.000" b="0.000" execOnForceStopped="false" execOnActionCompleted="false" stopAfterLastEvent="true">
      <Condition id="0" guid="20f64bb4-0d0e-40ed-91b4-7ee34475407e" status="true" />
      <Event eventName="ForbidAbilityDuration" time="0.000" length="0.500" isDuration="true" guid="fa01fa63-3009-4678-ba21-a53da2b017fa">
        <TemplateObject name="attackerId" id="1" objectName="target" isTemp="false" refParamName="" useRefParam="false" />
        <bool name="forbidMove" value="true" refParamName="" useRefParam="false" />
        <bool name="forbidSkill" value="true" refParamName="" useRefParam="false" />
        <bool name="forbidMoveRotate" value="true" refParamName="" useRefParam="false" />
      </Event>
    </Track>
    <Track trackName="PlayHeroSoundTick4" eventType="PlayHeroSoundTick" guid="07c8d43b-f080-484e-b932-e877d2d1624d" enabled="true" useRefParam="false" refParamName="" r="0.000" g="0.000" b="0.000" execOnForceStopped="false" execOnActionCompleted="false" stopAfterLastEvent="true">
      <Event eventName="PlayHeroSoundTick" time="0.000" isDuration="false" guid="bd9c4745-23be-4e74-91c9-3cfabb3b22e9">
        <TemplateObject name="targetId" id="1" objectName="target" isTemp="false" refParamName="" useRefParam="false" />
        <TemplateObject name="sourceId" id="0" objectName="self" isTemp="false" refParamName="" useRefParam="false" />
        <String name="eventName" value="Play_126_Arduin_Attack_Hit_1" refParamName="" useRefParam="false" />
      </Event>
    </Track>
    <Track trackName="非12608" eventType="CheckSkinIdVirtualTick" guid="f576c724-2617-419a-af4d-6639ff17a102" enabled="true" useRefParam="false" refParamName="" r="0.000" g="0.000" b="0.000" execOnForceStopped="false" execOnActionCompleted="false" stopAfterLastEvent="true">
      <Event eventName="CheckSkinIdVirtualTick" time="0.000" isDuration="false" guid="8a7bc223-3d12-4239-b5b1-563c9e57a455">
        <TemplateObject name="targetId" id="0" objectName="self" isTemp="false" refParamName="" useRefParam="false" />
        <int name="skinId" value="12608" refParamName="" useRefParam="false" />
        <bool name="useNegateValue" value="true" refParamName="" useRefParam="false" />
      </Event>
    </Track>
    <Track trackName="12608" eventType="CheckSkinIdVirtualTick" guid="5165cb06-9807-44ce-9f45-c5d46ee43f93" enabled="true" useRefParam="false" refParamName="" r="0.000" g="0.000" b="0.000" execOnForceStopped="false" execOnActionCompleted="false" stopAfterLastEvent="true">
      <Event eventName="CheckSkinIdVirtualTick" time="0.000" isDuration="false" guid="9e1b4495-8730-4e24-a97e-86a7ac5ce5a9">
        <TemplateObject name="targetId" id="0" objectName="self" isTemp="false" refParamName="" useRefParam="false" />
        <int name="skinId" value="12608" refParamName="" useRefParam="false" />
      </Event>
    </Track>
  </Action>
</Project>