﻿<?xml version="1.0" encoding="utf-8"?>
<Project>
  <TemplateObjectList>
    <TemplateObject id="0" objectName="self" isTemp="false" />
    <TemplateObject id="1" objectName="target" isTemp="false" />
    <TemplateObject id="2" objectName="bullet" isTemp="true" />
  </TemplateObjectList>
  <RefParamList>
    <Vector3i name="_TargetDir" x="0" y="0" z="0" refParamName="" useRefParam="false" />
    <Vector3i name="_TargetPos" x="0" y="0" z="0" refParamName="" useRefParam="false" />
  </RefParamList>
  <Action tag="" length="0.200" loop="false">
    <Track trackName="CheckSkinIdTick0" eventType="CheckSkinIdTick" guid="eb4eecea-53ad-4a39-993a-77aa0a3016f5" enabled="true" useRefParam="false" refParamName="" r="0.000" g="0.000" b="0.000" execOnForceStopped="false" execOnActionCompleted="false" stopAfterLastEvent="true">
      <Event eventName="CheckSkinIdTick" time="0.000" isDuration="false" guid="a10a6b8c-47fd-43f1-bc80-5025f62d1ed9">
        <TemplateObject name="targetId" id="0" objectName="self" isTemp="false" refParamName="" useRefParam="false" />
        <int name="skinId" value="13196" refParamName="" useRefParam="false" />
		<bool name="bEqual" value="false" refParamName="" useRefParam="false" />
        <bool name="bSkipLogicCheck" value="true" refParamName="" useRefParam="false" />
      </Event>
    </Track>
    <Track trackName="BUFF1" eventType="CheckSkillCombineConditionTick" guid="76024692-2360-4405-a5be-203300de7203" enabled="false" useRefParam="false" refParamName="" r="0.000" g="0.000" b="0.000" execOnForceStopped="false" execOnActionCompleted="false" stopAfterLastEvent="true">
      <Condition id="0" guid="eb4eecea-53ad-4a39-993a-77aa0a3016f5" status="true" />
      <Event eventName="CheckSkillCombineConditionTick" time="0.000" isDuration="false" guid="9c683741-a6f0-40d6-be6a-9fa85448ae33">
        <TemplateObject name="targetId" id="0" objectName="self" isTemp="false" refParamName="" useRefParam="false" />
        <int name="skillCombineId" value="131940" refParamName="" useRefParam="false" />
        <Enum name="checkOPType" value="3" EnumValue="等于" refParamName="" useRefParam="false" />
        <int name="skillCombineLevel" value="1" refParamName="" useRefParam="false" />
      </Event>
    </Track>
    <Track trackName="RemoveBuffTick0" eventType="RemoveBuffTick" guid="e9b379f4-c9f9-4e91-9033-9c68b54b67e3" enabled="true" useRefParam="false" refParamName="" r="0.000" g="0.000" b="0.000" execOnForceStopped="false" execOnActionCompleted="false" stopAfterLastEvent="true">
      <Condition id="0" guid="eb4eecea-53ad-4a39-993a-77aa0a3016f5" status="true" />
      <Event eventName="RemoveBuffTick" time="0.000" isDuration="false" guid="f805e934-688d-4c65-a4dc-5b1f87d29ee6">
        <TemplateObject name="targetId" id="0" objectName="self" isTemp="false" refParamName="" useRefParam="false" />
        <int name="buffId" value="131981" refParamName="" useRefParam="false" />
      </Event>
    </Track>
    <Track trackName="RemoveBuffTick0" eventType="RemoveBuffTick" guid="cb9e645d-5e6c-44b3-80f2-12c4af64043b" enabled="true" useRefParam="false" refParamName="" r="0.000" g="0.000" b="0.000" execOnForceStopped="false" execOnActionCompleted="false" stopAfterLastEvent="true">
      <Condition id="0" guid="eb4eecea-53ad-4a39-993a-77aa0a3016f5" status="true" />
      <Event eventName="RemoveBuffTick" time="0.000" isDuration="false" guid="75f4047a-f8a1-4fde-95d9-c201ead24d9d">
        <TemplateObject name="targetId" id="0" objectName="self" isTemp="false" refParamName="" useRefParam="false" />
        <int name="buffId" value="131982" refParamName="" useRefParam="false" />
      </Event>
    </Track>
    <Track trackName="RemoveBuffTick0" eventType="RemoveBuffTick" guid="0f3198c1-e1e3-49de-9eba-162ae6c82dfd" enabled="true" useRefParam="false" refParamName="" r="0.000" g="0.000" b="0.000" execOnForceStopped="false" execOnActionCompleted="false" stopAfterLastEvent="true">
      <Condition id="0" guid="eb4eecea-53ad-4a39-993a-77aa0a3016f5" status="true" />
      <Event eventName="RemoveBuffTick" time="0.000" isDuration="false" guid="bfe37c53-fa2c-4071-a5c7-f704e1cb25fb">
        <TemplateObject name="targetId" id="0" objectName="self" isTemp="false" refParamName="" useRefParam="false" />
        <int name="buffId" value="131983" refParamName="" useRefParam="false" />
      </Event>
    </Track>
    <Track trackName="RemoveBuffTick0" eventType="RemoveBuffTick" guid="a191e778-7c62-4f6e-896f-c02fc378c6f9" enabled="true" useRefParam="false" refParamName="" r="0.000" g="0.000" b="0.000" execOnForceStopped="false" execOnActionCompleted="false" stopAfterLastEvent="true">
      <Condition id="0" guid="eb4eecea-53ad-4a39-993a-77aa0a3016f5" status="true" />
      <Event eventName="RemoveBuffTick" time="0.000" isDuration="false" guid="9f83e913-9031-4dad-8071-82060e7ee48d">
        <TemplateObject name="targetId" id="0" objectName="self" isTemp="false" refParamName="" useRefParam="false" />
        <int name="buffId" value="131984" refParamName="" useRefParam="false" />
      </Event>
    </Track>
    <Track trackName="HitTriggerTick0" eventType="HitTriggerTick" guid="3395e1e8-7f65-4ed0-a921-da29c1b83c3b" enabled="true" useRefParam="false" refParamName="" r="0.000" g="0.000" b="0.000" execOnForceStopped="false" execOnActionCompleted="false" stopAfterLastEvent="true">
      <Condition id="0" guid="eb4eecea-53ad-4a39-993a-77aa0a3016f5" status="true" />
      <Condition id="-1" guid="" status="true" />
      <Event eventName="HitTriggerTick" time="0.000" isDuration="false" guid="5771e13d-bce0-4609-8851-89ff8d2387cb">
        <TemplateObject name="targetId" id="0" objectName="self" isTemp="false" refParamName="" useRefParam="false" />
        <int name="SelfSkillCombineID_1" value="131984" refParamName="" useRefParam="false" />
      </Event>
    </Track>
    <Track trackName="HitTriggerTick0" eventType="HitTriggerTick" guid="e67eb3a9-e261-4904-861f-09b4c29aa401" enabled="true" useRefParam="false" refParamName="" r="0.000" g="0.000" b="0.000" execOnForceStopped="false" execOnActionCompleted="false" stopAfterLastEvent="true">
      <Condition id="0" guid="eb4eecea-53ad-4a39-993a-77aa0a3016f5" status="true" />
      <Event eventName="HitTriggerTick" time="0.000" isDuration="false" guid="728b7bfe-250e-41dc-968a-0e0d4f174f2b">
        <TemplateObject name="targetId" id="0" objectName="self" isTemp="false" refParamName="" useRefParam="false" />
        <int name="SelfSkillCombineID_1" value="131981" refParamName="" useRefParam="false" />
        <int name="SelfSkillCombineID_2" value="131982" refParamName="" useRefParam="false" />
        <int name="SelfSkillCombineID_3" value="131983" refParamName="" useRefParam="false" />
      </Event>
    </Track>
    <Track trackName="增加穿透|移除大招禁用" eventType="HitTriggerTick" guid="0977d3e8-7746-47c0-b130-62b289ad1c9f" enabled="true" useRefParam="false" refParamName="" r="0.000" g="0.000" b="0.000" execOnForceStopped="false" execOnActionCompleted="false" stopAfterLastEvent="true">
      <Event eventName="HitTriggerTick" time="0.000" isDuration="false" guid="1f48c27d-cd4e-4b49-bfd3-3259b7862ca7">
        <TemplateObject name="targetId" id="0" objectName="self" isTemp="false" refParamName="" useRefParam="false" />
        <int name="SelfSkillCombineID_1" value="131950" refParamName="" useRefParam="false" />
        <int name="SelfSkillCombineID_2" value="131970" refParamName="" useRefParam="false" />
        <TemplateObject name="triggerId" id="-1" objectName="None" isTemp="false" refParamName="" useRefParam="false" />
      </Event>
    </Track>
    <Track trackName="TriggerParticleTick0" eventType="TriggerParticleTick" guid="02cf74a3-b7c7-4a56-9f42-65723afd2c08" enabled="true" useRefParam="false" refParamName="" r="0.000" g="0.000" b="0.000" execOnForceStopped="false" execOnActionCompleted="false" stopAfterLastEvent="true">
      <Event eventName="TriggerParticleTick" time="0.000" isDuration="false" guid="0679701a-7719-4996-9d78-2879b3038644">
        <TemplateObject name="targetId" id="0" objectName="self" isTemp="false" refParamName="" useRefParam="false" />
        <TemplateObject name="objectSpaceId" id="0" objectName="self" isTemp="false" refParamName="" useRefParam="false" />
        <String name="resourceName" value="prefab_skill_effects/hero_skill_effects/131_libai/libai_buff_06" refParamName="" useRefParam="false" />
        <float name="lifeTime" value="3.000" refParamName="" useRefParam="false" />
        <Vector3i name="scalingInt" x="10000" y="10000" z="10000" refParamName="" useRefParam="false" />
        <bool name="applyActionSpeedToAnimation" value="true" refParamName="" useRefParam="false" />
      </Event>
    </Track>
    <Track trackName="PlayHeroSoundTick0" eventType="PlayHeroSoundTick" guid="b4592a94-3b55-4d25-89be-13bbd847fc2e" enabled="true" useRefParam="false" refParamName="" r="0.000" g="0.000" b="0.000" execOnForceStopped="false" execOnActionCompleted="false" stopAfterLastEvent="true">
      <Event eventName="PlayHeroSoundTick" time="0.000" isDuration="false" guid="1e0b6e16-c354-4743-b533-c2e1c2b71bba">
        <TemplateObject name="targetId" id="0" objectName="self" isTemp="false" refParamName="" useRefParam="false" />
        <TemplateObject name="sourceId" id="0" objectName="self" isTemp="false" refParamName="" useRefParam="false" />
        <String name="eventName" value="Play_131_Morad_Passive" refParamName="" useRefParam="false" />
        <Array name="extraSkinId" refParamName="" useRefParam="false" type="uint">
          <uint value="11" />
        </Array>
      </Event>
    </Track>
    <Track trackName="增加印记" eventType="HitTriggerTick" guid="6c8b190d-fe58-4180-9e3c-b49efe6093a0" enabled="false" useRefParam="false" refParamName="" r="0.000" g="0.000" b="0.000" execOnForceStopped="false" execOnActionCompleted="false" stopAfterLastEvent="true">
      <Event eventName="HitTriggerTick" time="0.000" isDuration="false" guid="834d12a3-6e8a-4475-9e29-0372a1042642">
        <TemplateObject name="targetId" id="0" objectName="self" isTemp="false" refParamName="" useRefParam="false" />
        <int name="SelfSkillCombineID_1" value="131901" refParamName="" useRefParam="false" />
        <TemplateObject name="triggerId" id="-1" objectName="None" isTemp="false" refParamName="" useRefParam="false" />
      </Event>
    </Track>
    <Track trackName="增加印记" eventType="HitTriggerTick" guid="266a3b69-0163-49b6-ade4-93d0075d7556" enabled="false" useRefParam="false" refParamName="" r="0.000" g="0.000" b="0.000" execOnForceStopped="false" execOnActionCompleted="false" stopAfterLastEvent="true">
      <Event eventName="HitTriggerTick" time="0.000" isDuration="false" guid="947e2f2f-6309-4d0c-b44a-9f4f077fd0ee">
        <TemplateObject name="targetId" id="0" objectName="self" isTemp="false" refParamName="" useRefParam="false" />
        <int name="SelfSkillCombineID_1" value="131901" refParamName="" useRefParam="false" />
        <int name="SelfSkillCombineID_2" value="131901" refParamName="" useRefParam="false" />
        <int name="SelfSkillCombineID_3" value="131901" refParamName="" useRefParam="false" />
        <TemplateObject name="triggerId" id="-1" objectName="None" isTemp="false" refParamName="" useRefParam="false" />
      </Event>
    </Track>
    <Track trackName="PlayHeroSoundTick2" eventType="PlayHeroSoundTick" guid="8cc380da-e4ab-42d6-9ef3-9184fba6fdd5" enabled="true" useRefParam="false" refParamName="" r="0.000" g="0.000" b="0.000" execOnForceStopped="false" execOnActionCompleted="false" stopAfterLastEvent="true">
      <Event eventName="PlayHeroSoundTick" time="0.000" isDuration="false" guid="a6a90d71-15b3-4108-a806-94f38ea8c225">
        <TemplateObject name="targetId" id="0" objectName="self" isTemp="false" refParamName="" useRefParam="false" />
        <TemplateObject name="sourceId" id="0" objectName="self" isTemp="false" refParamName="" useRefParam="false" />
        <String name="eventName" value="Play_131_Morad_Attack_Hit_2" refParamName="" useRefParam="false" />
        <Array name="extraSkinId" refParamName="" useRefParam="false" type="uint">
          <uint value="11" />
        </Array>
      </Event>
    </Track>
  </Action>
</Project>