﻿<?xml version="1.0" encoding="utf-8"?>
<Project>
  <TemplateObjectList>
    <TemplateObject id="0" objectName="self" isTemp="false" />
    <TemplateObject id="1" objectName="target" isTemp="false" />
  </TemplateObjectList>
  <RefParamList />
  <Action tag="" length="3.100" loop="false">
    <Track trackName="TriggerParticle0" eventType="TriggerParticle" guid="967f46a4-8624-4a22-928e-b0149a1f39c6" enabled="false" useRefParam="false" refParamName="" r="0.000" g="0.000" b="0.000" execOnForceStopped="false" execOnActionCompleted="false" stopAfterLastEvent="true" lod="0">
      <Event eventName="TriggerParticle" time="0.000" length="3.000" isDuration="true" guid="bf88c30f-979d-4046-95b4-c2106a4d9349">
        <TemplateObject name="targetId" id="0" objectName="self" isTemp="false" refParamName="" useRefParam="false" />
        <TemplateObject name="objectSpaceId" id="0" objectName="self" isTemp="false" refParamName="" useRefParam="false" />
        <String name="syncAnimationName" value="" refParamName="" useRefParam="false" />
        <String name="customTagName" value="" refParamName="" useRefParam="false" />
      </Event>
    </Track>
    <Track trackName="CheckSkinIdTick0" eventType="CheckSkinIdTick" guid="ba1593ac-6d5c-42bb-a90b-f6e24249f895" enabled="true" useRefParam="false" refParamName="" r="0.000" g="0.000" b="0.000" execOnForceStopped="false" execOnActionCompleted="false" stopAfterLastEvent="true">
      <Event eventName="CheckSkinIdTick" time="0.000" isDuration="false" guid="9489cb53-7416-450a-aff2-1e1df4fe7555">
        <TemplateObject name="targetId" id="0" objectName="self" isTemp="false" refParamName="" useRefParam="false" />
        <int name="skinId" value="13196" refParamName="" useRefParam="false" />
		<bool name="bEqual" value="false" refParamName="" useRefParam="false" />
        <bool name="bSkipLogicCheck" value="true" refParamName="" useRefParam="false" />
      </Event>
    </Track>
    <Track trackName="BUFF1" eventType="CheckSkillCombineConditionTick" guid="257db636-6b0c-40a4-b544-88281a0f763b" enabled="true" useRefParam="false" refParamName="" r="0.000" g="0.000" b="0.000" execOnForceStopped="false" execOnActionCompleted="false" stopAfterLastEvent="true">
      <Condition id="1" guid="ba1593ac-6d5c-42bb-a90b-f6e24249f895" status="true" />
      <Event eventName="CheckSkillCombineConditionTick" time="0.000" isDuration="false" guid="4ff0a2bf-e1e1-4238-8128-427ccb563304">
        <TemplateObject name="targetId" id="0" objectName="self" isTemp="false" refParamName="" useRefParam="false" />
        <int name="skillCombineId" value="131940" refParamName="" useRefParam="false" />
        <Enum name="checkOPType" value="3" refParamName="" useRefParam="false" />
        <int name="skillCombineLevel" value="1" refParamName="" useRefParam="false" />
      </Event>
    </Track>
    <Track trackName="BUFF11" eventType="CheckSkillCombineConditionTick" guid="41ff1e2a-9927-4478-a324-3fae42ad88e5" enabled="true" useRefParam="false" refParamName="" r="0.000" g="0.000" b="0.000" execOnForceStopped="false" execOnActionCompleted="false" stopAfterLastEvent="true">
      <Condition id="1" guid="ba1593ac-6d5c-42bb-a90b-f6e24249f895" status="true" />
      <Event eventName="CheckSkillCombineConditionTick" time="0.000" isDuration="false" guid="a07befcc-1760-43d0-a6e7-b40742f2c0e1">
        <TemplateObject name="targetId" id="0" objectName="self" isTemp="false" refParamName="" useRefParam="false" />
        <int name="skillCombineId" value="131981" refParamName="" useRefParam="false" />
        <Enum name="checkOPType" value="3" refParamName="" useRefParam="false" />
      </Event>
    </Track>
    <Track trackName="HitTriggerTick0" eventType="HitTriggerTick" guid="0628ebe7-ea1f-4b36-8968-b173d8afa886" enabled="true" useRefParam="false" refParamName="" r="0.000" g="0.000" b="0.000" execOnForceStopped="false" execOnActionCompleted="false" stopAfterLastEvent="true">
      <Condition id="2" guid="257db636-6b0c-40a4-b544-88281a0f763b" status="true" />
      <Condition id="3" guid="41ff1e2a-9927-4478-a324-3fae42ad88e5" status="true" />
      <Condition id="1" guid="ba1593ac-6d5c-42bb-a90b-f6e24249f895" status="true" />
      <Event eventName="HitTriggerTick" time="0.000" isDuration="false" guid="b48a88f4-6538-4ef4-a065-43ee92e1a6e0">
        <TemplateObject name="targetId" id="0" objectName="self" isTemp="false" refParamName="" useRefParam="false" />
        <int name="SelfSkillCombineID_1" value="131981" refParamName="" useRefParam="false" />
      </Event>
    </Track>
    <Track trackName="BUFF2" eventType="CheckSkillCombineConditionTick" guid="34e5a05d-aecc-47a3-97c5-4e900a98bcac" enabled="true" useRefParam="false" refParamName="" r="0.000" g="0.000" b="0.000" execOnForceStopped="false" execOnActionCompleted="false" stopAfterLastEvent="true">
      <Condition id="1" guid="ba1593ac-6d5c-42bb-a90b-f6e24249f895" status="true" />
      <Event eventName="CheckSkillCombineConditionTick" time="0.000" isDuration="false" guid="b7974c99-14a3-4ed3-9950-8a0b216048b7">
        <TemplateObject name="targetId" id="0" objectName="self" isTemp="false" refParamName="" useRefParam="false" />
        <int name="skillCombineId" value="131940" refParamName="" useRefParam="false" />
        <Enum name="checkOPType" value="3" refParamName="" useRefParam="false" />
        <int name="skillCombineLevel" value="2" refParamName="" useRefParam="false" />
      </Event>
    </Track>
    <Track trackName="BUFF22" eventType="CheckSkillCombineConditionTick" guid="50515863-ee2a-4dbf-9d7e-e16a393f89d2" enabled="true" useRefParam="false" refParamName="" r="0.000" g="0.000" b="0.000" execOnForceStopped="false" execOnActionCompleted="false" stopAfterLastEvent="true">
      <Condition id="1" guid="ba1593ac-6d5c-42bb-a90b-f6e24249f895" status="true" />
      <Event eventName="CheckSkillCombineConditionTick" time="0.000" isDuration="false" guid="30857100-30b3-4cdd-926c-b905ed6ba481">
        <TemplateObject name="targetId" id="0" objectName="self" isTemp="false" refParamName="" useRefParam="false" />
        <int name="skillCombineId" value="131982" refParamName="" useRefParam="false" />
        <Enum name="checkOPType" value="3" refParamName="" useRefParam="false" />
      </Event>
    </Track>
    <Track trackName="HitTriggerTick0" eventType="HitTriggerTick" guid="d456dc95-41af-4547-9812-052e42359322" enabled="true" useRefParam="false" refParamName="" r="0.000" g="0.000" b="0.000" execOnForceStopped="false" execOnActionCompleted="false" stopAfterLastEvent="true">
      <Condition id="1" guid="ba1593ac-6d5c-42bb-a90b-f6e24249f895" status="true" />
      <Condition id="5" guid="34e5a05d-aecc-47a3-97c5-4e900a98bcac" status="true" />
      <Condition id="6" guid="50515863-ee2a-4dbf-9d7e-e16a393f89d2" status="true" />
      <Event eventName="HitTriggerTick" time="0.000" isDuration="false" guid="23313fc1-3b78-4cbc-93fd-8d5d4d6b1e77">
        <TemplateObject name="targetId" id="0" objectName="self" isTemp="false" refParamName="" useRefParam="false" />
        <int name="SelfSkillCombineID_1" value="131982" refParamName="" useRefParam="false" />
      </Event>
    </Track>
    <Track trackName="BUFF3" eventType="CheckSkillCombineConditionTick" guid="96fa95fc-eac5-40fd-abe0-958f1ae750c5" enabled="true" useRefParam="false" refParamName="" r="0.000" g="0.000" b="0.000" execOnForceStopped="false" execOnActionCompleted="false" stopAfterLastEvent="true">
      <Condition id="1" guid="ba1593ac-6d5c-42bb-a90b-f6e24249f895" status="true" />
      <Event eventName="CheckSkillCombineConditionTick" time="0.000" isDuration="false" guid="667b0d44-2d48-43e8-be8e-acbda9b76133">
        <TemplateObject name="targetId" id="0" objectName="self" isTemp="false" refParamName="" useRefParam="false" />
        <int name="skillCombineId" value="131940" refParamName="" useRefParam="false" />
        <Enum name="checkOPType" value="3" refParamName="" useRefParam="false" />
        <int name="skillCombineLevel" value="3" refParamName="" useRefParam="false" />
      </Event>
    </Track>
    <Track trackName="BUFF33" eventType="CheckSkillCombineConditionTick" guid="8fee8ce4-9e94-4923-864a-73dbcaeb20a7" enabled="true" useRefParam="false" refParamName="" r="0.000" g="0.000" b="0.000" execOnForceStopped="false" execOnActionCompleted="false" stopAfterLastEvent="true">
      <Condition id="1" guid="ba1593ac-6d5c-42bb-a90b-f6e24249f895" status="true" />
      <Event eventName="CheckSkillCombineConditionTick" time="0.000" isDuration="false" guid="da651269-83e1-4b50-b3c0-7f998bec2f45">
        <TemplateObject name="targetId" id="0" objectName="self" isTemp="false" refParamName="" useRefParam="false" />
        <int name="skillCombineId" value="131983" refParamName="" useRefParam="false" />
        <Enum name="checkOPType" value="3" refParamName="" useRefParam="false" />
      </Event>
    </Track>
    <Track trackName="HitTriggerTick0" eventType="HitTriggerTick" guid="a1dfd149-d52b-4f98-9cb3-73ad7dd33a2a" enabled="true" useRefParam="false" refParamName="" r="0.000" g="0.000" b="0.000" execOnForceStopped="false" execOnActionCompleted="false" stopAfterLastEvent="true">
      <Condition id="1" guid="ba1593ac-6d5c-42bb-a90b-f6e24249f895" status="true" />
      <Condition id="8" guid="96fa95fc-eac5-40fd-abe0-958f1ae750c5" status="true" />
      <Condition id="9" guid="8fee8ce4-9e94-4923-864a-73dbcaeb20a7" status="true" />
      <Event eventName="HitTriggerTick" time="0.000" isDuration="false" guid="aa69c152-ae0f-4bc1-98ef-0102fa4a7f2f">
        <TemplateObject name="targetId" id="0" objectName="self" isTemp="false" refParamName="" useRefParam="false" />
        <int name="SelfSkillCombineID_1" value="131983" refParamName="" useRefParam="false" />
      </Event>
    </Track>
    <Track trackName="RemoveBuffTick0" eventType="RemoveBuffTick" guid="509a7631-964a-4fcb-a8fb-78708541a727" enabled="true" useRefParam="false" refParamName="" r="0.000" g="0.000" b="0.000" execOnForceStopped="false" execOnActionCompleted="false" stopAfterLastEvent="true">
      <Event eventName="RemoveBuffTick" time="3.000" isDuration="false" guid="38a82247-4843-44be-a6df-8ed5de88ff0e">
        <TemplateObject name="targetId" id="0" objectName="self" isTemp="false" refParamName="" useRefParam="false" />
        <int name="buffId" value="131981" refParamName="" useRefParam="false" />
      </Event>
    </Track>
    <Track trackName="RemoveBuffTick0" eventType="RemoveBuffTick" guid="6b61c6f4-4932-42ec-9f06-4f2aabaab5ec" enabled="true" useRefParam="false" refParamName="" r="0.000" g="0.000" b="0.000" execOnForceStopped="false" execOnActionCompleted="false" stopAfterLastEvent="true">
      <Event eventName="RemoveBuffTick" time="3.000" isDuration="false" guid="2f46bcc3-fcc6-4291-8dbf-74a06ffebc31">
        <TemplateObject name="targetId" id="0" objectName="self" isTemp="false" refParamName="" useRefParam="false" />
        <int name="buffId" value="131982" refParamName="" useRefParam="false" />
      </Event>
    </Track>
    <Track trackName="RemoveBuffTick0" eventType="RemoveBuffTick" guid="d17bff45-4d4d-4c92-9f4e-bb420a92ea6b" enabled="true" useRefParam="false" refParamName="" r="0.000" g="0.000" b="0.000" execOnForceStopped="false" execOnActionCompleted="false" stopAfterLastEvent="true">
      <Event eventName="RemoveBuffTick" time="3.000" isDuration="false" guid="4bcc1046-da79-4dbb-ad00-70db0fff0d31">
        <TemplateObject name="targetId" id="0" objectName="self" isTemp="false" refParamName="" useRefParam="false" />
        <int name="buffId" value="131983" refParamName="" useRefParam="false" />
      </Event>
    </Track>
  </Action>
</Project>