﻿<?xml version="1.0" encoding="utf-8"?>
<Project>
  <TemplateObjectList>
    <TemplateObject id="0" objectName="self" isTemp="false" />
    <TemplateObject id="1" objectName="target" isTemp="false" />
    <TemplateObject id="2" objectName="bullet" isTemp="true" />
  </TemplateObjectList>
  <RefParamList />
  <Action tag="" length="2.000" loop="false">
    <Track trackName="13116" eventType="CheckSkinIdTick" guid="268dc5d8-a6ae-4482-a7d8-362bd1806606" enabled="true" useRefParam="false" refParamName="" r="0.000" g="0.000" b="0.000" execOnForceStopped="false" execOnActionCompleted="false" stopAfterLastEvent="true">
      <Event eventName="CheckSkinIdTick" time="0.000" isDuration="false" guid="be4cd91c-3094-462c-a6f1-ce182ea2bd60">
        <TemplateObject name="targetId" id="0" objectName="self" isTemp="false" refParamName="" useRefParam="false" />
        <int name="skinId" value="13197" refParamName="" useRefParam="false" />
        <bool name="bEqual" value="false" refParamName="" useRefParam="false" />
      </Event>
    </Track>
    <Track trackName="CheckSkillCombineConditionTick0" eventType="CheckSkillCombineConditionTick" guid="9d75b95a-0491-41a7-b0eb-d72c32d98102" enabled="true" useRefParam="false" refParamName="" r="0.000" g="0.000" b="0.000" execOnForceStopped="false" execOnActionCompleted="false" stopAfterLastEvent="true">
      <Event eventName="CheckSkillCombineConditionTick" time="0.000" isDuration="false" guid="4546c14f-9e82-4b79-a341-da65f87a9ae2">
        <TemplateObject name="targetId" id="0" objectName="self" isTemp="false" refParamName="" useRefParam="false" />
        <int name="skillCombineId" value="911320" refParamName="" useRefParam="false" />
        <Enum name="checkOPType" value="3" refParamName="" useRefParam="false" />
        <int name="skillCombineLevel" value="1" refParamName="" useRefParam="false" />
      </Event>
    </Track>
    <Track trackName="TriggerParticle0" eventType="TriggerParticle" guid="ab17c7ee-720d-4f5b-8933-fc1572c3d7d2" enabled="true" useRefParam="false" refParamName="" r="0.000" g="0.000" b="0.000" execOnForceStopped="false" execOnActionCompleted="false" stopAfterLastEvent="true" OrConditions="true">
      <Condition id="0" guid="268dc5d8-a6ae-4482-a7d8-362bd1806606" status="false" />
      <Condition id="1" guid="9d75b95a-0491-41a7-b0eb-d72c32d98102" status="false" />
      <Event eventName="TriggerParticle" time="0.000" length="2.000" isDuration="true" guid="349a8d18-5c2a-4b4a-a3a1-3cfb7e109752">
        <TemplateObject name="targetId" id="0" objectName="self" isTemp="false" refParamName="" useRefParam="false" />
        <String name="resourceName" value="prefab_skill_effects/hero_skill_effects/131_libai/LiBai_buff_sword_01" refParamName="" useRefParam="false" />
        <String name="bindPointName" value="Bone230" refParamName="" useRefParam="false" />
      </Event>
    </Track>
    <Track trackName="TriggerParticle0" eventType="TriggerParticle" guid="f45a08f6-5d79-4729-9834-4c778c60742b" enabled="true" useRefParam="false" refParamName="" r="0.000" g="0.000" b="0.000" execOnForceStopped="false" execOnActionCompleted="false" stopAfterLastEvent="true">
      <Condition id="0" guid="268dc5d8-a6ae-4482-a7d8-362bd1806606" status="true" />
      <Condition id="1" guid="9d75b95a-0491-41a7-b0eb-d72c32d98102" status="true" />
      <Event eventName="TriggerParticle" time="0.000" length="2.000" isDuration="true" guid="c6e1038c-feea-4c78-beb4-bc74b4f72d45">
        <TemplateObject name="targetId" id="0" objectName="self" isTemp="false" refParamName="" useRefParam="false" />
        <String name="resourceName" value="prefab_skill_effects/hero_skill_effects/131_libai/LiBai_buff_14_h" refParamName="" useRefParam="false" />
        <String name="bindPointName" value="Bone230" refParamName="" useRefParam="false" />
      </Event>
    </Track>
  </Action>
</Project>