﻿<?xml version="1.0" encoding="utf-8"?>
<Project>
  <TemplateObjectList>
    <TemplateObject id="0" objectName="self" isTemp="false" />
    <TemplateObject id="1" objectName="target" isTemp="false" />
    <TemplateObject id="2" objectName="bullet" isTemp="true" />
    <TemplateObject id="3" objectName="bullet2" isTemp="true" />
  </TemplateObjectList>
  <RefParamList>
    <Vector3i name="targetdir" x="0" y="0" z="0" refParamName="" useRefParam="false" />
    <Vector3i name="_TargetPos" x="0" y="0" z="0" refParamName="" useRefParam="false" />
  </RefParamList>
  <Action tag="" length="1.000" loop="false">
    <Track trackName="SetBehaviourModeTick0" eventType="SetBehaviourModeTick" guid="884649fb-eee1-4f09-8e8c-136817834eb9" enabled="true" useRefParam="false" refParamName="" r="0.000" g="0.000" b="0.000" execOnForceStopped="false" execOnActionCompleted="false" stopAfterLastEvent="true">
      <Event eventName="SetBehaviourModeTick" time="0.000" isDuration="false" guid="b7a42189-a3a6-4b4c-bd13-52d4abd6aa10">
        <TemplateObject name="targetId" id="0" objectName="self" isTemp="false" refParamName="" useRefParam="false" />
      </Event>
    </Track>
    <Track trackName="SetAttackDirDuration0" eventType="SetAttackDirDuration" guid="13f98c0c-0c95-4e18-aeb2-1fef43e76e8b" enabled="true" useRefParam="false" refParamName="" r="0.000" g="0.000" b="0.000" execOnForceStopped="false" execOnActionCompleted="false" stopAfterLastEvent="true">
      <Event eventName="SetAttackDirDuration" time="0.000" length="0.066" isDuration="true" guid="3ad769f7-7c49-4e7c-8911-656c4983a653">
        <TemplateObject name="attackerId" id="0" objectName="self" isTemp="false" refParamName="" useRefParam="false" />
        <bool name="bImmediateRotate" value="true" refParamName="" useRefParam="false" />
      </Event>
    </Track>
    <Track trackName="ForbidAbilityDuration0" eventType="ForbidAbilityDuration" guid="70d891be-ca4c-4c49-af6f-53ed54d35f4b" enabled="true" useRefParam="false" refParamName="" r="0.000" g="0.000" b="0.000" execOnForceStopped="false" execOnActionCompleted="false" stopAfterLastEvent="true">
      <Event eventName="ForbidAbilityDuration" time="0.000" length="0.266" isDuration="true" guid="aafe2161-7781-49ca-9665-803b0394ffae">
        <TemplateObject name="attackerId" id="0" objectName="self" isTemp="false" refParamName="" useRefParam="false" />
        <bool name="forbidMove" value="true" refParamName="" useRefParam="false" />
        <Enum name="protectAbortLevel" value="1" refParamName="" useRefParam="false" />
      </Event>
    </Track>
    <Track trackName="SkillInputCacheDuration0" eventType="SkillInputCacheDuration" guid="43618e12-f288-4877-9d44-4cb1ef89f0a2" enabled="true" useRefParam="false" refParamName="" r="0.000" g="0.000" b="0.000" execOnForceStopped="false" execOnActionCompleted="false" stopAfterLastEvent="true">
      <Event eventName="SkillInputCacheDuration" time="0.000" length="0.266" isDuration="true" guid="d47f7ec8-5185-4198-aaed-3aaa17837f64">
        <TemplateObject name="targetId" id="0" objectName="self" isTemp="false" refParamName="" useRefParam="false" />
        <bool name="cacheSkill" value="true" refParamName="" useRefParam="false" />
        <bool name="bCacheSkillReCalcLock" value="true" refParamName="" useRefParam="false" />
        <bool name="cacheMove" value="true" refParamName="" useRefParam="false" />
      </Event>
    </Track>
    <Track trackName="PlayAnimDuration0" eventType="PlayAnimDuration" guid="9d243092-f160-4189-a9da-f132595032c9" enabled="true" useRefParam="false" refParamName="" r="0.000" g="0.000" b="0.000" execOnForceStopped="false" execOnActionCompleted="false" stopAfterLastEvent="true">
      <Event eventName="PlayAnimDuration" time="0.000" length="1.000" isDuration="true" guid="cbc6be5b-5476-48d9-8498-d2af0cf435a6">
        <TemplateObject name="targetId" id="0" objectName="self" isTemp="false" refParamName="" useRefParam="false" />
        <String name="clipName" value="Spell1_1" refParamName="" useRefParam="false" />
        <int name="layer" value="3" refParamName="" useRefParam="false" />
        <float name="crossFadeTime" value="0.133" refParamName="" useRefParam="false" />
        <bool name="bUseFadeOutTime" value="true" refParamName="" useRefParam="false" />
        <float name="fadeOutTime" value="0.133" refParamName="" useRefParam="false" />
      </Event>
    </Track>
    <Track trackName="SpawnObjectDuration0" eventType="SpawnObjectDuration" guid="15a9ba3e-cdc5-48cd-8570-084568fb730b" enabled="true" useRefParam="false" refParamName="" r="0.000" g="0.000" b="0.000" execOnForceStopped="false" execOnActionCompleted="false" stopAfterLastEvent="true">
      <Event eventName="SpawnObjectDuration" time="0.000" length="0.266" isDuration="true" guid="525e09bc-ebc6-4ff1-a69b-340bac74698a">
        <TemplateObject name="targetId" id="2" objectName="bullet" isTemp="true" refParamName="" useRefParam="false" />
        <TemplateObject name="parentId" id="0" objectName="self" isTemp="false" refParamName="" useRefParam="false" />
        <TemplateObject name="objectSpaceId" id="0" objectName="self" isTemp="false" refParamName="" useRefParam="false" />
        <String name="prefabName" value="prefab_characters/commonempty" refParamName="" useRefParam="false" />
        <bool name="modifyDirection" value="true" refParamName="" useRefParam="false" />
        <Vector3i name="direction" x="0" y="0" z="0" refParamName="" useRefParam="false" />
        <TemplateObject name="materialParentActorId" id="0" objectName="self" isTemp="false" refParamName="" useRefParam="false" />
        <TemplateObject name="visionActorId" id="0" objectName="self" isTemp="false" refParamName="" useRefParam="false" />
        <TemplateObject name="recordTargeID" id="-1" objectName="None" isTemp="false" refParamName="" useRefParam="false" />
      </Event>
    </Track>
    <Track trackName="SetCollisionTick0" eventType="SetCollisionTick" guid="582a2b23-5731-4847-a6ca-2858d776a49d" enabled="true" useRefParam="false" refParamName="" r="0.000" g="0.000" b="0.000" execOnForceStopped="false" execOnActionCompleted="false" stopAfterLastEvent="true">
      <Event eventName="SetCollisionTick" time="0.000" isDuration="false" guid="be9a6fc7-bfc5-457a-97f1-6d1374d1b5e7">
        <TemplateObject name="targetId" id="2" objectName="bullet" isTemp="true" refParamName="" useRefParam="false" />
        <Vector3i name="Size" x="2000" y="10000" z="2000" refParamName="" useRefParam="false" />
        <int name="Radius" value="2000" refParamName="" useRefParam="false" />
        <int name="Rotation" value="160" refParamName="" useRefParam="false" />
      </Event>
    </Track>
    <Track trackName="伤害" eventType="HitTriggerDuration" guid="5397d78d-aed6-405c-b747-cf4f3e5273f4" enabled="true" useRefParam="false" refParamName="" r="0.000" g="0.000" b="0.000" execOnForceStopped="false" execOnActionCompleted="false" stopAfterLastEvent="true">
      <Event eventName="HitTriggerDuration" time="0.000" length="0.266" isDuration="true" guid="7603d489-996e-4da6-9a6c-5299c5121f89">
        <TemplateObject name="triggerId" id="2" objectName="bullet" isTemp="true" refParamName="" useRefParam="false" />
        <TemplateObject name="attackerId" id="0" objectName="self" isTemp="false" refParamName="" useRefParam="false" />
        <int name="TriggerActorInterval" value="1000" refParamName="" useRefParam="false" />
        <bool name="bFileterOrgan" value="true" refParamName="" useRefParam="false" />
        <TemplateObject name="bulletID" id="-1" objectName="None" isTemp="false" refParamName="" useRefParam="false" />
        <int name="TriggerActorCount" value="32" refParamName="" useRefParam="false" />
        <int name="CollideMaxCount" value="1" refParamName="" useRefParam="false" />
        <int name="TargetSkillCombine_1" value="131100" refParamName="" useRefParam="false" />
        <String name="BulletActionName" value="" refParamName="" useRefParam="false" />
      </Event>
    </Track>
    <Track trackName="眩晕" eventType="HitTriggerDuration" guid="d953bae6-4ce6-4f02-9e20-1a970b1374b5" enabled="true" useRefParam="false" refParamName="" r="0.000" g="0.000" b="0.000" execOnForceStopped="false" execOnActionCompleted="false" stopAfterLastEvent="true">
      <Event eventName="HitTriggerDuration" time="0.000" length="0.266" isDuration="true" guid="a2852f5d-4552-4e52-b493-6eafd8fa1164">
        <TemplateObject name="triggerId" id="2" objectName="bullet" isTemp="true" refParamName="" useRefParam="false" />
        <TemplateObject name="attackerId" id="0" objectName="self" isTemp="false" refParamName="" useRefParam="false" />
        <int name="TriggerActorInterval" value="1000" refParamName="" useRefParam="false" />
        <bool name="bFileterOrgan" value="true" refParamName="" useRefParam="false" />
        <TemplateObject name="bulletID" id="-1" objectName="None" isTemp="false" refParamName="" useRefParam="false" />
        <Enum name="SelectMode" value="3" refParamName="" useRefParam="false" />
        <int name="CollideMaxCount" value="1" refParamName="" useRefParam="false" />
        <int name="TargetSkillCombine_1" value="131190" refParamName="" useRefParam="false" />
        <String name="BulletActionName" value="" refParamName="" useRefParam="false" />
      </Event>
    </Track>
    <Track trackName="增加印记和buff图标" eventType="HitTriggerTick" guid="cbb287c2-a127-4499-9d7f-baf41e723715" enabled="true" useRefParam="false" refParamName="" r="0.000" g="0.000" b="0.000" execOnForceStopped="false" execOnActionCompleted="false" stopAfterLastEvent="true">
      <Event eventName="HitTriggerTick" time="0.000" isDuration="false" guid="06a1cae1-921f-4d05-8655-e93a39f50ab6">
        <TemplateObject name="targetId" id="0" objectName="self" isTemp="false" refParamName="" useRefParam="false" />
        <int name="SelfSkillCombineID_1" value="131150" refParamName="" useRefParam="false" />
        <int name="SelfSkillCombineID_2" value="131900" refParamName="" useRefParam="false" />
        <int name="SelfSkillCombineID_3" value="131940" refParamName="" useRefParam="false" />
        <TemplateObject name="triggerId" id="-1" objectName="None" isTemp="false" refParamName="" useRefParam="false" />
      </Event>
    </Track>
    <Track trackName="MoveActorDuration0" eventType="MoveActorDuration" guid="26a73327-6502-479c-b582-1db25c992aac" enabled="true" useRefParam="false" refParamName="" r="0.000" g="0.000" b="0.000" execOnForceStopped="false" execOnActionCompleted="false" stopAfterLastEvent="true">
      <Event eventName="MoveActorDuration" time="0.000" length="0.200" isDuration="true" guid="0800b9f3-4758-4af0-b75c-e1b1611d3d0f">
        <Enum name="moveType" value="2" refParamName="" useRefParam="false" />
        <TemplateObject name="actorId" id="0" objectName="self" isTemp="false" refParamName="" useRefParam="false" />
        <TemplateObject name="destId" id="1" objectName="target" isTemp="false" refParamName="" useRefParam="false" />
        <int name="moveDistance" value="5000" refParamName="" useRefParam="false" />
        <int name="moveSpeed" value="25000" refParamName="" useRefParam="false" />
        <bool name="IgnoreCollision" value="true" refParamName="" useRefParam="false" />
        <bool name="bRecordPosition" value="true" refParamName="" useRefParam="false" />
      </Event>
    </Track>
    <Track trackName="非13118" eventType="CheckSkinIdVirtualTick" guid="bd4f4b04-d476-40c6-abbc-56d0277814d4" enabled="true" useRefParam="false" refParamName="" r="0.000" g="0.000" b="0.000" execOnForceStopped="false" execOnActionCompleted="false" stopAfterLastEvent="true">
      <Event eventName="CheckSkinIdVirtualTick" time="0.000" isDuration="false" guid="b10e42a8-2616-4136-8b1b-061c50bff83f">
        <TemplateObject name="targetId" id="0" objectName="self" isTemp="false" refParamName="" useRefParam="false" />
        <int name="skinId" value="13118" refParamName="" useRefParam="false" />
        <bool name="useNegateValue" value="true" refParamName="" useRefParam="false" />
      </Event>
    </Track>
    <Track trackName="13118" eventType="CheckSkinIdVirtualTick" guid="ffc5ec43-ea9f-44d6-b417-ee974ebf8931" enabled="true" useRefParam="false" refParamName="" r="0.000" g="0.000" b="0.000" execOnForceStopped="false" execOnActionCompleted="false" stopAfterLastEvent="true">
      <Event eventName="CheckSkinIdVirtualTick" time="0.000" isDuration="false" guid="cd69917c-2a6e-43c5-89eb-c5a71e5e89ec">
        <TemplateObject name="targetId" id="0" objectName="self" isTemp="false" refParamName="" useRefParam="false" />
        <int name="skinId" value="13118" refParamName="" useRefParam="false" />
      </Event>
    </Track>
    <Track trackName="13116" eventType="CheckSkinIdTick" guid="8a37e348-b0c3-482d-8e3d-22fddb5ecd6d" enabled="true" useRefParam="false" refParamName="" r="0.000" g="0.000" b="0.000" execOnForceStopped="false" execOnActionCompleted="false" stopAfterLastEvent="true">
      <Event eventName="CheckSkinIdTick" time="0.000" isDuration="false" guid="552eb1d3-c3d3-48f6-92f1-ff86e5a49b6c">
        <TemplateObject name="targetId" id="0" objectName="self" isTemp="false" refParamName="" useRefParam="false" />
        <int name="skinId" value="13192" refParamName="" useRefParam="false" />
        <bool name="useNegateValue" value="true" refParamName="" useRefParam="false" />
      </Event>
    </Track>
    <Track trackName="CheckSkillCombineConditionTick0" eventType="CheckSkillCombineConditionTick" guid="7442aa32-d832-4ea4-8a30-76531637d94c" enabled="true" useRefParam="false" refParamName="" r="0.000" g="0.000" b="0.000" execOnForceStopped="false" execOnActionCompleted="false" stopAfterLastEvent="true">
      <Condition id="13" guid="8a37e348-b0c3-482d-8e3d-22fddb5ecd6d" status="true" />
      <Event eventName="CheckSkillCombineConditionTick" time="0.000" isDuration="false" guid="40b84577-3079-423b-814b-0979e8198e87">
        <TemplateObject name="targetId" id="0" objectName="self" isTemp="false" refParamName="" useRefParam="false" />
        <int name="skillCombineId" value="131970" refParamName="" useRefParam="false" />
        <Enum name="checkOPType" value="3" refParamName="" useRefParam="false" />
        <int name="skillCombineLevel" value="1" refParamName="" useRefParam="false" />
      </Event>
    </Track>
    <Track trackName="被动没满，不是13118" eventType="TriggerParticleTick" guid="e0781faf-b173-4d4d-84b2-537812be65c5" enabled="false" useRefParam="false" refParamName="" r="0.000" g="0.000" b="0.000" execOnForceStopped="false" execOnActionCompleted="false" stopAfterLastEvent="true">
      <Condition id="14" guid="7442aa32-d832-4ea4-8a30-76531637d94c" status="false" />
      <Condition id="11" guid="bd4f4b04-d476-40c6-abbc-56d0277814d4" status="true" />
      <Event eventName="TriggerParticleTick" time="0.000" isDuration="false" guid="3233c795-0dda-48ca-a114-31f9629053c0">
        <TemplateObject name="targetId" id="-1" objectName="None" isTemp="false" refParamName="" useRefParam="false" />
        <TemplateObject name="objectSpaceId" id="0" objectName="self" isTemp="false" refParamName="" useRefParam="false" />
        <String name="resourceName" value="prefab_skill_effects/hero_skill_effects/131_libai/libai_attack02_spell01" refParamName="" useRefParam="false" />
        <float name="lifeTime" value="3.000" refParamName="" useRefParam="false" />
        <Vector3i name="scalingInt" x="10000" y="10000" z="10000" refParamName="" useRefParam="false" />
      </Event>
    </Track>
    <Track trackName="只要被动满了" eventType="TriggerParticleTick" guid="09921c00-ff59-479f-96d9-9d7f29b37b18" enabled="false" useRefParam="false" refParamName="" r="0.000" g="0.000" b="0.000" execOnForceStopped="false" execOnActionCompleted="false" stopAfterLastEvent="true">
      <Condition id="14" guid="7442aa32-d832-4ea4-8a30-76531637d94c" status="true" />
      <Event eventName="TriggerParticleTick" time="0.000" isDuration="false" guid="20b4ea3c-10a4-4f46-aa6f-e9a468d5c05e">
        <TemplateObject name="targetId" id="-1" objectName="None" isTemp="false" refParamName="" useRefParam="false" />
        <TemplateObject name="objectSpaceId" id="0" objectName="self" isTemp="false" refParamName="" useRefParam="false" />
        <String name="resourceName" value="prefab_skill_effects/hero_skill_effects/131_libai/libai_attack02_spell01_1" refParamName="" useRefParam="false" />
        <float name="lifeTime" value="3.000" refParamName="" useRefParam="false" />
        <Vector3i name="scalingInt" x="10000" y="10000" z="10000" refParamName="" useRefParam="false" />
      </Event>
    </Track>
    <Track trackName="除了13116和13118触发" eventType="TriggerParticleTick" guid="05c8b3f1-daa0-4df5-b2e8-cc1f76034267" enabled="true" useRefParam="false" refParamName="" r="0.000" g="0.000" b="0.000" execOnForceStopped="false" execOnActionCompleted="false" stopAfterLastEvent="true">
      <Condition id="13" guid="8a37e348-b0c3-482d-8e3d-22fddb5ecd6d" status="false" />
      <Condition id="11" guid="bd4f4b04-d476-40c6-abbc-56d0277814d4" status="true" />
      <Event eventName="TriggerParticleTick" time="0.000" isDuration="false" guid="f8b251fd-f85b-4a47-a564-daacf64afee2">
        <TemplateObject name="targetId" id="-1" objectName="None" isTemp="false" refParamName="" useRefParam="false" />
        <TemplateObject name="objectSpaceId" id="0" objectName="self" isTemp="false" refParamName="" useRefParam="false" />
        <String name="resourceName" value="prefab_skill_effects/hero_skill_effects/131_libai/libai_attack01_spell01" refParamName="" useRefParam="false" />
        <float name="lifeTime" value="3.000" refParamName="" useRefParam="false" />
        <Vector3i name="scalingInt" x="10000" y="10000" z="10000" refParamName="" useRefParam="false" />
      </Event>
    </Track>
    <Track trackName="生成一个随机数，增大武器本身的概率" eventType="CreateRandomNumTick" guid="684d24c7-0910-4978-8776-677a24f7f635" enabled="true" useRefParam="false" refParamName="" r="0.000" g="0.000" b="0.000" execOnForceStopped="false" execOnActionCompleted="false" stopAfterLastEvent="true">
      <Event eventName="CreateRandomNumTick" time="0.000" isDuration="false" guid="cb0366ec-527d-4566-a4d6-126bc55cc44e">
        <int name="randomRangeBegin" value="1" refParamName="" useRefParam="false" />
        <int name="randomRangeEnd" value="5" refParamName="" useRefParam="false" />
        <String name="preCreateRandonNumName" value="random" refParamName="" useRefParam="false" />
      </Event>
    </Track>
    <Track trackName="13116" eventType="CheckSkinIdTick" guid="721f7371-51d2-470e-b481-06c8c55ecd55" enabled="true" useRefParam="false" refParamName="" r="0.000" g="0.000" b="0.000" execOnForceStopped="false" execOnActionCompleted="false" stopAfterLastEvent="true">
      <Event eventName="CheckSkinIdTick" time="0.000" isDuration="false" guid="2bc50cc0-ae87-45e4-9875-a94a23227a1d">
        <TemplateObject name="targetId" id="0" objectName="self" isTemp="false" refParamName="" useRefParam="false" />
        <int name="skinId" value="13192" refParamName="" useRefParam="false" />
        <bool name="useNegateValue" value="true" refParamName="" useRefParam="false" />
      </Event>
    </Track>
    <Track trackName="是否满层被动" eventType="CheckSkillCombineConditionTick" guid="84ec6842-b523-4750-b7bd-7baa3f6554ae" enabled="true" useRefParam="false" refParamName="" r="0.000" g="0.000" b="0.000" execOnForceStopped="false" execOnActionCompleted="false" stopAfterLastEvent="true">
      <Condition id="19" guid="721f7371-51d2-470e-b481-06c8c55ecd55" status="true" />
      <Event eventName="CheckSkillCombineConditionTick" time="0.000" isDuration="false" guid="52a12011-72e5-4344-84cc-1b4141cba8a3">
        <TemplateObject name="targetId" id="0" objectName="self" isTemp="false" refParamName="" useRefParam="false" />
        <int name="skillCombineId" value="131970" refParamName="" useRefParam="false" />
        <Enum name="checkOPType" value="3" refParamName="" useRefParam="false" />
        <int name="skillCombineLevel" value="1" refParamName="" useRefParam="false" />
      </Event>
    </Track>
    <Track trackName="不是满层被动播基础效果" eventType="TriggerParticleTick" guid="d1f9422b-9a79-49b3-b458-8da7fb162877" enabled="true" useRefParam="false" refParamName="" r="0.000" g="0.000" b="0.000" execOnForceStopped="false" execOnActionCompleted="false" stopAfterLastEvent="true">
      <Condition id="20" guid="84ec6842-b523-4750-b7bd-7baa3f6554ae" status="false" />
      <Condition id="11" guid="bd4f4b04-d476-40c6-abbc-56d0277814d4" status="true" />
      <Event eventName="TriggerParticleTick" time="0.000" isDuration="false" guid="b335af21-9441-4fcd-8976-b94827ad2d2a">
        <TemplateObject name="targetId" id="-1" objectName="None" isTemp="false" refParamName="" useRefParam="false" />
        <TemplateObject name="objectSpaceId" id="0" objectName="self" isTemp="false" refParamName="" useRefParam="false" />
        <String name="resourceName" value="prefab_skill_effects/hero_skill_effects/131_libai/libai_attack02_spell01" refParamName="" useRefParam="false" />
        <float name="lifeTime" value="3.000" refParamName="" useRefParam="false" />
        <Vector3i name="scalingInt" x="10000" y="10000" z="10000" refParamName="" useRefParam="false" />
      </Event>
    </Track>
    <Track trackName="从四把剑里面选一个出来" eventType="CheckRandomBuffTick" guid="8af719c1-d24c-4abe-a099-be1cca253218" enabled="true" useRefParam="false" refParamName="" r="0.000" g="0.000" b="0.000" execOnForceStopped="false" execOnActionCompleted="false" stopAfterLastEvent="true">
      <Condition id="20" guid="84ec6842-b523-4750-b7bd-7baa3f6554ae" status="true" />
      <Event eventName="CheckRandomBuffTick" time="0.000" isDuration="false" guid="113c0a49-21ec-4c01-a12d-52c0b77d273c">
        <TemplateObject name="srcId" id="0" objectName="self" isTemp="false" refParamName="" useRefParam="false" />
        <Array name="skillBuffIDArray" refParamName="" useRefParam="false" type="int">
          <int value="911380" />
          <int value="911320" />
          <int value="911274" />
          <int value="911370" />
        </Array>
        <Array name="skillBuffIDEffectArray" refParamName="" useRefParam="false" type="int">
          <int value="131995" />
          <int value="131996" />
          <int value="131997" />
          <int value="131998" />
        </Array>
        <int name="skillBuffIDEffectDefault" value="131999" refParamName="" useRefParam="false" />
      </Event>
    </Track>
    <Track trackName="没有任何一把剑的特效逻辑" eventType="CheckSkillCombineConditionTick" guid="feffc0eb-32aa-46e7-bb6c-b852e6e664eb" enabled="true" useRefParam="false" refParamName="" r="0.000" g="0.000" b="0.000" execOnForceStopped="false" execOnActionCompleted="false" stopAfterLastEvent="true">
      <Event eventName="CheckSkillCombineConditionTick" time="0.000" isDuration="false" guid="39641a95-0ae1-4528-92ed-a1402bb343b6">
        <TemplateObject name="targetId" id="0" objectName="self" isTemp="false" refParamName="" useRefParam="false" />
        <int name="skillCombineId" value="131999" refParamName="" useRefParam="false" />
        <Enum name="checkOPType" value="3" refParamName="" useRefParam="false" />
        <int name="skillCombineLevel" value="1" refParamName="" useRefParam="false" />
      </Event>
    </Track>
    <Track trackName="没有任何一把剑的特效" eventType="TriggerParticleTick" guid="7bc9cfec-3187-45da-8193-d2fd51cc09bc" enabled="true" useRefParam="false" refParamName="" r="0.000" g="0.000" b="0.000" execOnForceStopped="false" execOnActionCompleted="false" stopAfterLastEvent="true">
      <Condition id="23" guid="feffc0eb-32aa-46e7-bb6c-b852e6e664eb" status="true" />
      <Event eventName="TriggerParticleTick" time="0.000" isDuration="false" guid="2a68bc1a-a03e-4f11-ad68-2ef0b568a8e6">
        <TemplateObject name="targetId" id="-1" objectName="None" isTemp="false" refParamName="" useRefParam="false" />
        <TemplateObject name="objectSpaceId" id="0" objectName="self" isTemp="false" refParamName="" useRefParam="false" />
        <String name="resourceName" value="prefab_skill_effects/hero_skill_effects/131_libai/libai_attack02_spell01_1" refParamName="" useRefParam="false" />
        <float name="lifeTime" value="3.000" refParamName="" useRefParam="false" />
        <Vector3i name="scalingInt" x="10000" y="10000" z="10000" refParamName="" useRefParam="false" />
      </Event>
    </Track>
    <Track trackName="死神镰刀的逻辑" eventType="CheckSkillCombineConditionTick" guid="8c9c6123-ae11-43b0-8f94-be36d3e14348" enabled="true" useRefParam="false" refParamName="" r="0.000" g="0.000" b="0.000" execOnForceStopped="false" execOnActionCompleted="false" stopAfterLastEvent="true">
      <Event eventName="CheckSkillCombineConditionTick" time="0.000" isDuration="false" guid="24351b75-d123-427f-919c-d0df2dd0071e">
        <TemplateObject name="targetId" id="0" objectName="self" isTemp="false" refParamName="" useRefParam="false" />
        <int name="skillCombineId" value="131997" refParamName="" useRefParam="false" />
        <Enum name="checkOPType" value="3" refParamName="" useRefParam="false" />
        <int name="skillCombineLevel" value="1" refParamName="" useRefParam="false" />
      </Event>
    </Track>
    <Track trackName="1-3之间" eventType="CheckRandomRangeTick" guid="b0b2b593-b4a2-473a-af2c-18305cb0a8c6" enabled="true" useRefParam="false" refParamName="" r="0.000" g="0.000" b="0.000" execOnForceStopped="false" execOnActionCompleted="false" stopAfterLastEvent="true">
      <Event eventName="CheckRandomRangeTick" time="0.000" isDuration="false" guid="a4146408-e70c-46a2-a280-52038af552a9">
        <int name="checkRangeBegin" value="1" refParamName="" useRefParam="false" />
        <int name="checkRangeEnd" value="3" refParamName="" useRefParam="false" />
        <bool name="bUsePreCreateRandonNum" value="true" refParamName="" useRefParam="false" />
        <String name="preCreateRandonNumName" value="random" refParamName="" useRefParam="false" />
      </Event>
    </Track>
    <Track trackName="死神镰刀的特效" eventType="TriggerParticleTick" guid="f1f71914-2bd3-441b-a2c1-322154baa850" enabled="true" useRefParam="false" refParamName="" r="0.000" g="0.000" b="0.000" execOnForceStopped="false" execOnActionCompleted="false" stopAfterLastEvent="true">
      <Condition id="25" guid="8c9c6123-ae11-43b0-8f94-be36d3e14348" status="true" />
      <Condition id="26" guid="b0b2b593-b4a2-473a-af2c-18305cb0a8c6" status="true" />
      <Event eventName="TriggerParticleTick" time="0.000" isDuration="false" guid="caf0b4db-2bfb-4a6e-9233-dadb6e9f7f1b">
        <TemplateObject name="targetId" id="-1" objectName="None" isTemp="false" refParamName="" useRefParam="false" />
        <TemplateObject name="objectSpaceId" id="0" objectName="self" isTemp="false" refParamName="" useRefParam="false" />
        <String name="resourceName" value="prefab_skill_effects/hero_skill_effects/131_libai/libai_attack02_spell01_e" refParamName="" useRefParam="false" />
        <float name="lifeTime" value="3.000" refParamName="" useRefParam="false" />
        <Vector3i name="scalingInt" x="10000" y="10000" z="10000" refParamName="" useRefParam="false" />
      </Event>
    </Track>
    <Track trackName="还是用原来的特效" eventType="TriggerParticleTick" guid="b73df9e8-5635-4618-b017-4a8c82581eff" enabled="true" useRefParam="false" refParamName="" r="0.000" g="0.000" b="0.000" execOnForceStopped="false" execOnActionCompleted="false" stopAfterLastEvent="true">
      <Condition id="26" guid="b0b2b593-b4a2-473a-af2c-18305cb0a8c6" status="false" />
      <Condition id="25" guid="8c9c6123-ae11-43b0-8f94-be36d3e14348" status="true" />
      <Event eventName="TriggerParticleTick" time="0.000" isDuration="false" guid="a8eec237-d2df-4c5f-a272-a868133f5d5b">
        <TemplateObject name="targetId" id="-1" objectName="None" isTemp="false" refParamName="" useRefParam="false" />
        <TemplateObject name="objectSpaceId" id="0" objectName="self" isTemp="false" refParamName="" useRefParam="false" />
        <String name="resourceName" value="prefab_skill_effects/hero_skill_effects/131_libai/libai_attack02_spell01_1" refParamName="" useRefParam="false" />
        <float name="lifeTime" value="3.000" refParamName="" useRefParam="false" />
        <Vector3i name="scalingInt" x="10000" y="10000" z="10000" refParamName="" useRefParam="false" />
      </Event>
    </Track>
    <Track trackName="钢铁长枪的逻辑" eventType="CheckSkillCombineConditionTick" guid="2a287429-fb04-4a51-bdbd-301458d3b261" enabled="true" useRefParam="false" refParamName="" r="0.000" g="0.000" b="0.000" execOnForceStopped="false" execOnActionCompleted="false" stopAfterLastEvent="true">
      <Event eventName="CheckSkillCombineConditionTick" time="0.000" isDuration="false" guid="00c8fb20-fbf4-4083-890f-8d3d07f00c9f">
        <TemplateObject name="targetId" id="0" objectName="self" isTemp="false" refParamName="" useRefParam="false" />
        <int name="skillCombineId" value="131998" refParamName="" useRefParam="false" />
        <Enum name="checkOPType" value="3" refParamName="" useRefParam="false" />
        <int name="skillCombineLevel" value="1" refParamName="" useRefParam="false" />
      </Event>
    </Track>
    <Track trackName="1-3之间" eventType="CheckRandomRangeTick" guid="f262a2cc-d1b7-43a2-bc94-b64a7392e221" enabled="true" useRefParam="false" refParamName="" r="0.000" g="0.000" b="0.000" execOnForceStopped="false" execOnActionCompleted="false" stopAfterLastEvent="true">
      <Event eventName="CheckRandomRangeTick" time="0.000" isDuration="false" guid="a4a36924-7212-4993-bcf8-76f827fd547b">
        <int name="checkRangeBegin" value="1" refParamName="" useRefParam="false" />
        <int name="checkRangeEnd" value="3" refParamName="" useRefParam="false" />
        <bool name="bUsePreCreateRandonNum" value="true" refParamName="" useRefParam="false" />
        <String name="preCreateRandonNumName" value="random" refParamName="" useRefParam="false" />
      </Event>
    </Track>
    <Track trackName="钢铁长枪的特效" eventType="TriggerParticleTick" guid="36c44a38-6c86-47ec-b809-fd71368db64b" enabled="true" useRefParam="false" refParamName="" r="0.000" g="0.000" b="0.000" execOnForceStopped="false" execOnActionCompleted="false" stopAfterLastEvent="true">
      <Condition id="30" guid="f262a2cc-d1b7-43a2-bc94-b64a7392e221" status="true" />
      <Condition id="29" guid="2a287429-fb04-4a51-bdbd-301458d3b261" status="true" />
      <Event eventName="TriggerParticleTick" time="0.000" isDuration="false" guid="46ff9811-c895-48fb-949e-efc829d55f49">
        <TemplateObject name="targetId" id="-1" objectName="None" isTemp="false" refParamName="" useRefParam="false" />
        <TemplateObject name="objectSpaceId" id="0" objectName="self" isTemp="false" refParamName="" useRefParam="false" />
        <String name="resourceName" value="prefab_skill_effects/hero_skill_effects/131_libai/libai_attack02_spell01_f" refParamName="" useRefParam="false" />
        <float name="lifeTime" value="3.000" refParamName="" useRefParam="false" />
        <Vector3i name="scalingInt" x="10000" y="10000" z="10000" refParamName="" useRefParam="false" />
      </Event>
    </Track>
    <Track trackName="还是用原来的特效" eventType="TriggerParticleTick" guid="63b3086e-4646-4e3c-8f18-f994d9b5a965" enabled="true" useRefParam="false" refParamName="" r="0.000" g="0.000" b="0.000" execOnForceStopped="false" execOnActionCompleted="false" stopAfterLastEvent="true">
      <Condition id="30" guid="f262a2cc-d1b7-43a2-bc94-b64a7392e221" status="false" />
      <Condition id="29" guid="2a287429-fb04-4a51-bdbd-301458d3b261" status="true" />
      <Event eventName="TriggerParticleTick" time="0.000" isDuration="false" guid="0f142bb7-b6bc-4305-a0f2-0ddab2a3e5b5">
        <TemplateObject name="targetId" id="-1" objectName="None" isTemp="false" refParamName="" useRefParam="false" />
        <TemplateObject name="objectSpaceId" id="0" objectName="self" isTemp="false" refParamName="" useRefParam="false" />
        <String name="resourceName" value="prefab_skill_effects/hero_skill_effects/131_libai/libai_attack02_spell01_1" refParamName="" useRefParam="false" />
        <float name="lifeTime" value="3.000" refParamName="" useRefParam="false" />
        <Vector3i name="scalingInt" x="10000" y="10000" z="10000" refParamName="" useRefParam="false" />
      </Event>
    </Track>
    <Track trackName="王者之剑的逻辑" eventType="CheckSkillCombineConditionTick" guid="07e20fa2-1d6e-474b-aabe-5ca14f61a8cc" enabled="true" useRefParam="false" refParamName="" r="0.000" g="0.000" b="0.000" execOnForceStopped="false" execOnActionCompleted="false" stopAfterLastEvent="true">
      <Event eventName="CheckSkillCombineConditionTick" time="0.000" isDuration="false" guid="4f692246-0f32-4808-bdf1-e6066c57d6de">
        <TemplateObject name="targetId" id="0" objectName="self" isTemp="false" refParamName="" useRefParam="false" />
        <int name="skillCombineId" value="131995" refParamName="" useRefParam="false" />
        <Enum name="checkOPType" value="3" refParamName="" useRefParam="false" />
        <int name="skillCombineLevel" value="1" refParamName="" useRefParam="false" />
      </Event>
    </Track>
    <Track trackName="1-3之间" eventType="CheckRandomRangeTick" guid="7041183f-6feb-4454-951e-495b69071654" enabled="true" useRefParam="false" refParamName="" r="0.000" g="0.000" b="0.000" execOnForceStopped="false" execOnActionCompleted="false" stopAfterLastEvent="true">
      <Event eventName="CheckRandomRangeTick" time="0.000" isDuration="false" guid="34c5a150-165c-4b9b-ae6a-b79cf302c09d">
        <int name="checkRangeBegin" value="1" refParamName="" useRefParam="false" />
        <int name="checkRangeEnd" value="3" refParamName="" useRefParam="false" />
        <bool name="bUsePreCreateRandonNum" value="true" refParamName="" useRefParam="false" />
        <String name="preCreateRandonNumName" value="random" refParamName="" useRefParam="false" />
      </Event>
    </Track>
    <Track trackName="还是用原来的特效" eventType="TriggerParticleTick" guid="f5456d87-39e5-47fc-adfa-cca56efd2112" enabled="true" useRefParam="false" refParamName="" r="0.000" g="0.000" b="0.000" execOnForceStopped="false" execOnActionCompleted="false" stopAfterLastEvent="true">
      <Condition id="34" guid="7041183f-6feb-4454-951e-495b69071654" status="false" />
      <Condition id="33" guid="07e20fa2-1d6e-474b-aabe-5ca14f61a8cc" status="true" />
      <Event eventName="TriggerParticleTick" time="0.000" isDuration="false" guid="9c76f495-6265-4d95-8265-0031f9c6e8b1">
        <TemplateObject name="targetId" id="-1" objectName="None" isTemp="false" refParamName="" useRefParam="false" />
        <TemplateObject name="objectSpaceId" id="0" objectName="self" isTemp="false" refParamName="" useRefParam="false" />
        <String name="resourceName" value="prefab_skill_effects/hero_skill_effects/131_libai/libai_attack02_spell01_1" refParamName="" useRefParam="false" />
        <float name="lifeTime" value="3.000" refParamName="" useRefParam="false" />
        <Vector3i name="scalingInt" x="10000" y="10000" z="10000" refParamName="" useRefParam="false" />
      </Event>
    </Track>
    <Track trackName="王者之剑的特效" eventType="TriggerParticleTick" guid="a8916357-c717-4e71-99f3-16d3ee519c05" enabled="true" useRefParam="false" refParamName="" r="0.000" g="0.000" b="0.000" execOnForceStopped="false" execOnActionCompleted="false" stopAfterLastEvent="true">
      <Condition id="34" guid="7041183f-6feb-4454-951e-495b69071654" status="true" />
      <Condition id="33" guid="07e20fa2-1d6e-474b-aabe-5ca14f61a8cc" status="true" />
      <Event eventName="TriggerParticleTick" time="0.000" isDuration="false" guid="36de871f-e2b6-47ed-9e95-c8dd2b789076">
        <TemplateObject name="targetId" id="-1" objectName="None" isTemp="false" refParamName="" useRefParam="false" />
        <TemplateObject name="objectSpaceId" id="0" objectName="self" isTemp="false" refParamName="" useRefParam="false" />
        <String name="resourceName" value="prefab_skill_effects/hero_skill_effects/131_libai/libai_attack02_spell01_g" refParamName="" useRefParam="false" />
        <float name="lifeTime" value="3.000" refParamName="" useRefParam="false" />
        <Vector3i name="scalingInt" x="10000" y="10000" z="10000" refParamName="" useRefParam="false" />
      </Event>
    </Track>
    <Track trackName="撒旦之锋的逻辑" eventType="CheckSkillCombineConditionTick" guid="e40a654b-9aa6-458c-a57b-0e856114be82" enabled="true" useRefParam="false" refParamName="" r="0.000" g="0.000" b="0.000" execOnForceStopped="false" execOnActionCompleted="false" stopAfterLastEvent="true">
      <Event eventName="CheckSkillCombineConditionTick" time="0.000" isDuration="false" guid="8b513f02-453a-4e46-9a84-514492deafe1">
        <TemplateObject name="targetId" id="0" objectName="self" isTemp="false" refParamName="" useRefParam="false" />
        <int name="skillCombineId" value="131996" refParamName="" useRefParam="false" />
        <Enum name="checkOPType" value="3" refParamName="" useRefParam="false" />
        <int name="skillCombineLevel" value="1" refParamName="" useRefParam="false" />
      </Event>
    </Track>
    <Track trackName="1-3之间" eventType="CheckRandomRangeTick" guid="b5fed8e4-68f1-415c-97cf-bfc22e98ed94" enabled="true" useRefParam="false" refParamName="" r="0.000" g="0.000" b="0.000" execOnForceStopped="false" execOnActionCompleted="false" stopAfterLastEvent="true">
      <Event eventName="CheckRandomRangeTick" time="0.000" isDuration="false" guid="51950a7e-2ada-47e8-a175-af2c1ac804dd">
        <int name="checkRangeBegin" value="1" refParamName="" useRefParam="false" />
        <int name="checkRangeEnd" value="3" refParamName="" useRefParam="false" />
        <bool name="bUsePreCreateRandonNum" value="true" refParamName="" useRefParam="false" />
        <String name="preCreateRandonNumName" value="random" refParamName="" useRefParam="false" />
      </Event>
      <Event eventName="CheckRandomRangeTick" time="0.000" isDuration="false" guid="bf3729c3-223a-4078-8c04-9a576ff9c0d9">
        <int name="checkRangeBegin" value="1" refParamName="" useRefParam="false" />
        <int name="checkRangeEnd" value="3" refParamName="" useRefParam="false" />
        <bool name="bUsePreCreateRandonNum" value="true" refParamName="" useRefParam="false" />
        <String name="preCreateRandonNumName" value="random" refParamName="" useRefParam="false" />
      </Event>
    </Track>
    <Track trackName="撒旦之锋的特效" eventType="TriggerParticleTick" guid="3fbec609-951f-4188-a926-6b43bf559451" enabled="true" useRefParam="false" refParamName="" r="0.000" g="0.000" b="0.000" execOnForceStopped="false" execOnActionCompleted="false" stopAfterLastEvent="true">
      <Condition id="37" guid="e40a654b-9aa6-458c-a57b-0e856114be82" status="true" />
      <Condition id="38" guid="b5fed8e4-68f1-415c-97cf-bfc22e98ed94" status="true" />
      <Event eventName="TriggerParticleTick" time="0.000" isDuration="false" guid="73fafe9e-8f56-42e5-a89c-2df1621c80ef">
        <TemplateObject name="targetId" id="-1" objectName="None" isTemp="false" refParamName="" useRefParam="false" />
        <TemplateObject name="objectSpaceId" id="0" objectName="self" isTemp="false" refParamName="" useRefParam="false" />
        <String name="resourceName" value="prefab_skill_effects/hero_skill_effects/131_libai/libai_attack02_spell01_h" refParamName="" useRefParam="false" />
        <float name="lifeTime" value="3.000" refParamName="" useRefParam="false" />
        <Vector3i name="scalingInt" x="10000" y="10000" z="10000" refParamName="" useRefParam="false" />
      </Event>
    </Track>
    <Track trackName="还是用原来的特效" eventType="TriggerParticleTick" guid="333ba42a-3a6d-4b36-89b0-b4b182cbe650" enabled="true" useRefParam="false" refParamName="" r="0.000" g="0.000" b="0.000" execOnForceStopped="false" execOnActionCompleted="false" stopAfterLastEvent="true">
      <Condition id="38" guid="b5fed8e4-68f1-415c-97cf-bfc22e98ed94" status="false" />
      <Condition id="37" guid="e40a654b-9aa6-458c-a57b-0e856114be82" status="true" />
      <Event eventName="TriggerParticleTick" time="0.000" isDuration="false" guid="e79d6b3d-a36e-4302-ab09-d108b02c2b9f">
        <TemplateObject name="targetId" id="-1" objectName="None" isTemp="false" refParamName="" useRefParam="false" />
        <TemplateObject name="objectSpaceId" id="0" objectName="self" isTemp="false" refParamName="" useRefParam="false" />
        <String name="resourceName" value="prefab_skill_effects/hero_skill_effects/131_libai/libai_attack02_spell01_1" refParamName="" useRefParam="false" />
        <float name="lifeTime" value="3.000" refParamName="" useRefParam="false" />
        <Vector3i name="scalingInt" x="10000" y="10000" z="10000" refParamName="" useRefParam="false" />
      </Event>
    </Track>
    <Track trackName="不是16号皮播这个" eventType="TriggerParticleTick" guid="8afd19f2-fdb6-4b59-9255-29dccaa0b73c" enabled="false" useRefParam="false" refParamName="" r="0.000" g="0.000" b="0.000" execOnForceStopped="false" execOnActionCompleted="false" stopAfterLastEvent="true">
      <Condition id="19" guid="721f7371-51d2-470e-b481-06c8c55ecd55" status="false" />
      <Event eventName="TriggerParticleTick" time="0.000" isDuration="false" guid="e1596835-8277-4e09-b564-8f03c924fc74">
        <TemplateObject name="targetId" id="-1" objectName="None" isTemp="false" refParamName="" useRefParam="false" />
        <TemplateObject name="objectSpaceId" id="0" objectName="self" isTemp="false" refParamName="" useRefParam="false" />
        <String name="resourceName" value="prefab_skill_effects/hero_skill_effects/131_libai/libai_attack01_spell01" refParamName="" useRefParam="false" />
        <float name="lifeTime" value="3.000" refParamName="" useRefParam="false" />
        <Vector3i name="scalingInt" x="10000" y="10000" z="10000" refParamName="" useRefParam="false" />
      </Event>
    </Track>
    <Track trackName="RemoveBuffTick0" eventType="RemoveBuffTick" guid="57ac585c-31f1-4f02-81be-8d127a86b5b3" enabled="true" useRefParam="false" refParamName="" r="0.000" g="0.000" b="0.000" execOnForceStopped="false" execOnActionCompleted="false" stopAfterLastEvent="true">
      <Event eventName="RemoveBuffTick" time="0.200" isDuration="false" guid="0ba4c3b3-5e19-4013-a73e-384463e7b720">
        <TemplateObject name="targetId" id="0" objectName="self" isTemp="false" refParamName="" useRefParam="false" />
        <int name="buffId" value="131995" refParamName="" useRefParam="false" />
        <int name="BuffLayer" value="1" refParamName="" useRefParam="false" />
      </Event>
    </Track>
    <Track trackName="RemoveBuffTick0" eventType="RemoveBuffTick" guid="06b213dc-9652-439d-a246-08b1520ba499" enabled="true" useRefParam="false" refParamName="" r="0.000" g="0.000" b="0.000" execOnForceStopped="false" execOnActionCompleted="false" stopAfterLastEvent="true">
      <Event eventName="RemoveBuffTick" time="0.200" isDuration="false" guid="4eb501a8-4c9d-484a-90bc-777681168209">
        <TemplateObject name="targetId" id="0" objectName="self" isTemp="false" refParamName="" useRefParam="false" />
        <int name="buffId" value="131996" refParamName="" useRefParam="false" />
        <int name="BuffLayer" value="1" refParamName="" useRefParam="false" />
      </Event>
    </Track>
    <Track trackName="RemoveBuffTick0" eventType="RemoveBuffTick" guid="a6e4f1a0-8bad-47c1-b4f8-d2eaff0e64a2" enabled="true" useRefParam="false" refParamName="" r="0.000" g="0.000" b="0.000" execOnForceStopped="false" execOnActionCompleted="false" stopAfterLastEvent="true">
      <Event eventName="RemoveBuffTick" time="0.200" isDuration="false" guid="a06c1e58-64f5-4673-b7a9-acb1d90b79a2">
        <TemplateObject name="targetId" id="0" objectName="self" isTemp="false" refParamName="" useRefParam="false" />
        <int name="buffId" value="131997" refParamName="" useRefParam="false" />
        <int name="BuffLayer" value="1" refParamName="" useRefParam="false" />
      </Event>
    </Track>
    <Track trackName="RemoveBuffTick0" eventType="RemoveBuffTick" guid="d5f0efb2-d2e1-4f59-834b-9aa499deb2cf" enabled="true" useRefParam="false" refParamName="" r="0.000" g="0.000" b="0.000" execOnForceStopped="false" execOnActionCompleted="false" stopAfterLastEvent="true">
      <Event eventName="RemoveBuffTick" time="0.200" isDuration="false" guid="16bdd952-f3fb-4bbf-9b72-666a194c5cd7">
        <TemplateObject name="targetId" id="0" objectName="self" isTemp="false" refParamName="" useRefParam="false" />
        <int name="buffId" value="131998" refParamName="" useRefParam="false" />
        <int name="BuffLayer" value="1" refParamName="" useRefParam="false" />
      </Event>
    </Track>
    <Track trackName="RemoveBuffTick0" eventType="RemoveBuffTick" guid="e786bf47-79b9-42d5-9270-1803ece8731c" enabled="true" useRefParam="false" refParamName="" r="0.000" g="0.000" b="0.000" execOnForceStopped="false" execOnActionCompleted="false" stopAfterLastEvent="true">
      <Event eventName="RemoveBuffTick" time="0.200" isDuration="false" guid="3ea3fbe1-92e3-4fed-95bf-856103c3f3c5">
        <TemplateObject name="targetId" id="0" objectName="self" isTemp="false" refParamName="" useRefParam="false" />
        <int name="buffId" value="131999" refParamName="" useRefParam="false" />
        <int name="BuffLayer" value="1" refParamName="" useRefParam="false" />
      </Event>
    </Track>
    <Track trackName="ChangeSkillTriggerTick0" eventType="ChangeSkillTriggerTick" guid="d555fec6-5e32-44a3-97f3-cdbcd522d419" enabled="true" useRefParam="false" refParamName="" r="0.000" g="0.000" b="0.000" execOnForceStopped="false" execOnActionCompleted="false" stopAfterLastEvent="true">
      <Event eventName="ChangeSkillTriggerTick" time="0.000" isDuration="false" guid="449fa6aa-1718-4e04-8fc0-468ff769d575">
        <TemplateObject name="targetId" id="0" objectName="self" isTemp="false" refParamName="" useRefParam="false" />
        <Enum name="slotType" value="1" refParamName="" useRefParam="false" />
        <int name="effectTime" value="5000" refParamName="" useRefParam="false" />
        <int name="recoverSkillID" value="13110" refParamName="" useRefParam="false" />
        <int name="changeSkillID" value="13111" refParamName="" useRefParam="false" />
      </Event>
    </Track>
    <Track trackName="SkillUseCacheTick0" eventType="SkillUseCacheTick" guid="3da8ba4c-ae7e-4d0b-bd51-5ac44f60d457" enabled="true" useRefParam="false" refParamName="" r="0.000" g="0.000" b="0.000" execOnForceStopped="false" execOnActionCompleted="false" stopAfterLastEvent="true">
      <Event eventName="SkillUseCacheTick" time="0.266" isDuration="false" guid="682978f4-3b6b-469f-a75a-34c80200e10b">
        <TemplateObject name="targetId" id="0" objectName="self" isTemp="false" refParamName="" useRefParam="false" />
        <bool name="excuteMoveCmd" value="true" refParamName="" useRefParam="false" />
      </Event>
    </Track>
    <Track trackName="PlayHeroSoundTick20" eventType="PlayHeroSoundTick" guid="5d8912aa-a4d0-4a78-a2e7-36b0afa707e2" enabled="true" useRefParam="false" refParamName="" r="0.000" g="0.000" b="0.000" execOnForceStopped="false" execOnActionCompleted="false" stopAfterLastEvent="true">
      <Event eventName="PlayHeroSoundTick" time="0.000" isDuration="false" guid="69ee4c70-2e78-4fcc-a3a6-a777f76cf76e">
        <TemplateObject name="targetId" id="0" objectName="self" isTemp="false" refParamName="" useRefParam="false" />
        <TemplateObject name="sourceId" id="0" objectName="self" isTemp="false" refParamName="" useRefParam="false" />
        <String name="eventName" value="Play_131_Morad_Skill_A_Rush_1" refParamName="" useRefParam="false" />
        <Array name="extraSkinId" refParamName="" useRefParam="false" type="uint">
          <uint value="11" />
        </Array>
      </Event>
    </Track>
    <Track trackName="不是13118触发特效" eventType="TriggerParticleTick" guid="dc822f8a-4a8d-4e53-aa8e-91fff477544d" enabled="true" useRefParam="false" refParamName="" r="0.000" g="0.000" b="0.000" execOnForceStopped="false" execOnActionCompleted="false" stopAfterLastEvent="true">
      <Condition id="11" guid="bd4f4b04-d476-40c6-abbc-56d0277814d4" status="true" />
      <Event eventName="TriggerParticleTick" time="0.000" isDuration="false" guid="d2048005-d290-462b-94db-0f7600209ec1">
        <TemplateObject name="targetId" id="-1" objectName="None" isTemp="false" refParamName="" useRefParam="false" />
        <TemplateObject name="objectSpaceId" id="0" objectName="self" isTemp="false" refParamName="" useRefParam="false" />
        <String name="resourceName" value="prefab_skill_effects/hero_skill_effects/131_libai/libai_attack04_spell01" refParamName="" useRefParam="false" />
        <float name="lifeTime" value="3.000" refParamName="" useRefParam="false" />
        <Vector3i name="scalingInt" x="10000" y="10000" z="10000" refParamName="" useRefParam="false" />
      </Event>
    </Track>
    <Track trackName="13118特效" eventType="TriggerParticleTick" guid="7b6eb7de-a0ba-454f-8827-cc841ba22910" enabled="true" useRefParam="false" refParamName="" r="0.000" g="0.000" b="0.000" execOnForceStopped="false" execOnActionCompleted="false" stopAfterLastEvent="true">
      <Condition id="12" guid="ffc5ec43-ea9f-44d6-b417-ee974ebf8931" status="true" />
      <Event eventName="TriggerParticleTick" time="0.000" isDuration="false" guid="ab3a3e5b-7bed-4a59-9bba-3d3689765ffe">
        <TemplateObject name="targetId" id="-1" objectName="None" isTemp="false" refParamName="" useRefParam="false" />
        <TemplateObject name="objectSpaceId" id="0" objectName="self" isTemp="false" refParamName="" useRefParam="false" />
        <String name="resourceName" value="prefab_skill_effects/hero_skill_effects/131_libai/libai_attack04_spell01" refParamName="" useRefParam="false" />
        <float name="lifeTime" value="0.850" refParamName="" useRefParam="false" />
        <Vector3i name="scalingInt" x="10000" y="10000" z="10000" refParamName="" useRefParam="false" />
      </Event>
    </Track>
    <Track trackName="13118特效" eventType="TriggerParticleTick" guid="41bda489-58cf-4e59-8026-01d6f4d483a7" enabled="true" useRefParam="false" refParamName="" r="0.000" g="0.000" b="0.000" execOnForceStopped="false" execOnActionCompleted="false" stopAfterLastEvent="true">
      <Condition id="12" guid="ffc5ec43-ea9f-44d6-b417-ee974ebf8931" status="true" />
      <Event eventName="TriggerParticleTick" time="0.132" isDuration="false" guid="92c4a28d-d10a-43b4-8ee1-7d5547db1101">
        <TemplateObject name="targetId" id="-1" objectName="None" isTemp="false" refParamName="" useRefParam="false" />
        <TemplateObject name="objectSpaceId" id="0" objectName="self" isTemp="false" refParamName="" useRefParam="false" />
        <String name="resourceName" value="prefab_skill_effects/hero_skill_effects/131_libai/LiBai_attack01_spell01_1" refParamName="" useRefParam="false" />
        <float name="lifeTime" value="0.850" refParamName="" useRefParam="false" />
        <Vector3i name="scalingInt" x="10000" y="10000" z="10000" refParamName="" useRefParam="false" />
      </Event>
    </Track>
    <Track trackName="PlayHeroSoundTick6" eventType="PlayHeroSoundTick" guid="65f52904-a1be-4899-b646-cae6ee17eba6" enabled="true" useRefParam="false" refParamName="" r="0.000" g="0.000" b="0.000" execOnForceStopped="false" execOnActionCompleted="false" stopAfterLastEvent="true">
      <Event eventName="PlayHeroSoundTick" time="0.000" isDuration="false" guid="9876686a-20c5-452f-9b18-c62f398861cd">
        <TemplateObject name="targetId" id="0" objectName="self" isTemp="false" refParamName="" useRefParam="false" />
        <TemplateObject name="sourceId" id="0" objectName="self" isTemp="false" refParamName="" useRefParam="false" />
        <String name="eventName" value="Play_131_LiBai_VOX_Skill_A" refParamName="" useRefParam="false" />
        <Array name="extraSkinId" refParamName="" useRefParam="false" type="uint">
          <uint value="11" />
        </Array>
      </Event>
    </Track>
  </Action>
</Project>