﻿<?xml version="1.0" encoding="utf-8"?>
<Project>
  <TemplateObjectList>
    <TemplateObject objectName="self" id="0" isTemp="false" />
    <TemplateObject objectName="target" id="1" isTemp="false" />
    <TemplateObject objectName="bullet" id="2" isTemp="true" />
    <TemplateObject objectName="bullet2" id="3" isTemp="true" />
  </TemplateObjectList>
  <RefParamList>
    <Vector3i name="targetdir" x="0" y="0" z="0" refParamName="" useRefParam="false" />
    <Vector3i name="_TargetPos" x="0" y="0" z="0" refParamName="" useRefParam="false" />
  </RefParamList>
  <Action tag="" length="3.500" loop="false">
    <Track trackName="SetBehaviourModeTick0" eventType="SetBehaviourModeTick" guid="884649fb-eee1-4f09-8e8c-136817834eb9" enabled="true" useRefParam="false" refParamName="" r="0.000" g="0.000" b="0.000" execOnForceStopped="false" execOnActionCompleted="false" stopAfterLastEvent="true">
      <Event eventName="SetBehaviourModeTick" time="0.000" isDuration="false" guid="323bfd8f-6953-4cf0-9bd2-2eda9055d87e">
        <TemplateObject name="targetId" objectName="self" id="0" isTemp="false" refParamName="" useRefParam="false" />
      </Event>
    </Track>
    <Track trackName="SetAttackDirDuration0" eventType="SetAttackDirDuration" guid="13f98c0c-0c95-4e18-aeb2-1fef43e76e8b" enabled="true" useRefParam="false" refParamName="" r="0.000" g="0.000" b="0.000" execOnForceStopped="false" execOnActionCompleted="false" stopAfterLastEvent="true">
      <Event eventName="SetAttackDirDuration" time="0.000" length="0.050" isDuration="true" guid="6e920f27-8533-4041-9a12-3fd75c1e886a">
        <TemplateObject name="attackerId" objectName="self" id="0" isTemp="false" refParamName="" useRefParam="false" />
      </Event>
    </Track>
    <Track trackName="ForbidAbilityDuration0" eventType="ForbidAbilityDuration" guid="70d891be-ca4c-4c49-af6f-53ed54d35f4b" enabled="true" useRefParam="false" refParamName="" r="0.000" g="0.000" b="0.000" execOnForceStopped="false" execOnActionCompleted="false" stopAfterLastEvent="true">
      <Event eventName="ForbidAbilityDuration" time="0.000" length="2.000" isDuration="true" guid="410a1474-0508-4e41-8e28-043ef1169246">
        <TemplateObject name="attackerId" objectName="self" id="0" isTemp="false" refParamName="" useRefParam="false" />
        <bool name="forbidMove" value="true" refParamName="" useRefParam="false" />
        <bool name="abortFilterSkill1" value="true" refParamName="" useRefParam="false" />
        <bool name="abortFilterSkill2" value="true" refParamName="" useRefParam="false" />
        <bool name="abortFilterSkill3" value="true" refParamName="" useRefParam="false" />
        <bool name="ImmuneControl" value="true" refParamName="" useRefParam="false" />
      </Event>
    </Track>
    <Track trackName="ForbidAbilityDuration0" eventType="ForbidAbilityDuration" guid="022e1042-4d77-412f-a4c9-04c4a853dc63" enabled="true" useRefParam="false" refParamName="" r="0.000" g="0.000" b="0.000" execOnForceStopped="false" execOnActionCompleted="false" stopAfterLastEvent="true">
      <Event eventName="ForbidAbilityDuration" time="2.000" length="0.500" isDuration="true" guid="8bfa44f8-e3ff-4bf0-b543-92f760b9ef64">
        <TemplateObject name="attackerId" objectName="self" id="0" isTemp="false" refParamName="" useRefParam="false" />
        <bool name="forbidMove" value="true" refParamName="" useRefParam="false" />
        <bool name="delaySkillAbort" value="true" refParamName="" useRefParam="false" />
        <bool name="ImmuneControl" value="true" refParamName="" useRefParam="false" />
      </Event>
    </Track>
    <Track trackName="SkillInputCacheDuration0" eventType="SkillInputCacheDuration" guid="43618e12-f288-4877-9d44-4cb1ef89f0a2" enabled="false" useRefParam="false" refParamName="" r="0.000" g="0.000" b="0.000" execOnForceStopped="false" execOnActionCompleted="false" stopAfterLastEvent="true">
      <Event eventName="SkillInputCacheDuration" time="0.000" length="2.500" isDuration="true" guid="f229caec-0a3b-44b9-9e9f-acbbdb66892c">
        <TemplateObject name="targetId" objectName="self" id="0" isTemp="false" refParamName="" useRefParam="false" />
        <bool name="cacheSkill" value="true" refParamName="" useRefParam="false" />
      </Event>
    </Track>
    <Track trackName="PlayAnimDuration0" eventType="PlayAnimDuration" guid="9d243092-f160-4189-a9da-f132595032c9" enabled="true" useRefParam="false" refParamName="" r="0.000" g="0.000" b="0.000" execOnForceStopped="false" execOnActionCompleted="false" stopAfterLastEvent="true">
      <Event eventName="PlayAnimDuration" time="0.000" length="2.000" isDuration="true" guid="91f4214e-489b-4ec5-8f11-5fc15ffae726">
        <TemplateObject name="targetId" objectName="self" id="0" isTemp="false" refParamName="" useRefParam="false" />
        <String name="clipName" value="Spell1_3" refParamName="" useRefParam="false" />
        <float name="crossFadeTime" value="0.100" refParamName="" useRefParam="false" />
        <bool name="bUseFadeOutTime" value="true" refParamName="" useRefParam="false" />
        <float name="fadeOutTime" value="0.100" refParamName="" useRefParam="false" />
        <bool name="applyActionSpeed" value="true" refParamName="" useRefParam="false" />
      </Event>
    </Track>
    <Track trackName="PlayAnimDuration0" eventType="PlayAnimDuration" guid="beade3bb-4b2d-40e3-b67f-edbdcc7bced3" enabled="true" useRefParam="false" refParamName="" r="0.000" g="0.000" b="0.000" execOnForceStopped="false" execOnActionCompleted="false" stopAfterLastEvent="true">
      <Event eventName="PlayAnimDuration" time="2.000" length="1.000" isDuration="true" guid="c7be225d-605f-4033-a585-e12521436bcb">
        <TemplateObject name="targetId" objectName="self" id="0" isTemp="false" refParamName="" useRefParam="false" />
        <String name="clipName" value="Spell1_4" refParamName="" useRefParam="false" />
        <float name="crossFadeTime" value="0.100" refParamName="" useRefParam="false" />
        <bool name="bUseFadeOutTime" value="true" refParamName="" useRefParam="false" />
        <float name="fadeOutTime" value="0.200" refParamName="" useRefParam="false" />
        <bool name="applyActionSpeed" value="true" refParamName="" useRefParam="false" />
      </Event>
    </Track>
    <Track trackName="SkillTimerProcessBarDuration1" eventType="SkillTimerProcessBarDuration" guid="20cf05d1-59b1-481f-8377-a1d9ca3968b1" enabled="true" useRefParam="false" refParamName="" r="0.000" g="0.000" b="0.000" execOnForceStopped="false" execOnActionCompleted="false" stopAfterLastEvent="true">
      <Event eventName="SkillTimerProcessBarDuration" time="0.000" length="2.000" isDuration="true" guid="ddabbf51-b815-4717-9f4b-cf70f6d5b0a0">
        <TemplateObject name="targetId" objectName="self" id="0" isTemp="false" refParamName="" useRefParam="false" />
        <Enum name="timerBarStyle" value="1" EnumValue="蓄力" refParamName="" useRefParam="false" />
        <int name="CriticalPointTimePercent" value="7500" refParamName="" useRefParam="false" />
      </Event>
    </Track>
    <Track trackName="BuffPerformanceDuration7" eventType="BuffPerformanceDuration" guid="f0435d7a-bfbd-48ca-8eea-064028647e51" enabled="true" useRefParam="false" refParamName="" r="0.000" g="0.000" b="0.000" execOnForceStopped="false" execOnActionCompleted="false" stopAfterLastEvent="true">
      <Event eventName="BuffPerformanceDuration" time="0.000" length="2.500" isDuration="true" guid="d5945478-ae2f-41b0-905e-917cea626419">
        <TemplateObject name="targetId" objectName="self" id="0" isTemp="false" refParamName="" useRefParam="false" />
        <Enum name="replaceHudNameType" value="4" EnumValue="替换_霸体" refParamName="" useRefParam="false" />
        <bool name="bIsHideBuffTimerBar" value="true" refParamName="" useRefParam="false" />
      </Event>
    </Track>
    <Track trackName="15412" eventType="CheckSkinIdTick" guid="c306358f-ba54-4d5f-9aae-da7e812b6baa" enabled="true" useRefParam="false" refParamName="" r="0.000" g="0.000" b="0.000" execOnForceStopped="false" execOnActionCompleted="false" stopAfterLastEvent="true">
      <Event eventName="CheckSkinIdTick" time="0.000" isDuration="false" guid="8bb33287-cf8e-4f45-91c5-912c8cde71d1">
        <TemplateObject name="targetId" objectName="self" id="0" isTemp="false" refParamName="" useRefParam="false" />
        <int name="skinId" value="15412" refParamName="" useRefParam="false" />
        <bool name="bSkipLogicCheck" value="true" refParamName="" useRefParam="false" />
      </Event>
    </Track>
    <Track trackName="原皮" eventType="CheckSkinIdTick" guid="5777ea2a-6106-4989-a63a-dde8a0672da1" enabled="true" useRefParam="false" refParamName="" r="0.000" g="0.000" b="0.000" execOnForceStopped="false" execOnActionCompleted="false" stopAfterLastEvent="true">
      <Event eventName="CheckSkinIdTick" time="0.000" isDuration="false" guid="23bb331c-3fa7-458e-b42d-268808c89e41">
        <TemplateObject name="targetId" objectName="self" id="0" isTemp="false" refParamName="" useRefParam="false" />
        <int name="skinId" value="15412" refParamName="" useRefParam="false" />
        <bool name="bEqual" value="false" refParamName="" useRefParam="false" />
        <bool name="bSkipLogicCheck" value="true" refParamName="" useRefParam="false" />
      </Event>
    </Track>
    <Track trackName="TriggerParticle3" eventType="TriggerParticle" guid="9ac8e8f8-4928-4b63-bd4f-ae60e4367c09" enabled="true" useRefParam="false" refParamName="" r="0.000" g="0.000" b="0.000" execOnForceStopped="false" execOnActionCompleted="false" stopAfterLastEvent="true">
      <Event eventName="TriggerParticle" time="0.000" length="2.500" isDuration="true" guid="b1212030-ab1a-486a-b800-14d2109eab97">
        <TemplateObject name="targetId" objectName="self" id="0" isTemp="false" refParamName="" useRefParam="false" />
        <TemplateObject name="objectSpaceId" objectName="self" id="0" isTemp="false" refParamName="" useRefParam="false" />
        <String name="resourceName" value="prefab_skill_effects/hero_skill_effects/154_HuaMuLan/huamulan_buff03_spell01b" refParamName="" useRefParam="false" />
        <Vector3i name="scalingInt" x="10000" y="10000" z="10000" refParamName="" useRefParam="false" />
        <String name="syncAnimationName" value="" refParamName="" useRefParam="false" />
        <String name="customTagName" value="" refParamName="" useRefParam="false" />
      </Event>
    </Track>
    <Track trackName="T2延长特效表现时间" eventType="TriggerParticle" guid="39a33a05-6459-468f-b9da-e40fd1fd5139" enabled="true" useRefParam="false" refParamName="" r="0.000" g="0.000" b="0.000" execOnForceStopped="false" execOnActionCompleted="false" stopAfterLastEvent="true">
      <Condition id="9" guid="c306358f-ba54-4d5f-9aae-da7e812b6baa" status="true" />
      <Event eventName="TriggerParticle" time="0.000" length="3.000" isDuration="true" guid="8402f034-a675-43bb-b4f2-978ba865c51a">
        <TemplateObject name="targetId" objectName="self" id="0" isTemp="false" refParamName="" useRefParam="false" />
        <TemplateObject name="objectSpaceId" objectName="self" id="0" isTemp="false" refParamName="" useRefParam="false" />
        <String name="resourceName" value="prefab_skill_effects/hero_skill_effects/154_HuaMuLan/huamulan_buff02_spell01b" refParamName="" useRefParam="false" />
        <Vector3i name="scalingInt" x="10000" y="10000" z="10000" refParamName="" useRefParam="false" />
        <String name="syncAnimationName" value="" refParamName="" useRefParam="false" />
        <String name="customTagName" value="" refParamName="" useRefParam="false" />
      </Event>
    </Track>
    <Track trackName="TriggerParticle3" eventType="TriggerParticle" guid="cf407d71-af19-4fa7-adf8-7a45b3acdd99" enabled="true" useRefParam="false" refParamName="" r="0.000" g="0.000" b="0.000" execOnForceStopped="false" execOnActionCompleted="false" stopAfterLastEvent="true" SkinAvatarFilterType="11">
      <Condition id="10" guid="5777ea2a-6106-4989-a63a-dde8a0672da1" status="true" />
      <Event eventName="TriggerParticle" time="0.000" length="2.500" isDuration="true" guid="59bc0f40-ff94-4161-bca2-8659ab839814">
        <TemplateObject name="targetId" objectName="self" id="0" isTemp="false" refParamName="" useRefParam="false" />
        <TemplateObject name="objectSpaceId" objectName="self" id="0" isTemp="false" refParamName="" useRefParam="false" />
        <String name="resourceName" value="prefab_skill_effects/hero_skill_effects/154_HuaMuLan/pmin_huamulan_buff02_spell01b" refParamName="" useRefParam="false" />
        <Vector3i name="scalingInt" x="10000" y="10000" z="10000" refParamName="" useRefParam="false" />
        <String name="syncAnimationName" value="" refParamName="" useRefParam="false" />
        <String name="customTagName" value="" refParamName="" useRefParam="false" />
      </Event>
      <SkinOrAvatarList id="15413" />
    </Track>
    <Track trackName="TriggerParticle3" eventType="TriggerParticle" guid="bf70f4a6-596b-4024-8bc7-e935d3a937da" enabled="true" useRefParam="false" refParamName="" r="0.000" g="0.000" b="0.000" execOnForceStopped="false" execOnActionCompleted="false" stopAfterLastEvent="true">
      <Event eventName="TriggerParticle" time="0.000" length="2.500" isDuration="true" guid="15f33d06-414e-421b-bd1d-40b75dd599d0">
        <TemplateObject name="targetId" objectName="self" id="0" isTemp="false" refParamName="" useRefParam="false" />
        <TemplateObject name="objectSpaceId" objectName="self" id="0" isTemp="false" refParamName="" useRefParam="false" />
        <String name="resourceName" value="prefab_skill_effects/hero_skill_effects/154_HuaMuLan/huamulan_buff01_spell01b_hand_b" refParamName="" useRefParam="false" />
        <String name="bindPointName" value="Bip001 R Hand" refParamName="" useRefParam="false" />
        <Vector3i name="scalingInt" x="10000" y="10000" z="10000" refParamName="" useRefParam="false" />
        <String name="syncAnimationName" value="" refParamName="" useRefParam="false" />
        <String name="customTagName" value="" refParamName="" useRefParam="false" />
      </Event>
    </Track>
    <Track trackName="SpawnObjectDuration0" eventType="SpawnObjectDuration" guid="e8a22af8-4078-4313-893b-f729c0f328ed" enabled="true" useRefParam="false" refParamName="" r="0.000" g="0.000" b="0.000" execOnForceStopped="false" execOnActionCompleted="false" stopAfterLastEvent="true">
      <Event eventName="SpawnObjectDuration" time="2.133" length="0.500" isDuration="true" guid="62f99bf0-bb20-42cb-aca1-7b3e5a828286">
        <TemplateObject name="targetId" objectName="bullet" id="2" isTemp="true" refParamName="" useRefParam="false" />
        <TemplateObject name="parentId" objectName="self" id="0" isTemp="false" refParamName="" useRefParam="false" />
        <TemplateObject name="objectSpaceId" objectName="self" id="0" isTemp="false" refParamName="" useRefParam="false" />
        <String name="prefabName" value="prefab_characters/commonempty" refParamName="" useRefParam="false" />
        <Vector3i name="translation" x="0" y="0" z="3500" refParamName="" useRefParam="false" />
        <bool name="modifyDirection" value="true" refParamName="" useRefParam="false" />
        <Vector3i name="direction" x="0" y="0" z="0" refParamName="" useRefParam="false" />
        <TemplateObject name="visionActorId" objectName="self" id="0" isTemp="false" refParamName="" useRefParam="false" />
        <bool name="bUseSkin" value="true" refParamName="" useRefParam="false" />
        <TemplateObject name="recordTargeID" objectName="None" id="-1" isTemp="false" refParamName="" useRefParam="false" />
      </Event>
    </Track>
    <Track trackName="SetCollisionTick0" eventType="SetCollisionTick" guid="dcd824ef-bb03-4fc8-bf5c-a64a29c3c0ad" enabled="true" useRefParam="false" refParamName="" r="0.000" g="0.000" b="0.000" execOnForceStopped="false" execOnActionCompleted="false" stopAfterLastEvent="true">
      <Event eventName="SetCollisionTick" time="2.133" isDuration="false" guid="2da36db5-2981-46a0-9039-ddcc55e07090">
        <TemplateObject name="targetId" objectName="bullet" id="2" isTemp="true" refParamName="" useRefParam="false" />
        <Vector3i name="Size" x="6000" y="10000" z="8000" refParamName="" useRefParam="false" />
        <int name="Radius" value="2500" refParamName="" useRefParam="false" />
        <int name="Rotation" value="160" refParamName="" useRefParam="false" />
      </Event>
    </Track>
    <Track trackName="HitTriggerDuration0" eventType="HitTriggerDuration" guid="5ce20114-f618-4f9b-be46-1c4df3941d15" enabled="true" useRefParam="false" refParamName="" r="0.000" g="0.000" b="0.000" execOnForceStopped="false" execOnActionCompleted="false" stopAfterLastEvent="true">
      <Event eventName="HitTriggerDuration" time="2.133" length="0.200" isDuration="true" guid="f67806ba-76c8-4e03-b810-20f61a9d0254">
        <TemplateObject name="triggerId" objectName="bullet" id="2" isTemp="true" refParamName="" useRefParam="false" />
        <TemplateObject name="attackerId" objectName="self" id="0" isTemp="false" refParamName="" useRefParam="false" />
        <int name="triggerInterval" value="500" refParamName="" useRefParam="false" />
        <bool name="bFileterOrgan" value="true" refParamName="" useRefParam="false" />
        <TemplateObject name="bulletID" objectName="None" id="-1" isTemp="false" refParamName="" useRefParam="false" />
        <int name="TriggerActorCount" value="32" refParamName="" useRefParam="false" />
        <int name="CollideMaxCount" value="1" refParamName="" useRefParam="false" />
        <int name="TargetSkillCombine_1" value="254105" refParamName="" useRefParam="false" />
        <int name="TargetSkillCombine_2" value="254190" refParamName="" useRefParam="false" />
        <int name="TargetSkillCombine_3" value="254191" refParamName="" useRefParam="false" />
        <String name="BulletActionName" value="" refParamName="" useRefParam="false" />
      </Event>
    </Track>
    <Track trackName="HitTriggerTick5" eventType="HitTriggerTick" guid="714ef851-1ff7-40a6-a920-543cf8d70428" enabled="true" useRefParam="false" refParamName="" r="0.000" g="0.000" b="0.000" execOnForceStopped="false" execOnActionCompleted="false" stopAfterLastEvent="true">
      <Event eventName="HitTriggerTick" time="0.000" isDuration="false" guid="217db597-be4e-4c78-bcf4-8ea7615f89ae">
        <TemplateObject name="targetId" objectName="self" id="0" isTemp="false" refParamName="" useRefParam="false" />
        <int name="SelfSkillCombineID_1" value="254911" refParamName="" useRefParam="false" />
        <TemplateObject name="triggerId" objectName="None" id="-1" isTemp="false" refParamName="" useRefParam="false" />
      </Event>
    </Track>
    <Track trackName="HitTriggerTick5" eventType="HitTriggerTick" guid="dbf7db1d-d736-482c-8536-7e69ed275a67" enabled="false" useRefParam="false" refParamName="" r="0.000" g="0.000" b="0.000" execOnForceStopped="false" execOnActionCompleted="false" stopAfterLastEvent="true">
      <Event eventName="HitTriggerTick" time="0.000" isDuration="false" guid="42add636-9b24-440f-8480-7dc80a20db4f">
        <TemplateObject name="targetId" objectName="self" id="0" isTemp="false" refParamName="" useRefParam="false" />
        <int name="SelfSkillCombineID_1" value="254900" refParamName="" useRefParam="false" />
        <TemplateObject name="triggerId" objectName="None" id="-1" isTemp="false" refParamName="" useRefParam="false" />
      </Event>
    </Track>
    <Track trackName="ChangeSkillTriggerTick0" eventType="ChangeSkillTriggerTick" guid="7a17465b-3357-4e6e-85ac-682c311e5bff" enabled="true" useRefParam="false" refParamName="" r="0.000" g="0.000" b="0.000" execOnForceStopped="false" execOnActionCompleted="false" stopAfterLastEvent="true">
      <Event eventName="ChangeSkillTriggerTick" time="0.000" isDuration="false" guid="00e73d4e-ec20-41a3-ae86-4876d2452149">
        <TemplateObject name="targetId" objectName="self" id="0" isTemp="false" refParamName="" useRefParam="false" />
        <Enum name="slotType" value="1" EnumValue="技能1" refParamName="" useRefParam="false" />
        <int name="effectTime" value="2000" refParamName="" useRefParam="false" />
        <int name="recoverSkillID" value="25410" refParamName="" useRefParam="false" />
        <bool name="bSendEvent" value="false" refParamName="" useRefParam="false" />
        <int name="changeSkillID" value="25414" refParamName="" useRefParam="false" />
        <bool name="bOtherSkillAbort" value="true" refParamName="" useRefParam="false" />
      </Event>
    </Track>
    <Track trackName="ShowComboEffectDuration0" eventType="ShowComboEffectDuration" guid="85e76014-397f-4bf5-9484-929ab6594a3f" enabled="true" useRefParam="false" refParamName="" r="0.000" g="0.000" b="0.000" execOnForceStopped="false" execOnActionCompleted="false" stopAfterLastEvent="true">
      <Event eventName="ShowComboEffectDuration" time="0.000" length="2.000" isDuration="true" guid="f245d472-330c-4aff-8ab4-a90815df3d4c">
        <Enum name="slotType" value="1" EnumValue="技能1" refParamName="" useRefParam="false" />
      </Event>
    </Track>
    <Track trackName="ChangeSkillTriggerTick0" eventType="ChangeSkillTriggerTick" guid="413116ff-31a8-4a78-a980-64c865f20ba4" enabled="true" useRefParam="false" refParamName="" r="0.000" g="0.000" b="0.000" execOnForceStopped="false" execOnActionCompleted="false" stopAfterLastEvent="true">
      <Event eventName="ChangeSkillTriggerTick" time="0.000" isDuration="false" guid="b5f63b7d-6136-4182-bc53-55703a13442b">
        <TemplateObject name="targetId" objectName="self" id="0" isTemp="false" refParamName="" useRefParam="false" />
        <Enum name="slotType" value="1" EnumValue="技能1" refParamName="" useRefParam="false" />
        <int name="effectTime" value="1000" refParamName="" useRefParam="false" />
        <int name="recoverSkillID" value="25410" refParamName="" useRefParam="false" />
        <bool name="bSendEvent" value="false" refParamName="" useRefParam="false" />
        <int name="changeSkillID" value="25414" refParamName="" useRefParam="false" />
        <bool name="bOtherSkillAbort" value="true" refParamName="" useRefParam="false" />
      </Event>
    </Track>
    <Track trackName="ChangeSkillTriggerTick0" eventType="ChangeSkillTriggerTick" guid="2647dc72-a052-4e8f-9fc9-61c99086004d" enabled="true" useRefParam="false" refParamName="" r="0.000" g="0.000" b="0.000" execOnForceStopped="false" execOnActionCompleted="false" stopAfterLastEvent="true">
      <Event eventName="ChangeSkillTriggerTick" time="0.750" isDuration="false" guid="ef0d6ea5-ed68-4d39-9416-ce63fab557aa">
        <TemplateObject name="targetId" objectName="self" id="0" isTemp="false" refParamName="" useRefParam="false" />
        <Enum name="slotType" value="1" EnumValue="技能1" refParamName="" useRefParam="false" />
        <int name="effectTime" value="1000" refParamName="" useRefParam="false" />
        <int name="recoverSkillID" value="25410" refParamName="" useRefParam="false" />
        <bool name="bSendEvent" value="false" refParamName="" useRefParam="false" />
        <int name="changeSkillID" value="25415" refParamName="" useRefParam="false" />
        <bool name="bOtherSkillAbort" value="true" refParamName="" useRefParam="false" />
      </Event>
    </Track>
    <Track trackName="ChangeSkillTriggerTick0" eventType="ChangeSkillTriggerTick" guid="ae537e67-991d-4ce3-9636-d60e3b9a9633" enabled="true" useRefParam="false" refParamName="" r="0.000" g="0.000" b="0.000" execOnForceStopped="false" execOnActionCompleted="false" stopAfterLastEvent="true">
      <Event eventName="ChangeSkillTriggerTick" time="1.500" isDuration="false" guid="3cc592dc-a046-4c89-bc8d-96c2d95f3416">
        <TemplateObject name="targetId" objectName="self" id="0" isTemp="false" refParamName="" useRefParam="false" />
        <Enum name="slotType" value="1" EnumValue="技能1" refParamName="" useRefParam="false" />
        <int name="effectTime" value="1000" refParamName="" useRefParam="false" />
        <int name="recoverSkillID" value="25410" refParamName="" useRefParam="false" />
        <bool name="bSendEvent" value="false" refParamName="" useRefParam="false" />
        <int name="changeSkillID" value="25416" refParamName="" useRefParam="false" />
        <bool name="bOtherSkillAbort" value="true" refParamName="" useRefParam="false" />
      </Event>
    </Track>
    <Track trackName="SkillCDTriggerTick1" eventType="SkillCDTriggerTick" guid="ee86c9ff-5a18-4f24-b1e3-dd653f6adee7" enabled="true" useRefParam="false" refParamName="" r="0.000" g="0.000" b="0.000" execOnForceStopped="false" execOnActionCompleted="false" stopAfterLastEvent="true">
      <Event eventName="SkillCDTriggerTick" time="2.000" isDuration="false" guid="8c5494de-c1d7-40f2-959f-35b5e41e8a0b">
        <TemplateObject name="targetId" objectName="self" id="0" isTemp="false" refParamName="" useRefParam="false" />
      </Event>
    </Track>
    <Track trackName="HitTriggerTick5" eventType="HitTriggerTick" guid="9b551a61-33cf-4ebb-83ff-c1b9ceee48a0" enabled="false" useRefParam="false" refParamName="" r="0.000" g="0.000" b="0.000" execOnForceStopped="true" execOnActionCompleted="false" stopAfterLastEvent="true">
      <Event eventName="HitTriggerTick" time="2.400" isDuration="false" guid="fb0fac59-e1cd-432f-81ae-8fc87eb663ae">
        <TemplateObject name="targetId" objectName="self" id="0" isTemp="false" refParamName="" useRefParam="false" />
        <int name="SelfSkillCombineID_1" value="254910" refParamName="" useRefParam="false" />
        <TemplateObject name="triggerId" objectName="None" id="-1" isTemp="false" refParamName="" useRefParam="false" />
      </Event>
    </Track>
    <Track trackName="HitTriggerTick5" eventType="HitTriggerTick" guid="974e6f80-830f-4590-9b23-0662c4d62729" enabled="false" useRefParam="false" refParamName="" r="0.000" g="0.000" b="0.000" execOnForceStopped="false" execOnActionCompleted="false" stopAfterLastEvent="true">
      <Condition id="17" guid="5ce20114-f618-4f9b-be46-1c4df3941d15" status="true" />
      <Event eventName="HitTriggerTick" time="0.000" isDuration="false" guid="37ebdf13-020c-4dc2-8c56-bbe869ed0889">
        <TemplateObject name="targetId" objectName="self" id="0" isTemp="false" refParamName="" useRefParam="false" />
        <int name="SelfSkillCombineID_1" value="254150" refParamName="" useRefParam="false" />
        <TemplateObject name="triggerId" objectName="None" id="-1" isTemp="false" refParamName="" useRefParam="false" />
      </Event>
    </Track>
    <Track trackName="TriggerParticleTick0" eventType="TriggerParticleTick" guid="b7a8b489-e24b-48ba-b986-330c8b855315" enabled="true" useRefParam="false" refParamName="" r="0.000" g="0.000" b="0.000" execOnForceStopped="false" execOnActionCompleted="false" stopAfterLastEvent="true">
      <Condition id="10" guid="5777ea2a-6106-4989-a63a-dde8a0672da1" status="true" />
      <Event eventName="TriggerParticleTick" time="2.067" isDuration="false" guid="af16cd72-f5eb-47b0-b1ac-0c35df3058e6">
        <TemplateObject name="targetId" objectName="None" id="-1" isTemp="false" refParamName="" useRefParam="false" />
        <TemplateObject name="objectSpaceId" objectName="self" id="0" isTemp="false" refParamName="" useRefParam="false" />
        <String name="resourceName" value="prefab_skill_effects/hero_skill_effects/154_HuaMuLan/huamulan_attack02_spell01b" refParamName="" useRefParam="false" />
        <Vector3i name="scalingInt" x="10000" y="10000" z="10000" refParamName="" useRefParam="false" />
      </Event>
    </Track>
    <Track trackName="15412强制不剪裁" eventType="TriggerParticleTick" guid="e78df592-f85b-45ac-8e33-05eba9d3aae7" enabled="true" useRefParam="false" refParamName="" r="0.000" g="0.000" b="0.000" execOnForceStopped="false" execOnActionCompleted="false" stopAfterLastEvent="true">
      <Condition id="9" guid="c306358f-ba54-4d5f-9aae-da7e812b6baa" status="true" />
      <Event eventName="TriggerParticleTick" time="2.067" isDuration="false" guid="bb9e2155-e6a2-4077-9c61-5a309b560200">
        <TemplateObject name="targetId" objectName="None" id="-1" isTemp="false" refParamName="" useRefParam="false" />
        <TemplateObject name="objectSpaceId" objectName="self" id="0" isTemp="false" refParamName="" useRefParam="false" />
        <String name="resourceName" value="prefab_skill_effects/hero_skill_effects/154_HuaMuLan/huamulan_attack02_spell01b" refParamName="" useRefParam="false" />
        <Vector3i name="scalingInt" x="10000" y="10000" z="10000" refParamName="" useRefParam="false" />
        <bool name="bForceIngoreCull" value="true" refParamName="" useRefParam="false" />
      </Event>
    </Track>
    <Track trackName="TriggerParticleTick0" eventType="TriggerParticleTick" guid="1f123527-34b6-46b3-b303-7b2d007bce74" enabled="true" useRefParam="false" refParamName="" r="0.000" g="0.000" b="0.000" execOnForceStopped="false" execOnActionCompleted="false" stopAfterLastEvent="true">
      <Event eventName="TriggerParticleTick" time="2.067" isDuration="false" guid="c02bb79b-f607-4f03-945a-6842dd773740">
        <TemplateObject name="targetId" objectName="None" id="-1" isTemp="false" refParamName="" useRefParam="false" />
        <TemplateObject name="objectSpaceId" objectName="self" id="0" isTemp="false" refParamName="" useRefParam="false" />
        <String name="resourceName" value="prefab_skill_effects/hero_skill_effects/154_HuaMuLan/huamulan_attack02b_spell01b" refParamName="" useRefParam="false" />
        <Vector3i name="scalingInt" x="10000" y="10000" z="10000" refParamName="" useRefParam="false" />
      </Event>
    </Track>
    <Track trackName="SpawnBulletTick0" eventType="SpawnBulletTick" guid="16f4b4eb-831a-40df-aa6e-3961940a7328" enabled="true" useRefParam="false" refParamName="" r="0.000" g="0.000" b="0.000" execOnForceStopped="false" execOnActionCompleted="false" stopAfterLastEvent="true">
      <Event eventName="SpawnBulletTick" time="2.133" isDuration="false" guid="5201beb0-0815-4d73-b411-5c6e2db010ac">
        <TemplateObject name="targetId" objectName="self" id="0" isTemp="false" refParamName="" useRefParam="false" />
        <String name="ActionName" value="prefab_characters/prefab_hero/154_HuaMuLan/skill/C2C0" refParamName="" useRefParam="false" />
      </Event>
    </Track>
    <Track trackName="CameraShakeDuration0" eventType="CameraShakeDuration" guid="bc61d007-b39c-4239-bfdd-6104dfced4ea" enabled="false" useRefParam="false" refParamName="" r="0.000" g="0.000" b="0.000" execOnForceStopped="false" execOnActionCompleted="false" stopAfterLastEvent="true">
      <Event eventName="CameraShakeDuration" time="2.100" length="0.300" isDuration="true" guid="be319df5-e6d2-40f6-9a65-4c0177b8b854">
        <bool name="useMainCamera" value="true" refParamName="" useRefParam="false" />
        <bool name="filter_self" value="true" refParamName="" useRefParam="false" />
        <bool name="filter_target" value="true" refParamName="" useRefParam="false" />
        <bool name="canBeCover" value="false" refParamName="" useRefParam="false" />
        <Vector3 name="shakeRange" x="0.300" y="0.400" z="0.300" refParamName="" useRefParam="false" />
      </Event>
    </Track>
    <Track trackName="SkillEffectDuration14" eventType="SkillEffectDuration" guid="63ac0caf-8fc0-4fc9-bd52-03178988f6dc" enabled="true" useRefParam="false" refParamName="" r="0.000" g="0.000" b="0.000" execOnForceStopped="false" execOnActionCompleted="false" stopAfterLastEvent="true">
      <Event eventName="SkillEffectDuration" time="0.000" length="2.400" isDuration="true" guid="8df622e5-d0a5-4503-96e0-8b2952c55dc6">
        <TemplateObject name="targetId" objectName="self" id="0" isTemp="false" refParamName="" useRefParam="false" />
        <int name="skillCombine_1" value="254900" refParamName="" useRefParam="false" />
      </Event>
    </Track>
    <Track trackName="PlayHeroSoundTick0" eventType="PlayHeroSoundTick" guid="bf5f6f53-9261-44f5-8c95-56deb5697b58" enabled="true" useRefParam="false" refParamName="" r="0.000" g="0.000" b="0.000" execOnForceStopped="false" execOnActionCompleted="false" stopAfterLastEvent="true">
      <Event eventName="PlayHeroSoundTick" time="0.000" isDuration="false" guid="19ce541e-c9a8-4121-a541-35c1f80be390">
        <TemplateObject name="targetId" objectName="self" id="0" isTemp="false" refParamName="" useRefParam="false" />
        <TemplateObject name="sourceId" objectName="self" id="0" isTemp="false" refParamName="" useRefParam="false" />
        <String name="eventName" value="Play_154_Yena_Skill_A_S_Cast" refParamName="" useRefParam="false" />
      </Event>
    </Track>
    <Track trackName="PlayHeroSoundTick0" eventType="PlayHeroSoundTick" guid="dfbffe99-8d95-4599-aed3-6bfe12ae9389" enabled="true" useRefParam="false" refParamName="" r="0.000" g="0.000" b="0.000" execOnForceStopped="false" execOnActionCompleted="false" stopAfterLastEvent="true">
      <Event eventName="PlayHeroSoundTick" time="2.000" isDuration="false" guid="1e3b3427-ca30-484b-bba9-2229f77c0732">
        <TemplateObject name="targetId" objectName="self" id="0" isTemp="false" refParamName="" useRefParam="false" />
        <TemplateObject name="sourceId" objectName="self" id="0" isTemp="false" refParamName="" useRefParam="false" />
        <String name="eventName" value="Play_154_Yena_Skill_A_S_Shot" refParamName="" useRefParam="false" />
      </Event>
    </Track>
    <Track trackName="T2延长特效表现时间" eventType="TriggerParticle" guid="77918f27-6684-492d-b2bc-f1efe27fd8d0" enabled="true" useRefParam="false" refParamName="" r="0.000" g="0.000" b="0.000" execOnForceStopped="false" execOnActionCompleted="false" stopAfterLastEvent="true" SkinAvatarFilterType="9">
      <Event eventName="TriggerParticle" time="0.000" length="3.000" isDuration="true" guid="c16872d2-9f92-4d1c-9fc6-848bb85ce193">
        <TemplateObject name="targetId" objectName="self" id="0" isTemp="false" refParamName="" useRefParam="false" />
        <TemplateObject name="objectSpaceId" objectName="self" id="0" isTemp="false" refParamName="" useRefParam="false" />
        <String name="resourceName" value="prefab_skill_effects/hero_skill_effects/154_HuaMuLan/huamulan_buff02_spell01b" refParamName="" useRefParam="false" />
        <String name="syncAnimationName" value="" refParamName="" useRefParam="false" />
        <String name="customTagName" value="" refParamName="" useRefParam="false" />
      </Event>
      <SkinOrAvatarList id="15413" />
    </Track>
    <Track trackName="T2延长特效表现时间" eventType="TriggerParticle" guid="77918f27-6684-492d-b2bc-f1efe27fd8d0" enabled="true" useRefParam="false" refParamName="" r="0.000" g="0.000" b="0.000" execOnForceStopped="false" execOnActionCompleted="false" stopAfterLastEvent="true" SkinAvatarFilterType="11">
      <Event eventName="TriggerParticle" time="0.000" length="3.000" isDuration="true" guid="c16872d2-9f92-4d1c-9fc6-848bb85ce193">
        <TemplateObject name="targetId" objectName="self" id="0" isTemp="false" refParamName="" useRefParam="false" />
        <TemplateObject name="objectSpaceId" objectName="self" id="0" isTemp="false" refParamName="" useRefParam="false" />
        <String name="resourceName" value="prefab_skill_effects/hero_skill_effects/154_HuaMuLan/huamulan_buff02_spell01b" refParamName="" useRefParam="false" />
        <String name="syncAnimationName" value="" refParamName="" useRefParam="false" />
        <String name="customTagName" value="" refParamName="" useRefParam="false" />
      </Event>
      <SkinOrAvatarList id="15413" />
    </Track>
  </Action>
</Project>