﻿<?xml version="1.0" encoding="utf-8"?>
<Project>
  <TemplateObjectList>
    <TemplateObject objectName="self" id="0" isTemp="false" />
    <TemplateObject objectName="target" id="1" isTemp="false" />
    <TemplateObject objectName="bullet" id="2" isTemp="true" />
    <TemplateObject objectName="bullet2" id="3" isTemp="true" />
  </TemplateObjectList>
  <RefParamList>
    <Vector3i name="targetdir" x="0" y="0" z="0" refParamName="" useRefParam="false" />
  </RefParamList>
  <Action tag="" length="1.000" loop="false">
    <Track trackName="SetBehaviourModeTick0" eventType="SetBehaviourModeTick" guid="884649fb-eee1-4f09-8e8c-136817834eb9" enabled="true" useRefParam="false" refParamName="" r="0.000" g="0.000" b="0.000" execOnForceStopped="false" execOnActionCompleted="false" stopAfterLastEvent="true">
      <Event eventName="SetBehaviourModeTick" time="0.000" isDuration="false" guid="2ca37ceb-723d-4f04-a33e-b8a4ce88f4e5">
        <TemplateObject name="targetId" objectName="self" id="0" isTemp="false" refParamName="" useRefParam="false" />
      </Event>
    </Track>
    <Track trackName="SetAttackDirDuration0" eventType="SetAttackDirDuration" guid="13f98c0c-0c95-4e18-aeb2-1fef43e76e8b" enabled="false" useRefParam="false" refParamName="" r="0.000" g="0.000" b="0.000" execOnForceStopped="false" execOnActionCompleted="false" stopAfterLastEvent="true">
      <Event eventName="SetAttackDirDuration" time="0.000" length="0.050" isDuration="true" guid="87fe0371-1fd8-4724-a159-d660a83dd132">
        <TemplateObject name="attackerId" objectName="self" id="0" isTemp="false" refParamName="" useRefParam="false" />
      </Event>
    </Track>
    <Track trackName="ForbidAbilityDuration0" eventType="ForbidAbilityDuration" guid="70d891be-ca4c-4c49-af6f-53ed54d35f4b" enabled="true" useRefParam="false" refParamName="" r="0.000" g="0.000" b="0.000" execOnForceStopped="false" execOnActionCompleted="false" stopAfterLastEvent="true">
      <Event eventName="ForbidAbilityDuration" time="0.000" length="0.500" isDuration="true" guid="a9b6e672-e69b-4d02-8802-fd34ecd9770c">
        <TemplateObject name="attackerId" objectName="self" id="0" isTemp="false" refParamName="" useRefParam="false" />
        <bool name="forbidMove" value="true" refParamName="" useRefParam="false" />
        <bool name="ImmuneControl" value="true" refParamName="" useRefParam="false" />
      </Event>
    </Track>
    <Track trackName="SkillInputCacheDuration0" eventType="SkillInputCacheDuration" guid="43618e12-f288-4877-9d44-4cb1ef89f0a2" enabled="false" useRefParam="false" refParamName="" r="0.000" g="0.000" b="0.000" execOnForceStopped="false" execOnActionCompleted="false" stopAfterLastEvent="true">
      <Event eventName="SkillInputCacheDuration" time="0.000" length="0.500" isDuration="true" guid="fb953bba-0aad-4b58-b32a-ad7e33447421">
        <TemplateObject name="targetId" objectName="self" id="0" isTemp="false" refParamName="" useRefParam="false" />
        <bool name="cacheSkill" value="true" refParamName="" useRefParam="false" />
      </Event>
    </Track>
    <Track trackName="PlayAnimDuration0" eventType="PlayAnimDuration" guid="9d243092-f160-4189-a9da-f132595032c9" enabled="true" useRefParam="false" refParamName="" r="0.000" g="0.000" b="0.000" execOnForceStopped="false" execOnActionCompleted="false" stopAfterLastEvent="true">
      <Event eventName="PlayAnimDuration" time="0.000" length="1.000" isDuration="true" guid="df0d388b-ef3e-4111-ac97-63a721755ae6">
        <TemplateObject name="targetId" objectName="self" id="0" isTemp="false" refParamName="" useRefParam="false" />
        <String name="clipName" value="Spell1_6" refParamName="" useRefParam="false" />
        <float name="crossFadeTime" value="0.100" refParamName="" useRefParam="false" />
        <bool name="bUseFadeOutTime" value="true" refParamName="" useRefParam="false" />
        <float name="fadeOutTime" value="0.500" refParamName="" useRefParam="false" />
        <bool name="applyActionSpeed" value="true" refParamName="" useRefParam="false" />
      </Event>
    </Track>
    <Track trackName="SpawnObjectDuration0" eventType="SpawnObjectDuration" guid="e8a22af8-4078-4313-893b-f729c0f328ed" enabled="true" useRefParam="false" refParamName="" r="0.000" g="0.000" b="0.000" execOnForceStopped="false" execOnActionCompleted="false" stopAfterLastEvent="true">
      <Event eventName="SpawnObjectDuration" time="0.133" length="0.200" isDuration="true" guid="ec052fe5-6e71-4744-abab-26cb722c451a">
        <TemplateObject name="targetId" objectName="bullet" id="2" isTemp="true" refParamName="" useRefParam="false" />
        <TemplateObject name="parentId" objectName="self" id="0" isTemp="false" refParamName="" useRefParam="false" />
        <TemplateObject name="objectSpaceId" objectName="self" id="0" isTemp="false" refParamName="" useRefParam="false" />
        <String name="prefabName" value="prefab_characters/commonempty" refParamName="" useRefParam="false" />
        <Vector3i name="translation" x="0" y="0" z="3500" refParamName="" useRefParam="false" />
        <bool name="modifyDirection" value="true" refParamName="" useRefParam="false" />
        <Vector3i name="direction" x="0" y="0" z="0" refParamName="" useRefParam="false" />
        <TemplateObject name="visionActorId" objectName="self" id="0" isTemp="false" refParamName="" useRefParam="false" />
        <bool name="bUseSkin" value="true" refParamName="" useRefParam="false" />
        <TemplateObject name="recordTargeID" objectName="None" id="-1" isTemp="false" refParamName="" useRefParam="false" />
      </Event>
    </Track>
    <Track trackName="SetCollisionTick0" eventType="SetCollisionTick" guid="dcd824ef-bb03-4fc8-bf5c-a64a29c3c0ad" enabled="true" useRefParam="false" refParamName="" r="0.000" g="0.000" b="0.000" execOnForceStopped="false" execOnActionCompleted="false" stopAfterLastEvent="true">
      <Event eventName="SetCollisionTick" time="0.133" isDuration="false" guid="412c9da0-24f2-4d2b-9fe4-63f6f5259f76">
        <TemplateObject name="targetId" objectName="bullet" id="2" isTemp="true" refParamName="" useRefParam="false" />
        <Vector3i name="Size" x="6000" y="10000" z="8000" refParamName="" useRefParam="false" />
        <int name="Radius" value="2500" refParamName="" useRefParam="false" />
        <int name="Rotation" value="160" refParamName="" useRefParam="false" />
      </Event>
    </Track>
    <Track trackName="HitTriggerDuration0" eventType="HitTriggerDuration" guid="5ce20114-f618-4f9b-be46-1c4df3941d15" enabled="true" useRefParam="false" refParamName="" r="0.000" g="0.000" b="0.000" execOnForceStopped="false" execOnActionCompleted="false" stopAfterLastEvent="true">
      <Event eventName="HitTriggerDuration" time="0.133" length="0.200" isDuration="true" guid="3d34f11e-d19f-42f7-baee-bbb2a29b2577">
        <TemplateObject name="triggerId" objectName="bullet" id="2" isTemp="true" refParamName="" useRefParam="false" />
        <TemplateObject name="attackerId" objectName="self" id="0" isTemp="false" refParamName="" useRefParam="false" />
        <int name="triggerInterval" value="500" refParamName="" useRefParam="false" />
        <bool name="bFileterOrgan" value="true" refParamName="" useRefParam="false" />
        <int name="TriggerActorCount" value="32" refParamName="" useRefParam="false" />
        <int name="CollideMaxCount" value="1" refParamName="" useRefParam="false" />
        <int name="TargetSkillCombine_1" value="254105" refParamName="" useRefParam="false" />
        <int name="TargetSkillCombine_2" value="254190" refParamName="" useRefParam="false" />
        <int name="TargetSkillCombine_3" value="254191" refParamName="" useRefParam="false" />
        <String name="BulletActionName" value="" refParamName="" useRefParam="false" />
      </Event>
    </Track>
    <Track trackName="HitTriggerTick5" eventType="HitTriggerTick" guid="dbf7db1d-d736-482c-8536-7e69ed275a67" enabled="false" useRefParam="false" refParamName="" r="0.000" g="0.000" b="0.000" execOnForceStopped="false" execOnActionCompleted="false" stopAfterLastEvent="true">
      <Event eventName="HitTriggerTick" time="0.000" isDuration="false" guid="0a2e8b39-74db-4fda-8680-7665b4cf820a">
        <TemplateObject name="targetId" objectName="self" id="0" isTemp="false" refParamName="" useRefParam="false" />
        <int name="SelfSkillCombineID_1" value="254900" refParamName="" useRefParam="false" />
        <TemplateObject name="triggerId" objectName="None" id="-1" isTemp="false" refParamName="" useRefParam="false" />
      </Event>
    </Track>
    <Track trackName="ChangeSkillTriggerTick0" eventType="ChangeSkillTriggerTick" guid="7a17465b-3357-4e6e-85ac-682c311e5bff" enabled="true" useRefParam="false" refParamName="" r="0.000" g="0.000" b="0.000" execOnForceStopped="false" execOnActionCompleted="false" stopAfterLastEvent="true">
      <Event eventName="ChangeSkillTriggerTick" time="0.000" isDuration="false" guid="52b387ca-b7f6-44a6-a502-a5e8b5abbfac">
        <TemplateObject name="targetId" objectName="self" id="0" isTemp="false" refParamName="" useRefParam="false" />
        <Enum name="slotType" value="1" EnumValue="技能1" refParamName="" useRefParam="false" />
        <int name="recoverSkillID" value="25410" refParamName="" useRefParam="false" />
        <int name="changeSkillID" value="25410" refParamName="" useRefParam="false" />
      </Event>
    </Track>
    <Track trackName="HitTriggerTick5" eventType="HitTriggerTick" guid="99e69f08-1267-4dcb-87c3-27e9f4e3f97d" enabled="true" useRefParam="false" refParamName="" r="0.000" g="0.000" b="0.000" execOnForceStopped="false" execOnActionCompleted="false" stopAfterLastEvent="true">
      <Condition id="7" guid="5ce20114-f618-4f9b-be46-1c4df3941d15" status="true" />
      <Event eventName="HitTriggerTick" time="0.000" isDuration="false" guid="768aa87c-fd05-459e-afb7-729892b756ad">
        <TemplateObject name="targetId" objectName="self" id="0" isTemp="false" refParamName="" useRefParam="false" />
        <int name="SelfSkillCombineID_1" value="254150" refParamName="" useRefParam="false" />
        <TemplateObject name="triggerId" objectName="None" id="-1" isTemp="false" refParamName="" useRefParam="false" />
      </Event>
    </Track>
    <Track trackName="HitTriggerTick5" eventType="HitTriggerTick" guid="0105cf8e-227f-4525-86d8-439d41432006" enabled="false" useRefParam="false" refParamName="" r="0.000" g="0.000" b="0.000" execOnForceStopped="true" execOnActionCompleted="false" stopAfterLastEvent="true">
      <Event eventName="HitTriggerTick" time="0.400" isDuration="false" guid="60b23358-c9ac-4dff-ac30-48494e0e2d33">
        <TemplateObject name="targetId" objectName="self" id="0" isTemp="false" refParamName="" useRefParam="false" />
        <int name="SelfSkillCombineID_1" value="254910" refParamName="" useRefParam="false" />
        <TemplateObject name="triggerId" objectName="None" id="-1" isTemp="false" refParamName="" useRefParam="false" />
      </Event>
    </Track>
    <Track trackName="TriggerParticleTick0" eventType="TriggerParticleTick" guid="22891b4e-ccdc-42a0-9ffe-6f44d959c8ec" enabled="true" useRefParam="false" refParamName="" r="0.000" g="0.000" b="0.000" execOnForceStopped="false" execOnActionCompleted="false" stopAfterLastEvent="true">
      <Event eventName="TriggerParticleTick" time="0.067" isDuration="false" guid="e8115f33-6638-4a53-a866-569146dc16d0">
        <TemplateObject name="targetId" objectName="None" id="-1" isTemp="false" refParamName="" useRefParam="false" />
        <TemplateObject name="objectSpaceId" objectName="self" id="0" isTemp="false" refParamName="" useRefParam="false" />
        <String name="resourceName" value="prefab_skill_effects/hero_skill_effects/154_HuaMuLan/huamulan_attack01b_spell01b" refParamName="" useRefParam="false" />
      </Event>
    </Track>
    <Track trackName="SkillEffectDuration8" eventType="SkillEffectDuration" guid="57395578-02a6-44d7-8dc6-baac09941d61" enabled="true" useRefParam="false" refParamName="" r="0.000" g="0.000" b="0.000" execOnForceStopped="false" execOnActionCompleted="false" stopAfterLastEvent="true">
      <Event eventName="SkillEffectDuration" time="0.000" length="0.500" isDuration="true" guid="591b95c3-8e75-4c86-813e-f6a0cb4a6824">
        <TemplateObject name="targetId" objectName="self" id="0" isTemp="false" refParamName="" useRefParam="false" />
        <int name="skillCombine_1" value="254900" refParamName="" useRefParam="false" />
      </Event>
    </Track>
    <Track trackName="15412" eventType="CheckSkinIdTick" guid="890ce667-35de-4c09-92d0-8d08432499bd" enabled="true" useRefParam="false" refParamName="" r="0.000" g="0.000" b="0.000" execOnForceStopped="false" execOnActionCompleted="false" stopAfterLastEvent="true">
      <Event eventName="CheckSkinIdTick" time="0.000" isDuration="false" guid="851738a6-d1dc-4802-a08c-6b82e7ccb572">
        <TemplateObject name="targetId" objectName="self" id="0" isTemp="false" refParamName="" useRefParam="false" />
        <int name="skinId" value="15412" refParamName="" useRefParam="false" />
        <bool name="bSkipLogicCheck" value="true" refParamName="" useRefParam="false" />
      </Event>
    </Track>
    <Track trackName="原皮" eventType="CheckSkinIdTick" guid="aaaa095c-33fd-42c5-90db-b70acc56835a" enabled="true" useRefParam="false" refParamName="" r="0.000" g="0.000" b="0.000" execOnForceStopped="false" execOnActionCompleted="false" stopAfterLastEvent="true">
      <Event eventName="CheckSkinIdTick" time="0.000" isDuration="false" guid="348d71ee-d517-49e4-86fa-309d60029195">
        <TemplateObject name="targetId" objectName="self" id="0" isTemp="false" refParamName="" useRefParam="false" />
        <int name="skinId" value="15412" refParamName="" useRefParam="false" />
        <bool name="bEqual" value="false" refParamName="" useRefParam="false" />
        <bool name="bSkipLogicCheck" value="true" refParamName="" useRefParam="false" />
      </Event>
    </Track>
    <Track trackName="TriggerParticleTick0" eventType="TriggerParticleTick" guid="fdfb76c9-0a2c-4c77-989a-8b417c403563" enabled="true" useRefParam="false" refParamName="" r="0.000" g="0.000" b="0.000" execOnForceStopped="false" execOnActionCompleted="false" stopAfterLastEvent="true">
      <Condition id="14" guid="890ce667-35de-4c09-92d0-8d08432499bd" status="true" />
      <Event eventName="TriggerParticleTick" time="0.067" isDuration="false" guid="71b9982a-8892-4b6e-aad1-34b2971bc2fe">
        <TemplateObject name="targetId" objectName="None" id="-1" isTemp="false" refParamName="" useRefParam="false" />
        <TemplateObject name="objectSpaceId" objectName="self" id="0" isTemp="false" refParamName="" useRefParam="false" />
        <String name="resourceName" value="prefab_skill_effects/hero_skill_effects/154_HuaMuLan/huamulan_attack01_spell01b" refParamName="" useRefParam="false" />
        <bool name="bForceIngoreCull" value="true" refParamName="" useRefParam="false" />
      </Event>
    </Track>
    <Track trackName="TriggerParticleTick0" eventType="TriggerParticleTick" guid="c57b0167-4fb8-4679-881d-b5c46893ea6e" enabled="true" useRefParam="false" refParamName="" r="0.000" g="0.000" b="0.000" execOnForceStopped="false" execOnActionCompleted="false" stopAfterLastEvent="true" SkinAvatarFilterType="11">
      <Condition id="15" guid="aaaa095c-33fd-42c5-90db-b70acc56835a" status="true" />
      <Event eventName="TriggerParticleTick" time="0.067" isDuration="false" guid="2d88cc24-30fc-44fd-8328-806aebe10874">
        <TemplateObject name="targetId" objectName="None" id="-1" isTemp="false" refParamName="" useRefParam="false" />
        <TemplateObject name="objectSpaceId" objectName="self" id="0" isTemp="false" refParamName="" useRefParam="false" />
        <String name="resourceName" value="prefab_skill_effects/hero_skill_effects/154_HuaMuLan/pmin_huamulan_attack01_spell01b" refParamName="" useRefParam="false" />
      </Event>
      <SkinOrAvatarList id="15413" />
    </Track>
    <Track trackName="PlayHeroSoundTick0" eventType="PlayHeroSoundTick" guid="ad8890f7-f61e-412b-b237-6688b1bacb39" enabled="true" useRefParam="false" refParamName="" r="0.000" g="0.000" b="0.000" execOnForceStopped="false" execOnActionCompleted="false" stopAfterLastEvent="true">
      <Event eventName="PlayHeroSoundTick" time="0.000" isDuration="false" guid="eaac80c8-4fe7-4f63-b911-b7c9200e81f9">
        <TemplateObject name="targetId" objectName="self" id="0" isTemp="false" refParamName="" useRefParam="false" />
        <TemplateObject name="sourceId" objectName="self" id="0" isTemp="false" refParamName="" useRefParam="false" />
        <String name="eventName" value="Play_154_Yena_Skill_A_S_Shot" refParamName="" useRefParam="false" />
      </Event>
    </Track>
    <Track trackName="PlayHeroSoundTick0" eventType="PlayHeroSoundTick" guid="ddf5fab8-ded6-4b48-86a3-45f6dd198a1a" enabled="true" useRefParam="false" refParamName="" r="0.000" g="0.000" b="0.000" execOnForceStopped="false" execOnActionCompleted="false" stopAfterLastEvent="true">
      <Event eventName="PlayHeroSoundTick" time="0.000" isDuration="false" guid="b3702474-e2c7-4598-9aae-e70117ced766">
        <TemplateObject name="targetId" objectName="self" id="0" isTemp="false" refParamName="" useRefParam="false" />
        <TemplateObject name="sourceId" objectName="self" id="0" isTemp="false" refParamName="" useRefParam="false" />
        <String name="eventName" value="Play_YeNa_VOX_Anger" refParamName="" useRefParam="false" />
      </Event>
    </Track>
    <Track trackName="SpawnBulletTick2" eventType="SpawnBulletTick" guid="a4fcd80e-d285-4538-916e-9d7df743e6b1" enabled="true" useRefParam="false" refParamName="" r="0.000" g="0.000" b="0.000" execOnForceStopped="false" execOnActionCompleted="false" stopAfterLastEvent="true">
      <Event eventName="SpawnBulletTick" time="0.133" isDuration="false" guid="8ce1cf4e-9439-4446-bca9-9608101dae5d">
        <TemplateObject name="targetId" objectName="self" id="0" isTemp="false" refParamName="" useRefParam="false" />
        <String name="ActionName" value="prefab_characters/prefab_hero/154_HuaMuLan/skill/C2C0" refParamName="" useRefParam="false" />
      </Event>
    </Track>
    <Track trackName="StopTrack2" eventType="StopTrack" guid="c3d0d188-4ecc-4d20-b45c-eac007a83995" enabled="true" useRefParam="false" refParamName="" r="0.000" g="0.000" b="0.000" execOnForceStopped="false" execOnActionCompleted="false" stopAfterLastEvent="true">
      <Event eventName="StopTrack" time="0.500" isDuration="false" guid="61220eec-a9ab-443a-ad51-e4a4360d2e7f">
        <TrackObject name="trackId" id="4" guid="9d243092-f160-4189-a9da-f132595032c9" refParamName="" useRefParam="false" />
      </Event>
    </Track>
    <Track trackName="TriggerParticleTick0" eventType="TriggerParticleTick" guid="e5627603-da22-4464-bfa1-1c1421dfa7dc" enabled="true" useRefParam="false" refParamName="" r="0.000" g="0.000" b="0.000" execOnForceStopped="false" execOnActionCompleted="false" stopAfterLastEvent="true" SkinAvatarFilterType="9">
      <Event eventName="TriggerParticleTick" time="0.067" isDuration="false" guid="06ca3236-6e2c-46ab-8b3a-7f165a3e5ed9">
        <TemplateObject name="targetId" objectName="None" id="-1" isTemp="false" refParamName="" useRefParam="false" />
        <TemplateObject name="objectSpaceId" objectName="self" id="0" isTemp="false" refParamName="" useRefParam="false" />
        <String name="resourceName" value="prefab_skill_effects/hero_skill_effects/154_HuaMuLan/huamulan_attack01_spell01b" refParamName="" useRefParam="false" />
        <float name="lifeTime" value="2.500" refParamName="" useRefParam="false" />
      </Event>
      <SkinOrAvatarList id="15413" />
    </Track>
    <Track trackName="TriggerParticleTick0" eventType="TriggerParticleTick" guid="8904d942-df4e-487c-a214-4a66c926b9a2" enabled="true" useRefParam="false" refParamName="" r="0.000" g="0.000" b="0.000" execOnForceStopped="false" execOnActionCompleted="false" stopAfterLastEvent="true" SkinAvatarFilterType="9">
      <Event eventName="TriggerParticleTick" time="0.067" isDuration="false" guid="1b34333f-ed3f-4cc4-a1e2-b8feacb41c4c">
        <TemplateObject name="targetId" objectName="None" id="-1" isTemp="false" refParamName="" useRefParam="false" />
        <TemplateObject name="objectSpaceId" objectName="self" id="0" isTemp="false" refParamName="" useRefParam="false" />
        <String name="resourceName" value="prefab_skill_effects/hero_skill_effects/154_HuaMuLan/huamulan_attack02_spell01b" refParamName="" useRefParam="false" />
        <float name="lifeTime" value="2.500" refParamName="" useRefParam="false" />
      </Event>
      <SkinOrAvatarList id="15413" />
    </Track>
    <Track trackName="TriggerParticleTick0" eventType="TriggerParticleTick" guid="e5627603-da22-4464-bfa1-1c1421dfa7dc" enabled="true" useRefParam="false" refParamName="" r="0.000" g="0.000" b="0.000" execOnForceStopped="false" execOnActionCompleted="false" stopAfterLastEvent="true" SkinAvatarFilterType="11">
      <Event eventName="TriggerParticleTick" time="0.067" isDuration="false" guid="06ca3236-6e2c-46ab-8b3a-7f165a3e5ed9">
        <TemplateObject name="targetId" objectName="None" id="-1" isTemp="false" refParamName="" useRefParam="false" />
        <TemplateObject name="objectSpaceId" objectName="self" id="0" isTemp="false" refParamName="" useRefParam="false" />
        <String name="resourceName" value="prefab_skill_effects/hero_skill_effects/154_HuaMuLan/huamulan_attack01_spell01b" refParamName="" useRefParam="false" />
        <float name="lifeTime" value="2.500" refParamName="" useRefParam="false" />
      </Event>
      <SkinOrAvatarList id="15413" />
    </Track>
    <Track trackName="TriggerParticleTick0" eventType="TriggerParticleTick" guid="8904d942-df4e-487c-a214-4a66c926b9a2" enabled="true" useRefParam="false" refParamName="" r="0.000" g="0.000" b="0.000" execOnForceStopped="false" execOnActionCompleted="false" stopAfterLastEvent="true" SkinAvatarFilterType="11">
      <Event eventName="TriggerParticleTick" time="0.067" isDuration="false" guid="1b34333f-ed3f-4cc4-a1e2-b8feacb41c4c">
        <TemplateObject name="targetId" objectName="None" id="-1" isTemp="false" refParamName="" useRefParam="false" />
        <TemplateObject name="objectSpaceId" objectName="self" id="0" isTemp="false" refParamName="" useRefParam="false" />
        <String name="resourceName" value="prefab_skill_effects/hero_skill_effects/154_HuaMuLan/huamulan_attack02_spell01b" refParamName="" useRefParam="false" />
        <float name="lifeTime" value="2.500" refParamName="" useRefParam="false" />
      </Event>
      <SkinOrAvatarList id="15413" />
    </Track>
  </Action>
</Project>