﻿<?xml version="1.0" encoding="utf-8"?>
<Project>
  <TemplateObjectList>
    <TemplateObject objectName="self" id="0" isTemp="false" />
    <TemplateObject objectName="target" id="1" isTemp="false" />
    <TemplateObject objectName="bullet" id="2" isTemp="true" />
    <TemplateObject objectName="bullet1" id="3" isTemp="true" />
    <TemplateObject objectName="bullet2" id="4" isTemp="true" />
    <TemplateObject objectName="bullet3" id="5" isTemp="true" />
    <TemplateObject objectName="bullet04" id="6" isTemp="true" />
    <TemplateObject objectName="bullet05" id="7" isTemp="true" />
    <TemplateObject objectName="bullet06" id="8" isTemp="true" />
  </TemplateObjectList>
  <RefParamList>
    <Vector3i name="targetdir" x="0" y="0" z="0" refParamName="" useRefParam="false" />
    <Vector3i name="_TargetPos" x="0" y="0" z="0" refParamName="" useRefParam="false" />
  </RefParamList>
  <Action tag="" length="7.000" loop="false">
    <Track trackName="SetBehaviourModeTick0" eventType="SetBehaviourModeTick" guid="884649fb-eee1-4f09-8e8c-136817834eb9" enabled="true" useRefParam="false" refParamName="" r="0.000" g="0.000" b="0.000" execOnForceStopped="false" execOnActionCompleted="false" stopAfterLastEvent="true">
      <Event eventName="SetBehaviourModeTick" time="0.000" isDuration="false" guid="b5d14b22-f95a-4762-be72-4a28e3afcb3a">
        <TemplateObject name="targetId" objectName="self" id="0" isTemp="false" refParamName="" useRefParam="false" />
      </Event>
    </Track>
    <Track trackName="SetAttackDirDuration0" eventType="SetAttackDirDuration" guid="13f98c0c-0c95-4e18-aeb2-1fef43e76e8b" enabled="true" useRefParam="false" refParamName="" r="0.000" g="0.000" b="0.000" execOnForceStopped="false" execOnActionCompleted="false" stopAfterLastEvent="true">
      <Event eventName="SetAttackDirDuration" time="0.000" length="0.066" isDuration="true" guid="f37f7c6a-bbb2-4dba-b821-faacc93c569c">
        <TemplateObject name="attackerId" objectName="self" id="0" isTemp="false" refParamName="" useRefParam="false" />
        <bool name="bImmediateRotate" value="true" refParamName="" useRefParam="false" />
      </Event>
    </Track>
    <Track trackName="ForbidAbilityDuration0" eventType="ForbidAbilityDuration" guid="70d891be-ca4c-4c49-af6f-53ed54d35f4b" enabled="true" useRefParam="false" refParamName="" r="0.000" g="0.000" b="0.000" execOnForceStopped="false" execOnActionCompleted="false" stopAfterLastEvent="true">
      <Event eventName="ForbidAbilityDuration" time="0.000" length="2.200" isDuration="true" guid="f90c1792-85a6-4114-a135-5f72274773de">
        <TemplateObject name="attackerId" objectName="self" id="0" isTemp="false" refParamName="" useRefParam="false" />
        <bool name="forbidMove" value="true" refParamName="" useRefParam="false" />
        <bool name="abortFilterSkill1" value="true" refParamName="" useRefParam="false" />
        <bool name="abortFilterSkill3" value="true" refParamName="" useRefParam="false" />
        <bool name="forbidMoveRotate" value="true" refParamName="" useRefParam="false" />
        <bool name="ImmuneControl" value="true" refParamName="" useRefParam="false" />
      </Event>
    </Track>
    <Track trackName="SkillInputCacheDuration0" eventType="SkillInputCacheDuration" guid="43618e12-f288-4877-9d44-4cb1ef89f0a2" enabled="false" useRefParam="false" refParamName="" r="0.000" g="0.000" b="0.000" execOnForceStopped="false" execOnActionCompleted="false" stopAfterLastEvent="true">
      <Event eventName="SkillInputCacheDuration" time="0.000" length="2.200" isDuration="true" guid="56d0f40a-f32b-475e-bde7-bbdfd476fab6">
        <TemplateObject name="targetId" objectName="self" id="0" isTemp="false" refParamName="" useRefParam="false" />
        <bool name="cacheSkill" value="true" refParamName="" useRefParam="false" />
      </Event>
    </Track>
    <Track trackName="PlayAnimDuration0" eventType="PlayAnimDuration" guid="9d243092-f160-4189-a9da-f132595032c9" enabled="true" useRefParam="false" refParamName="" r="0.000" g="0.000" b="0.000" execOnForceStopped="false" execOnActionCompleted="false" stopAfterLastEvent="true">
      <Event eventName="PlayAnimDuration" time="0.000" length="3.300" isDuration="true" guid="94e1a8c9-5ac6-484e-98bc-baee3256e715">
        <TemplateObject name="targetId" objectName="self" id="0" isTemp="false" refParamName="" useRefParam="false" />
        <String name="clipName" value="Spell2_1" refParamName="" useRefParam="false" />
        <float name="crossFadeTime" value="0.100" refParamName="" useRefParam="false" />
        <bool name="bUseFadeOutTime" value="true" refParamName="" useRefParam="false" />
        <float name="fadeOutTime" value="0.200" refParamName="" useRefParam="false" />
        <bool name="applyActionSpeed" value="true" refParamName="" useRefParam="false" />
      </Event>
    </Track>
    <Track trackName="SkillTimerProcessBarDuration1" eventType="SkillTimerProcessBarDuration" guid="d0a81a2e-1189-4fee-80bf-68462d58a7dc" enabled="true" useRefParam="false" refParamName="" r="0.000" g="0.000" b="0.000" execOnForceStopped="false" execOnActionCompleted="false" stopAfterLastEvent="true">
      <Event eventName="SkillTimerProcessBarDuration" time="0.000" length="2.200" isDuration="true" guid="38436318-af3a-4031-9fa1-1dcecd46233d">
        <TemplateObject name="targetId" objectName="self" id="0" isTemp="false" refParamName="" useRefParam="false" />
      </Event>
    </Track>
    <Track trackName="BuffPerformanceDuration6" eventType="BuffPerformanceDuration" guid="c6bd5cec-5e5a-4c74-94a1-0687758034b2" enabled="true" useRefParam="false" refParamName="" r="0.000" g="0.000" b="0.000" execOnForceStopped="false" execOnActionCompleted="false" stopAfterLastEvent="true">
      <Event eventName="BuffPerformanceDuration" time="0.000" length="2.200" isDuration="true" guid="648a16d8-f476-4bae-b3d9-dc84f7295adc">
        <TemplateObject name="targetId" objectName="self" id="0" isTemp="false" refParamName="" useRefParam="false" />
        <Enum name="replaceHudNameType" value="4" EnumValue="替换_霸体" refParamName="" useRefParam="false" />
        <bool name="bIsHideBuffTimerBar" value="true" refParamName="" useRefParam="false" />
      </Event>
    </Track>
    <Track trackName="MoveActorDuration1" eventType="MoveActorDuration" guid="cb78c360-8f11-4197-9a65-2ff7572357a9" enabled="true" useRefParam="false" refParamName="" r="0.000" g="0.000" b="0.000" execOnForceStopped="false" execOnActionCompleted="false" stopAfterLastEvent="true">
      <Event eventName="MoveActorDuration" time="0.132" length="1.868" isDuration="true" guid="c6f96238-c973-48b3-aa17-117b5ab87ecb">
        <Enum name="moveType" value="2" EnumValue="指定朝向" refParamName="" useRefParam="false" />
        <TemplateObject name="actorId" objectName="self" id="0" isTemp="false" refParamName="" useRefParam="false" />
        <int name="moveDistance" value="6000" refParamName="" useRefParam="false" />
        <int name="moveSpeed" value="3000" refParamName="" useRefParam="false" />
        <bool name="enableRotate" value="true" refParamName="" useRefParam="false" />
        <bool name="bProtectInteruptedByOtherMove" value="true" refParamName="" useRefParam="false" />
      </Event>
    </Track>
    <Track trackName="SpawnObjectDuration0" eventType="SpawnObjectDuration" guid="e8a22af8-4078-4313-893b-f729c0f328ed" enabled="true" useRefParam="false" refParamName="" r="0.000" g="0.000" b="0.000" execOnForceStopped="false" execOnActionCompleted="false" stopAfterLastEvent="true">
      <Event eventName="SpawnObjectDuration" time="0.000" length="1.667" isDuration="true" guid="50685cef-bfa7-4ebe-8a92-d57e419d2c91">
        <TemplateObject name="targetId" objectName="bullet" id="2" isTemp="true" refParamName="" useRefParam="false" />
        <TemplateObject name="parentId" objectName="self" id="0" isTemp="false" refParamName="" useRefParam="false" />
        <TemplateObject name="objectSpaceId" objectName="self" id="0" isTemp="false" refParamName="" useRefParam="false" />
        <String name="prefabName" value="prefab_characters/commonempty" refParamName="" useRefParam="false" />
        <bool name="modifyDirection" value="true" refParamName="" useRefParam="false" />
        <Vector3i name="direction" x="0" y="0" z="0" refParamName="" useRefParam="false" />
        <TemplateObject name="visionActorId" objectName="self" id="0" isTemp="false" refParamName="" useRefParam="false" />
        <bool name="bUseSkin" value="true" refParamName="" useRefParam="false" />
        <TemplateObject name="recordTargeID" objectName="None" id="-1" isTemp="false" refParamName="" useRefParam="false" />
      </Event>
    </Track>
    <Track trackName="SpawnObjectDuration0" eventType="SpawnObjectDuration" guid="ce4afa7c-ac53-4420-bd75-eb3a017ea7ea" enabled="true" useRefParam="false" refParamName="" r="0.000" g="0.000" b="0.000" execOnForceStopped="false" execOnActionCompleted="false" stopAfterLastEvent="true">
      <Event eventName="SpawnObjectDuration" time="1.667" length="0.600" isDuration="true" guid="daa07848-8998-41cd-b57e-daf1dea796fc">
        <TemplateObject name="targetId" objectName="bullet04" id="6" isTemp="true" refParamName="" useRefParam="false" />
        <TemplateObject name="parentId" objectName="self" id="0" isTemp="false" refParamName="" useRefParam="false" />
        <TemplateObject name="objectSpaceId" objectName="self" id="0" isTemp="false" refParamName="" useRefParam="false" />
        <String name="prefabName" value="prefab_characters/commonempty" refParamName="" useRefParam="false" />
        <bool name="modifyDirection" value="true" refParamName="" useRefParam="false" />
        <Vector3i name="direction" x="0" y="0" z="0" refParamName="" useRefParam="false" />
        <TemplateObject name="visionActorId" objectName="self" id="0" isTemp="false" refParamName="" useRefParam="false" />
        <bool name="bUseSkin" value="true" refParamName="" useRefParam="false" />
        <TemplateObject name="recordTargeID" objectName="None" id="-1" isTemp="false" refParamName="" useRefParam="false" />
      </Event>
    </Track>
    <Track trackName="SpawnObjectDuration0" eventType="SpawnObjectDuration" guid="55fc451a-d68f-4aa3-ad73-6f4dea798448" enabled="true" useRefParam="false" refParamName="" r="0.000" g="0.000" b="0.000" execOnForceStopped="false" execOnActionCompleted="false" stopAfterLastEvent="true">
      <Event eventName="SpawnObjectDuration" time="0.000" length="1.667" isDuration="true" guid="026d3f12-91bc-45ee-82f7-0b09f18a38c7">
        <TemplateObject name="targetId" objectName="bullet05" id="7" isTemp="true" refParamName="" useRefParam="false" />
        <TemplateObject name="parentId" objectName="self" id="0" isTemp="false" refParamName="" useRefParam="false" />
        <TemplateObject name="objectSpaceId" objectName="self" id="0" isTemp="false" refParamName="" useRefParam="false" />
        <String name="prefabName" value="prefab_characters/commonempty" refParamName="" useRefParam="false" />
        <bool name="modifyDirection" value="true" refParamName="" useRefParam="false" />
        <Vector3i name="direction" x="0" y="0" z="0" refParamName="" useRefParam="false" />
        <TemplateObject name="visionActorId" objectName="self" id="0" isTemp="false" refParamName="" useRefParam="false" />
        <bool name="bUseSkin" value="true" refParamName="" useRefParam="false" />
        <TemplateObject name="recordTargeID" objectName="None" id="-1" isTemp="false" refParamName="" useRefParam="false" />
      </Event>
    </Track>
    <Track trackName="SpawnObjectDuration0" eventType="SpawnObjectDuration" guid="4d1e8935-89a6-45c4-aa6f-cf1eda2e6c01" enabled="true" useRefParam="false" refParamName="" r="0.000" g="0.000" b="0.000" execOnForceStopped="false" execOnActionCompleted="false" stopAfterLastEvent="true">
      <Event eventName="SpawnObjectDuration" time="1.667" length="0.600" isDuration="true" guid="3a5552a0-b639-40d5-8ac5-7da48546aea6">
        <TemplateObject name="targetId" objectName="bullet06" id="8" isTemp="true" refParamName="" useRefParam="false" />
        <TemplateObject name="parentId" objectName="self" id="0" isTemp="false" refParamName="" useRefParam="false" />
        <TemplateObject name="objectSpaceId" objectName="self" id="0" isTemp="false" refParamName="" useRefParam="false" />
        <String name="prefabName" value="prefab_characters/commonempty" refParamName="" useRefParam="false" />
        <bool name="modifyDirection" value="true" refParamName="" useRefParam="false" />
        <Vector3i name="direction" x="0" y="0" z="0" refParamName="" useRefParam="false" />
        <TemplateObject name="visionActorId" objectName="self" id="0" isTemp="false" refParamName="" useRefParam="false" />
        <bool name="bUseSkin" value="true" refParamName="" useRefParam="false" />
        <TemplateObject name="recordTargeID" objectName="None" id="-1" isTemp="false" refParamName="" useRefParam="false" />
      </Event>
    </Track>
    <Track trackName="SetCollisionTick0" eventType="SetCollisionTick" guid="7017980f-3fc6-4e6d-a90c-850063af4cf9" enabled="true" useRefParam="false" refParamName="" r="0.000" g="0.000" b="0.000" execOnForceStopped="false" execOnActionCompleted="false" stopAfterLastEvent="true">
      <Event eventName="SetCollisionTick" time="0.000" isDuration="false" guid="6e38e383-a529-4b99-99fa-da0fbe871f67">
        <TemplateObject name="targetId" objectName="bullet" id="2" isTemp="true" refParamName="" useRefParam="false" />
        <Vector3i name="Pos" x="0" y="0" z="1625" refParamName="" useRefParam="false" />
        <Vector3i name="Size" x="4000" y="10000" z="3750" refParamName="" useRefParam="false" />
        <int name="Radius" value="2500" refParamName="" useRefParam="false" />
        <int name="Rotation" value="160" refParamName="" useRefParam="false" />
      </Event>
    </Track>
    <Track trackName="SetCollisionTick0" eventType="SetCollisionTick" guid="1eb8faaf-4af4-47fa-a0dd-e1e960a5f994" enabled="true" useRefParam="false" refParamName="" r="0.000" g="0.000" b="0.000" execOnForceStopped="false" execOnActionCompleted="false" stopAfterLastEvent="true">
      <Event eventName="SetCollisionTick" time="0.000" isDuration="false" guid="ce0e140e-8eed-478d-8971-d9e1be0fd419">
        <TemplateObject name="targetId" objectName="bullet05" id="7" isTemp="true" refParamName="" useRefParam="false" />
        <Vector3i name="Pos" x="0" y="0" z="1625" refParamName="" useRefParam="false" />
        <Vector3i name="Size" x="2000" y="10000" z="3750" refParamName="" useRefParam="false" />
        <int name="Radius" value="2500" refParamName="" useRefParam="false" />
        <int name="Rotation" value="160" refParamName="" useRefParam="false" />
      </Event>
    </Track>
    <Track trackName="SetCollisionTick0" eventType="SetCollisionTick" guid="88992a72-1ba5-40b4-aec1-76278e963821" enabled="true" useRefParam="false" refParamName="" r="0.000" g="0.000" b="0.000" execOnForceStopped="false" execOnActionCompleted="false" stopAfterLastEvent="true">
      <Event eventName="SetCollisionTick" time="1.667" isDuration="false" guid="2cdd235d-843f-4544-b8fa-c5fa9ff6d1c0">
        <TemplateObject name="targetId" objectName="bullet04" id="6" isTemp="true" refParamName="" useRefParam="false" />
        <Vector3i name="Pos" x="0" y="0" z="2125" refParamName="" useRefParam="false" />
        <Vector3i name="Size" x="4000" y="10000" z="4750" refParamName="" useRefParam="false" />
        <int name="Radius" value="2500" refParamName="" useRefParam="false" />
        <int name="Rotation" value="160" refParamName="" useRefParam="false" />
      </Event>
    </Track>
    <Track trackName="SetCollisionTick0" eventType="SetCollisionTick" guid="dcd824ef-bb03-4fc8-bf5c-a64a29c3c0ad" enabled="true" useRefParam="false" refParamName="" r="0.000" g="0.000" b="0.000" execOnForceStopped="false" execOnActionCompleted="false" stopAfterLastEvent="true">
      <Event eventName="SetCollisionTick" time="1.667" isDuration="false" guid="7c05d5c4-9039-4962-9be4-2a56d5aba735">
        <TemplateObject name="targetId" objectName="bullet06" id="8" isTemp="true" refParamName="" useRefParam="false" />
        <Vector3i name="Pos" x="0" y="0" z="2125" refParamName="" useRefParam="false" />
        <Vector3i name="Size" x="2000" y="10000" z="4750" refParamName="" useRefParam="false" />
        <int name="Radius" value="2500" refParamName="" useRefParam="false" />
        <int name="Rotation" value="160" refParamName="" useRefParam="false" />
      </Event>
    </Track>
    <Track trackName="HitTriggerDuration0" eventType="HitTriggerDuration" guid="5ce20114-f618-4f9b-be46-1c4df3941d15" enabled="true" useRefParam="false" refParamName="" r="0.000" g="0.000" b="0.000" execOnForceStopped="false" execOnActionCompleted="false" stopAfterLastEvent="true">
      <Event eventName="HitTriggerDuration" time="0.200" length="0.267" isDuration="true" guid="197ab3f5-2830-4571-9ab2-ed62fc7c79d9">
        <TemplateObject name="triggerId" objectName="bullet" id="2" isTemp="true" refParamName="" useRefParam="false" />
        <TemplateObject name="attackerId" objectName="self" id="0" isTemp="false" refParamName="" useRefParam="false" />
        <int name="triggerInterval" value="500" refParamName="" useRefParam="false" />
        <bool name="bFileterOrgan" value="true" refParamName="" useRefParam="false" />
        <TemplateObject name="bulletID" objectName="None" id="-1" isTemp="false" refParamName="" useRefParam="false" />
        <int name="TriggerActorCount" value="32" refParamName="" useRefParam="false" />
        <int name="CollideMaxCount" value="1" refParamName="" useRefParam="false" />
        <int name="TargetSkillCombine_1" value="254200" refParamName="" useRefParam="false" />
        <int name="TargetSkillCombine_2" value="254290" refParamName="" useRefParam="false" />
        <String name="BulletActionName" value="" refParamName="" useRefParam="false" />
      </Event>
    </Track>
    <Track trackName="HitTriggerDuration0" eventType="HitTriggerDuration" guid="dac6f5d6-a743-4b15-8cd4-a6d99a9e367b" enabled="true" useRefParam="false" refParamName="" r="0.000" g="0.000" b="0.000" execOnForceStopped="false" execOnActionCompleted="false" stopAfterLastEvent="true">
      <Event eventName="HitTriggerDuration" time="0.200" length="0.267" isDuration="true" guid="35d2ef27-9217-415b-8685-e73d6dfcaf47">
        <TemplateObject name="triggerId" objectName="bullet05" id="7" isTemp="true" refParamName="" useRefParam="false" />
        <TemplateObject name="attackerId" objectName="self" id="0" isTemp="false" refParamName="" useRefParam="false" />
        <int name="triggerInterval" value="500" refParamName="" useRefParam="false" />
        <bool name="bFileterOrgan" value="true" refParamName="" useRefParam="false" />
        <TemplateObject name="bulletID" objectName="None" id="-1" isTemp="false" refParamName="" useRefParam="false" />
        <int name="TriggerActorCount" value="32" refParamName="" useRefParam="false" />
        <int name="CollideMaxCount" value="1" refParamName="" useRefParam="false" />
        <int name="TargetSkillCombine_1" value="254291" refParamName="" useRefParam="false" />
        <String name="BulletActionName" value="" refParamName="" useRefParam="false" />
      </Event>
    </Track>
    <Track trackName="HitTriggerDuration0" eventType="HitTriggerDuration" guid="da96fd39-2571-4e87-8ac0-c5ca07a4e3c8" enabled="true" useRefParam="false" refParamName="" r="0.000" g="0.000" b="0.000" execOnForceStopped="false" execOnActionCompleted="false" stopAfterLastEvent="true">
      <Event eventName="HitTriggerDuration" time="0.867" length="0.200" isDuration="true" guid="3f9c7837-41f8-4759-b110-29758e97ec9e">
        <TemplateObject name="triggerId" objectName="bullet" id="2" isTemp="true" refParamName="" useRefParam="false" />
        <TemplateObject name="attackerId" objectName="self" id="0" isTemp="false" refParamName="" useRefParam="false" />
        <int name="triggerInterval" value="500" refParamName="" useRefParam="false" />
        <bool name="bFileterOrgan" value="true" refParamName="" useRefParam="false" />
        <TemplateObject name="bulletID" objectName="None" id="-1" isTemp="false" refParamName="" useRefParam="false" />
        <int name="TriggerActorCount" value="32" refParamName="" useRefParam="false" />
        <int name="CollideMaxCount" value="1" refParamName="" useRefParam="false" />
        <int name="TargetSkillCombine_1" value="254200" refParamName="" useRefParam="false" />
        <int name="TargetSkillCombine_2" value="254290" refParamName="" useRefParam="false" />
        <String name="BulletActionName" value="" refParamName="" useRefParam="false" />
      </Event>
    </Track>
    <Track trackName="HitTriggerDuration0" eventType="HitTriggerDuration" guid="fc1602c7-088f-45b6-8c8a-1d90e52f58bf" enabled="true" useRefParam="false" refParamName="" r="0.000" g="0.000" b="0.000" execOnForceStopped="false" execOnActionCompleted="false" stopAfterLastEvent="true">
      <Event eventName="HitTriggerDuration" time="0.867" length="0.200" isDuration="true" guid="26b55a5f-87c2-4102-910a-0f4890688d4f">
        <TemplateObject name="triggerId" objectName="bullet05" id="7" isTemp="true" refParamName="" useRefParam="false" />
        <TemplateObject name="attackerId" objectName="self" id="0" isTemp="false" refParamName="" useRefParam="false" />
        <int name="triggerInterval" value="500" refParamName="" useRefParam="false" />
        <bool name="bFileterOrgan" value="true" refParamName="" useRefParam="false" />
        <TemplateObject name="bulletID" objectName="None" id="-1" isTemp="false" refParamName="" useRefParam="false" />
        <int name="TriggerActorCount" value="32" refParamName="" useRefParam="false" />
        <int name="CollideMaxCount" value="1" refParamName="" useRefParam="false" />
        <int name="TargetSkillCombine_1" value="254291" refParamName="" useRefParam="false" />
        <String name="BulletActionName" value="" refParamName="" useRefParam="false" />
      </Event>
    </Track>
    <Track trackName="HitTriggerDuration0" eventType="HitTriggerDuration" guid="22f3510b-ffd7-4bf3-a374-20bbe7a82309" enabled="true" useRefParam="false" refParamName="" r="0.000" g="0.000" b="0.000" execOnForceStopped="false" execOnActionCompleted="false" stopAfterLastEvent="true">
      <Event eventName="HitTriggerDuration" time="1.467" length="0.200" isDuration="true" guid="09577a80-5cd9-4ef0-8852-3895f39d08fd">
        <TemplateObject name="triggerId" objectName="bullet" id="2" isTemp="true" refParamName="" useRefParam="false" />
        <TemplateObject name="attackerId" objectName="self" id="0" isTemp="false" refParamName="" useRefParam="false" />
        <int name="triggerInterval" value="500" refParamName="" useRefParam="false" />
        <bool name="bFileterOrgan" value="true" refParamName="" useRefParam="false" />
        <TemplateObject name="bulletID" objectName="None" id="-1" isTemp="false" refParamName="" useRefParam="false" />
        <int name="TriggerActorCount" value="32" refParamName="" useRefParam="false" />
        <int name="CollideMaxCount" value="1" refParamName="" useRefParam="false" />
        <int name="TargetSkillCombine_1" value="254200" refParamName="" useRefParam="false" />
        <int name="TargetSkillCombine_2" value="254290" refParamName="" useRefParam="false" />
        <String name="BulletActionName" value="" refParamName="" useRefParam="false" />
      </Event>
    </Track>
    <Track trackName="HitTriggerDuration0" eventType="HitTriggerDuration" guid="ca7d1d33-1104-4f23-ba27-2c737ed955ed" enabled="true" useRefParam="false" refParamName="" r="0.000" g="0.000" b="0.000" execOnForceStopped="false" execOnActionCompleted="false" stopAfterLastEvent="true">
      <Event eventName="HitTriggerDuration" time="1.467" length="0.200" isDuration="true" guid="276b6e0d-f53f-421b-a2ef-ce5762eb0b56">
        <TemplateObject name="triggerId" objectName="bullet05" id="7" isTemp="true" refParamName="" useRefParam="false" />
        <TemplateObject name="attackerId" objectName="self" id="0" isTemp="false" refParamName="" useRefParam="false" />
        <int name="triggerInterval" value="500" refParamName="" useRefParam="false" />
        <bool name="bFileterOrgan" value="true" refParamName="" useRefParam="false" />
        <TemplateObject name="bulletID" objectName="None" id="-1" isTemp="false" refParamName="" useRefParam="false" />
        <int name="TriggerActorCount" value="32" refParamName="" useRefParam="false" />
        <int name="CollideMaxCount" value="1" refParamName="" useRefParam="false" />
        <int name="TargetSkillCombine_1" value="254291" refParamName="" useRefParam="false" />
        <String name="BulletActionName" value="" refParamName="" useRefParam="false" />
      </Event>
    </Track>
    <Track trackName="HitTriggerDuration0" eventType="HitTriggerDuration" guid="915eeaab-fa3a-4e8c-9fb0-332694cc4639" enabled="true" useRefParam="false" refParamName="" r="0.000" g="0.000" b="0.000" execOnForceStopped="false" execOnActionCompleted="false" stopAfterLastEvent="true">
      <Event eventName="HitTriggerDuration" time="2.000" length="0.200" isDuration="true" guid="924909b8-3a9a-4045-bcc0-cb692dd04639">
        <TemplateObject name="triggerId" objectName="bullet04" id="6" isTemp="true" refParamName="" useRefParam="false" />
        <TemplateObject name="attackerId" objectName="self" id="0" isTemp="false" refParamName="" useRefParam="false" />
        <int name="triggerInterval" value="500" refParamName="" useRefParam="false" />
        <bool name="bFileterOrgan" value="true" refParamName="" useRefParam="false" />
        <TemplateObject name="bulletID" objectName="None" id="-1" isTemp="false" refParamName="" useRefParam="false" />
        <int name="TriggerActorCount" value="32" refParamName="" useRefParam="false" />
        <int name="CollideMaxCount" value="1" refParamName="" useRefParam="false" />
        <int name="TargetSkillCombine_1" value="254200" refParamName="" useRefParam="false" />
        <int name="TargetSkillCombine_2" value="254290" refParamName="" useRefParam="false" />
        <String name="BulletActionName" value="" refParamName="" useRefParam="false" />
      </Event>
    </Track>
    <Track trackName="HitTriggerDuration0" eventType="HitTriggerDuration" guid="2bd8a1f8-2ecd-4412-9bb9-dd91ff933614" enabled="true" useRefParam="false" refParamName="" r="0.000" g="0.000" b="0.000" execOnForceStopped="false" execOnActionCompleted="false" stopAfterLastEvent="true">
      <Event eventName="HitTriggerDuration" time="2.000" length="0.200" isDuration="true" guid="2cd843a0-8641-4daa-892c-839e262e455f">
        <TemplateObject name="triggerId" objectName="bullet06" id="8" isTemp="true" refParamName="" useRefParam="false" />
        <TemplateObject name="attackerId" objectName="self" id="0" isTemp="false" refParamName="" useRefParam="false" />
        <int name="triggerInterval" value="500" refParamName="" useRefParam="false" />
        <bool name="bFileterOrgan" value="true" refParamName="" useRefParam="false" />
        <TemplateObject name="bulletID" objectName="None" id="-1" isTemp="false" refParamName="" useRefParam="false" />
        <int name="TriggerActorCount" value="32" refParamName="" useRefParam="false" />
        <int name="CollideMaxCount" value="1" refParamName="" useRefParam="false" />
        <int name="TargetSkillCombine_1" value="254292" refParamName="" useRefParam="false" />
        <String name="BulletActionName" value="" refParamName="" useRefParam="false" />
      </Event>
    </Track>
    <Track trackName="HitTriggerTick5" eventType="HitTriggerTick" guid="a2da402a-6896-475a-af13-80fed921bc6e" enabled="true" useRefParam="false" refParamName="" r="0.000" g="0.000" b="0.000" execOnForceStopped="false" execOnActionCompleted="false" stopAfterLastEvent="true">
      <Event eventName="HitTriggerTick" time="0.000" isDuration="false" guid="9a7c659c-fb9d-4edc-923e-c50a7545077d">
        <TemplateObject name="targetId" objectName="self" id="0" isTemp="false" refParamName="" useRefParam="false" />
        <int name="SelfSkillCombineID_1" value="254911" refParamName="" useRefParam="false" />
        <TemplateObject name="triggerId" objectName="None" id="-1" isTemp="false" refParamName="" useRefParam="false" />
      </Event>
    </Track>
    <Track trackName="HitTriggerTick5" eventType="HitTriggerTick" guid="dbf7db1d-d736-482c-8536-7e69ed275a67" enabled="false" useRefParam="false" refParamName="" r="0.000" g="0.000" b="0.000" execOnForceStopped="false" execOnActionCompleted="false" stopAfterLastEvent="true">
      <Event eventName="HitTriggerTick" time="0.000" isDuration="false" guid="14ad414b-823e-4a83-abc1-53da2756a72e">
        <TemplateObject name="targetId" objectName="self" id="0" isTemp="false" refParamName="" useRefParam="false" />
        <int name="SelfSkillCombineID_1" value="254900" refParamName="" useRefParam="false" />
        <TemplateObject name="triggerId" objectName="None" id="-1" isTemp="false" refParamName="" useRefParam="false" />
      </Event>
    </Track>
    <Track trackName="SpawnObjectDuration0" eventType="SpawnObjectDuration" guid="19854353-830c-41cf-9d16-341a73ae160e" enabled="true" useRefParam="false" refParamName="" r="0.000" g="0.000" b="0.000" execOnForceStopped="false" execOnActionCompleted="false" stopAfterLastEvent="true">
      <Event eventName="SpawnObjectDuration" time="0.000" length="2.500" isDuration="true" guid="6637add6-256e-42ae-8fc9-22fefff590f8">
        <TemplateObject name="targetId" objectName="bullet1" id="3" isTemp="true" refParamName="" useRefParam="false" />
        <TemplateObject name="parentId" objectName="self" id="0" isTemp="false" refParamName="" useRefParam="false" />
        <TemplateObject name="objectSpaceId" objectName="self" id="0" isTemp="false" refParamName="" useRefParam="false" />
        <String name="prefabName" value="prefab_characters/commonempty" refParamName="" useRefParam="false" />
        <Vector3i name="translation" x="0" y="0" z="500" refParamName="" useRefParam="false" />
        <bool name="modifyDirection" value="true" refParamName="" useRefParam="false" />
        <Vector3i name="direction" x="0" y="0" z="0" refParamName="" useRefParam="false" />
        <bool name="bUseSkin" value="true" refParamName="" useRefParam="false" />
        <TemplateObject name="recordTargeID" objectName="None" id="-1" isTemp="false" refParamName="" useRefParam="false" />
      </Event>
    </Track>
    <Track trackName="SetCollisionTick0" eventType="SetCollisionTick" guid="5dbea361-9437-4cc3-a28b-f01ab5f21f2b" enabled="false" useRefParam="false" refParamName="" r="0.000" g="0.000" b="0.000" execOnForceStopped="false" execOnActionCompleted="false" stopAfterLastEvent="true">
      <Event eventName="SetCollisionTick" time="0.000" isDuration="false" guid="d598d856-1608-41f2-b7d7-aac5fc9f1ed6">
        <TemplateObject name="targetId" objectName="bullet1" id="3" isTemp="true" refParamName="" useRefParam="false" />
        <Vector3i name="Size" x="1600" y="10000" z="1000" refParamName="" useRefParam="false" />
        <int name="Radius" value="2500" refParamName="" useRefParam="false" />
        <int name="Rotation" value="160" refParamName="" useRefParam="false" />
      </Event>
    </Track>
    <Track trackName="HitTriggerDuration0" eventType="HitTriggerDuration" guid="9bb315cb-84e6-43a0-a8ea-abfa98592093" enabled="false" useRefParam="false" refParamName="" r="0.000" g="0.000" b="0.000" execOnForceStopped="false" execOnActionCompleted="false" stopAfterLastEvent="true">
      <Event eventName="HitTriggerDuration" time="0.000" length="2.000" isDuration="true" guid="c9b642bb-423f-4ee9-be1e-aa51e0c85ccf">
        <TemplateObject name="triggerId" objectName="bullet1" id="3" isTemp="true" refParamName="" useRefParam="false" />
        <TemplateObject name="attackerId" objectName="self" id="0" isTemp="false" refParamName="" useRefParam="false" />
        <bool name="bFileterOrgan" value="true" refParamName="" useRefParam="false" />
        <TemplateObject name="bulletID" objectName="None" id="-1" isTemp="false" refParamName="" useRefParam="false" />
        <int name="TargetSkillCombine_1" value="254291" refParamName="" useRefParam="false" />
        <String name="BulletActionName" value="" refParamName="" useRefParam="false" />
      </Event>
    </Track>
    <Track trackName="SkillCDTriggerTick0" eventType="SkillCDTriggerTick" guid="84556966-f0f8-4fe9-93c6-d5baac999f94" enabled="true" useRefParam="false" refParamName="" r="0.000" g="0.000" b="0.000" execOnForceStopped="false" execOnActionCompleted="false" stopAfterLastEvent="true">
      <Event eventName="SkillCDTriggerTick" time="0.000" isDuration="false" guid="67d212a1-c5b2-4202-ab6d-77dd3c2adca1">
        <TemplateObject name="targetId" objectName="self" id="0" isTemp="false" refParamName="" useRefParam="false" />
      </Event>
    </Track>
    <Track trackName="15412" eventType="CheckSkinIdTick" guid="1d27128c-c2ed-47f7-9e78-1268042921d5" enabled="true" useRefParam="false" refParamName="" r="0.000" g="0.000" b="0.000" execOnForceStopped="false" execOnActionCompleted="false" stopAfterLastEvent="true">
      <Event eventName="CheckSkinIdTick" time="0.000" isDuration="false" guid="ac125e1c-472a-4e54-8f46-e4377548b643">
        <TemplateObject name="targetId" objectName="self" id="0" isTemp="false" refParamName="" useRefParam="false" />
        <int name="skinId" value="15412" refParamName="" useRefParam="false" />
        <bool name="bSkipLogicCheck" value="true" refParamName="" useRefParam="false" />
      </Event>
    </Track>
    <Track trackName="原皮" eventType="CheckSkinIdTick" guid="5188ba2b-2c36-4fc1-aa2a-e25d013a78ab" enabled="true" useRefParam="false" refParamName="" r="0.000" g="0.000" b="0.000" execOnForceStopped="false" execOnActionCompleted="false" stopAfterLastEvent="true">
      <Event eventName="CheckSkinIdTick" time="0.000" isDuration="false" guid="ced8853d-ca51-4cb6-a449-fa5e2381c6c5">
        <TemplateObject name="targetId" objectName="self" id="0" isTemp="false" refParamName="" useRefParam="false" />
        <int name="skinId" value="15412" refParamName="" useRefParam="false" />
        <bool name="bEqual" value="false" refParamName="" useRefParam="false" />
        <bool name="bSkipLogicCheck" value="true" refParamName="" useRefParam="false" />
      </Event>
    </Track>
    <Track trackName="TriggerParticleTick7" eventType="TriggerParticleTick" guid="70310ded-c4d6-40a7-bb1f-7a2c8ab5cbd1" enabled="true" useRefParam="false" refParamName="" r="0.000" g="0.000" b="0.000" execOnForceStopped="false" execOnActionCompleted="false" stopAfterLastEvent="true">
      <Condition id="31" guid="5188ba2b-2c36-4fc1-aa2a-e25d013a78ab" status="true" />
      <Event eventName="TriggerParticleTick" time="0.267" isDuration="false" guid="42944469-aec1-4df0-955b-a15c7fbb9c32">
        <TemplateObject name="targetId" objectName="None" id="-1" isTemp="false" refParamName="" useRefParam="false" />
        <TemplateObject name="objectSpaceId" objectName="self" id="0" isTemp="false" refParamName="" useRefParam="false" />
        <String name="resourceName" value="prefab_skill_effects/hero_skill_effects/154_HuaMuLan/huamulan_attack01_spell02b" refParamName="" useRefParam="false" />
        <float name="lifeTime" value="5.000" refParamName="" useRefParam="false" />
        <bool name="applyActionSpeedToAnimation" value="true" refParamName="" useRefParam="false" />
      </Event>
    </Track>
    <Track trackName="TriggerParticleTick7" eventType="TriggerParticleTick" guid="4d05ee6e-40b0-41c6-970f-04de4c9a4a6f" enabled="true" useRefParam="false" refParamName="" r="0.000" g="0.000" b="0.000" execOnForceStopped="false" execOnActionCompleted="false" stopAfterLastEvent="true" SkinAvatarFilterType="9">
      <Condition id="31" guid="5188ba2b-2c36-4fc1-aa2a-e25d013a78ab" status="true" />
      <Event eventName="TriggerParticleTick" time="0.867" isDuration="false" guid="96009d03-b5a4-428b-8f71-f29cb6120c01">
        <TemplateObject name="targetId" objectName="None" id="-1" isTemp="false" refParamName="" useRefParam="false" />
        <TemplateObject name="objectSpaceId" objectName="self" id="0" isTemp="false" refParamName="" useRefParam="false" />
        <String name="resourceName" value="prefab_skill_effects/hero_skill_effects/154_HuaMuLan/huamulan_attack02_spell02b" refParamName="" useRefParam="false" />
        <float name="lifeTime" value="5.000" refParamName="" useRefParam="false" />
        <bool name="applyActionSpeedToAnimation" value="true" refParamName="" useRefParam="false" />
      </Event>
      <SkinOrAvatarList id="13579" />
    </Track>
    <Track trackName="TriggerParticleTick7" eventType="TriggerParticleTick" guid="65ed8f73-e285-438b-aa9c-a923adfdbebf" enabled="false" useRefParam="false" refParamName="" r="0.000" g="0.000" b="0.000" execOnForceStopped="false" execOnActionCompleted="false" stopAfterLastEvent="true">
      <Event eventName="TriggerParticleTick" time="1.133" isDuration="false" guid="0ef9ae2d-ef70-4207-8bfc-d1b15d44923f">
        <TemplateObject name="targetId" objectName="None" id="-1" isTemp="false" refParamName="" useRefParam="false" />
        <TemplateObject name="objectSpaceId" objectName="self" id="0" isTemp="false" refParamName="" useRefParam="false" />
        <String name="resourceName" value="prefab_skill_effects/hero_skill_effects/154_HuaMuLan/huamulan_attack02b_spell02b" refParamName="" useRefParam="false" />
        <float name="lifeTime" value="5.000" refParamName="" useRefParam="false" />
      </Event>
    </Track>
    <Track trackName="TriggerParticleTick7" eventType="TriggerParticleTick" guid="e9c1fdb3-ce07-4836-8faf-47b6ef05f36d" enabled="true" useRefParam="false" refParamName="" r="0.000" g="0.000" b="0.000" execOnForceStopped="false" execOnActionCompleted="false" stopAfterLastEvent="true" SkinAvatarFilterType="9">
      <Condition id="31" guid="5188ba2b-2c36-4fc1-aa2a-e25d013a78ab" status="true" />
      <Event eventName="TriggerParticleTick" time="1.467" isDuration="false" guid="07874d51-97b0-4fdb-97fe-9872dca370fd">
        <TemplateObject name="targetId" objectName="None" id="-1" isTemp="false" refParamName="" useRefParam="false" />
        <TemplateObject name="objectSpaceId" objectName="self" id="0" isTemp="false" refParamName="" useRefParam="false" />
        <String name="resourceName" value="prefab_skill_effects/hero_skill_effects/154_HuaMuLan/huamulan_attack03_spell02b" refParamName="" useRefParam="false" />
        <float name="lifeTime" value="5.000" refParamName="" useRefParam="false" />
        <bool name="applyActionSpeedToAnimation" value="true" refParamName="" useRefParam="false" />
      </Event>
      <SkinOrAvatarList id="13579" />
    </Track>
    <Track trackName="TriggerParticleTick7" eventType="TriggerParticleTick" guid="0b3ee239-9c79-440e-ab74-228dbbb40e29" enabled="true" useRefParam="false" refParamName="" r="0.000" g="0.000" b="0.000" execOnForceStopped="false" execOnActionCompleted="false" stopAfterLastEvent="true" SkinAvatarFilterType="9">
      <Condition id="31" guid="5188ba2b-2c36-4fc1-aa2a-e25d013a78ab" status="true" />
      <Event eventName="TriggerParticleTick" time="2.000" isDuration="false" guid="46dc01eb-f18c-445c-b094-ab6fd422fa48">
        <TemplateObject name="targetId" objectName="None" id="-1" isTemp="false" refParamName="" useRefParam="false" />
        <TemplateObject name="objectSpaceId" objectName="self" id="0" isTemp="false" refParamName="" useRefParam="false" />
        <String name="resourceName" value="prefab_skill_effects/hero_skill_effects/154_HuaMuLan/huamulan_attack04_spell02b" refParamName="" useRefParam="false" />
        <float name="lifeTime" value="5.000" refParamName="" useRefParam="false" />
        <bool name="applyActionSpeedToAnimation" value="true" refParamName="" useRefParam="false" />
      </Event>
      <SkinOrAvatarList id="13579" />
    </Track>
    <Track trackName="TriggerParticleTick7" eventType="TriggerParticleTick" guid="86b2ccfc-928e-41ef-b2e7-bb9947d98a8b" enabled="true" useRefParam="false" refParamName="" r="0.000" g="0.000" b="0.000" execOnForceStopped="false" execOnActionCompleted="false" stopAfterLastEvent="true">
      <Condition id="31" guid="5188ba2b-2c36-4fc1-aa2a-e25d013a78ab" status="true" />
      <Event eventName="TriggerParticleTick" time="2.000" isDuration="false" guid="b9fe1e44-faf1-49d6-823a-ea7663402d63">
        <TemplateObject name="targetId" objectName="None" id="-1" isTemp="false" refParamName="" useRefParam="false" />
        <TemplateObject name="objectSpaceId" objectName="self" id="0" isTemp="false" refParamName="" useRefParam="false" />
        <String name="resourceName" value="prefab_skill_effects/hero_skill_effects/154_HuaMuLan/huamulan_attack04b_spell02b" refParamName="" useRefParam="false" />
        <float name="lifeTime" value="5.000" refParamName="" useRefParam="false" />
        <bool name="applyActionSpeedToAnimation" value="true" refParamName="" useRefParam="false" />
      </Event>
    </Track>
    <Track trackName="TriggerParticle0" eventType="TriggerParticle" guid="10717238-54f0-4795-aaad-5dd86edc5b45" enabled="true" useRefParam="false" refParamName="" r="0.000" g="0.000" b="0.000" execOnForceStopped="false" execOnActionCompleted="false" stopAfterLastEvent="true">
      <Condition id="30" guid="1d27128c-c2ed-47f7-9e78-1268042921d5" status="true" />
      <Event eventName="TriggerParticle" time="0.267" length="5.000" isDuration="true" guid="f2ea98bc-4e69-4214-a61a-4a41cdaac072">
        <TemplateObject name="targetId" objectName="None" id="-1" isTemp="false" refParamName="" useRefParam="false" />
        <TemplateObject name="objectSpaceId" objectName="self" id="0" isTemp="false" refParamName="" useRefParam="false" />
        <String name="resourceName" value="prefab_skill_effects/hero_skill_effects/154_HuaMuLan/huamulan_attack01_spell02b" refParamName="" useRefParam="false" />
        <Vector3i name="scalingInt" x="10000" y="10000" z="10000" refParamName="" useRefParam="false" />
        <String name="syncAnimationName" value="" refParamName="" useRefParam="false" />
        <String name="customTagName" value="" refParamName="" useRefParam="false" />
      </Event>
    </Track>
    <Track trackName="TriggerParticle0" eventType="TriggerParticle" guid="eeec23e8-7985-49ed-a5e9-5203f61c3ebf" enabled="true" useRefParam="false" refParamName="" r="0.000" g="0.000" b="0.000" execOnForceStopped="false" execOnActionCompleted="false" stopAfterLastEvent="true">
      <Condition id="30" guid="1d27128c-c2ed-47f7-9e78-1268042921d5" status="true" />
      <Event eventName="TriggerParticle" time="0.867" length="5.000" isDuration="true" guid="2e5fb4ff-bb73-4d8d-b659-fe7fa0055374">
        <TemplateObject name="targetId" objectName="None" id="-1" isTemp="false" refParamName="" useRefParam="false" />
        <TemplateObject name="objectSpaceId" objectName="self" id="0" isTemp="false" refParamName="" useRefParam="false" />
        <String name="resourceName" value="prefab_skill_effects/hero_skill_effects/154_HuaMuLan/huamulan_attack02_spell02b" refParamName="" useRefParam="false" />
        <Vector3i name="scalingInt" x="10000" y="10000" z="10000" refParamName="" useRefParam="false" />
        <String name="syncAnimationName" value="" refParamName="" useRefParam="false" />
        <String name="customTagName" value="" refParamName="" useRefParam="false" />
      </Event>
    </Track>
    <Track trackName="TriggerParticle0" eventType="TriggerParticle" guid="590ea937-a2f3-4505-bb24-f0eac893169c" enabled="true" useRefParam="false" refParamName="" r="0.000" g="0.000" b="0.000" execOnForceStopped="false" execOnActionCompleted="false" stopAfterLastEvent="true">
      <Condition id="30" guid="1d27128c-c2ed-47f7-9e78-1268042921d5" status="true" />
      <Event eventName="TriggerParticle" time="1.467" length="5.000" isDuration="true" guid="01102428-4e84-4caf-83cd-3a9232159b99">
        <TemplateObject name="targetId" objectName="None" id="-1" isTemp="false" refParamName="" useRefParam="false" />
        <TemplateObject name="objectSpaceId" objectName="self" id="0" isTemp="false" refParamName="" useRefParam="false" />
        <String name="resourceName" value="prefab_skill_effects/hero_skill_effects/154_HuaMuLan/huamulan_attack03_spell02b" refParamName="" useRefParam="false" />
        <Vector3i name="scalingInt" x="10000" y="10000" z="10000" refParamName="" useRefParam="false" />
        <String name="syncAnimationName" value="" refParamName="" useRefParam="false" />
        <String name="customTagName" value="" refParamName="" useRefParam="false" />
      </Event>
    </Track>
    <Track trackName="TriggerParticle0" eventType="TriggerParticle" guid="57d8e3f0-125c-492c-b82a-53f3e6cc78d7" enabled="true" useRefParam="false" refParamName="" r="0.000" g="0.000" b="0.000" execOnForceStopped="false" execOnActionCompleted="false" stopAfterLastEvent="true">
      <Condition id="30" guid="1d27128c-c2ed-47f7-9e78-1268042921d5" status="true" />
      <Event eventName="TriggerParticle" time="2.000" length="5.000" isDuration="true" guid="54271c00-f837-40df-9149-9725fa89c158">
        <TemplateObject name="targetId" objectName="None" id="-1" isTemp="false" refParamName="" useRefParam="false" />
        <TemplateObject name="objectSpaceId" objectName="self" id="0" isTemp="false" refParamName="" useRefParam="false" />
        <String name="resourceName" value="prefab_skill_effects/hero_skill_effects/154_HuaMuLan/huamulan_attack04_spell02b" refParamName="" useRefParam="false" />
        <Vector3i name="scalingInt" x="10000" y="10000" z="10000" refParamName="" useRefParam="false" />
        <String name="syncAnimationName" value="" refParamName="" useRefParam="false" />
        <String name="customTagName" value="" refParamName="" useRefParam="false" />
      </Event>
    </Track>
    <Track trackName="TriggerParticle0" eventType="TriggerParticle" guid="c7be3423-5da9-41dd-a1f7-b0b29831d108" enabled="true" useRefParam="false" refParamName="" r="0.000" g="0.000" b="0.000" execOnForceStopped="false" execOnActionCompleted="false" stopAfterLastEvent="true">
      <Condition id="30" guid="1d27128c-c2ed-47f7-9e78-1268042921d5" status="true" />
      <Event eventName="TriggerParticle" time="2.000" length="5.000" isDuration="true" guid="9cbebd86-a2dd-46de-9237-bb4c7be7573a">
        <TemplateObject name="targetId" objectName="None" id="-1" isTemp="false" refParamName="" useRefParam="false" />
        <TemplateObject name="objectSpaceId" objectName="self" id="0" isTemp="false" refParamName="" useRefParam="false" />
        <String name="resourceName" value="prefab_skill_effects/hero_skill_effects/154_HuaMuLan/huamulan_attack04_spell02b" refParamName="" useRefParam="false" />
        <Vector3i name="scalingInt" x="10000" y="10000" z="10000" refParamName="" useRefParam="false" />
        <String name="syncAnimationName" value="" refParamName="" useRefParam="false" />
        <String name="customTagName" value="" refParamName="" useRefParam="false" />
      </Event>
    </Track>
    <Track trackName="CameraShakeDuration0" eventType="CameraShakeDuration" guid="734d7f24-c5b6-4082-bc22-4698f6fecaa0" enabled="true" useRefParam="false" refParamName="" r="0.000" g="0.000" b="0.000" execOnForceStopped="false" execOnActionCompleted="false" stopAfterLastEvent="true">
      <Event eventName="CameraShakeDuration" time="0.267" length="0.500" isDuration="true" guid="310df69f-4806-4e85-a207-7b98a58074f0">
        <bool name="useMainCamera" value="true" refParamName="" useRefParam="false" />
        <bool name="filter_self" value="true" refParamName="" useRefParam="false" />
        <bool name="canBeCover" value="false" refParamName="" useRefParam="false" />
        <Vector3 name="shakeRange" x="0.100" y="0.200" z="0.200" refParamName="" useRefParam="false" />
        <bool name="bUseCustomCurveMode" value="true" refParamName="" useRefParam="false" />
        <String name="curvesPath" value="Prefab_Skill_Assets/CameraShakeCurves/nor01_5" refParamName="" useRefParam="false" />
      </Event>
    </Track>
    <Track trackName="CameraShakeDuration0" eventType="CameraShakeDuration" guid="52a7a0d9-0b68-4014-b5dc-694dd5619418" enabled="true" useRefParam="false" refParamName="" r="0.000" g="0.000" b="0.000" execOnForceStopped="false" execOnActionCompleted="false" stopAfterLastEvent="true">
      <Event eventName="CameraShakeDuration" time="0.867" length="0.500" isDuration="true" guid="ba0c4ede-a454-4da0-be57-999260477578">
        <bool name="useMainCamera" value="true" refParamName="" useRefParam="false" />
        <bool name="filter_self" value="true" refParamName="" useRefParam="false" />
        <bool name="canBeCover" value="false" refParamName="" useRefParam="false" />
        <Vector3 name="shakeRange" x="0.100" y="0.200" z="0.200" refParamName="" useRefParam="false" />
        <bool name="bUseCustomCurveMode" value="true" refParamName="" useRefParam="false" />
        <String name="curvesPath" value="Prefab_Skill_Assets/CameraShakeCurves/nor01_5" refParamName="" useRefParam="false" />
      </Event>
    </Track>
    <Track trackName="CameraShakeDuration0" eventType="CameraShakeDuration" guid="3f690cbd-849b-4db4-8b1a-ab1d4d34230f" enabled="true" useRefParam="false" refParamName="" r="0.000" g="0.000" b="0.000" execOnForceStopped="false" execOnActionCompleted="false" stopAfterLastEvent="true">
      <Event eventName="CameraShakeDuration" time="1.467" length="0.500" isDuration="true" guid="ab959fd9-a7ac-4021-a2a1-1d8bd8c4f5fa">
        <bool name="useMainCamera" value="true" refParamName="" useRefParam="false" />
        <bool name="filter_self" value="true" refParamName="" useRefParam="false" />
        <bool name="canBeCover" value="false" refParamName="" useRefParam="false" />
        <Vector3 name="shakeRange" x="0.100" y="0.200" z="0.200" refParamName="" useRefParam="false" />
        <bool name="bUseCustomCurveMode" value="true" refParamName="" useRefParam="false" />
        <String name="curvesPath" value="Prefab_Skill_Assets/CameraShakeCurves/nor01_5" refParamName="" useRefParam="false" />
      </Event>
    </Track>
    <Track trackName="SpawnBulletTick0" eventType="SpawnBulletTick" guid="a7af655f-1fa5-4dd9-b1d3-7aa4d719d305" enabled="true" useRefParam="false" refParamName="" r="0.000" g="0.000" b="0.000" execOnForceStopped="false" execOnActionCompleted="false" stopAfterLastEvent="true">
      <Event eventName="SpawnBulletTick" time="2.000" isDuration="false" guid="d456ef9f-c79e-46be-98d4-ef3ddf180bc7">
        <TemplateObject name="targetId" objectName="self" id="0" isTemp="false" refParamName="" useRefParam="false" />
        <String name="ActionName" value="prefab_characters/prefab_hero/154_HuaMuLan/skill/C2C0" refParamName="" useRefParam="false" />
      </Event>
    </Track>
    <Track trackName="CameraShakeDuration0" eventType="CameraShakeDuration" guid="251c40d3-a2de-40d8-aeac-1b51c6851ed0" enabled="false" useRefParam="false" refParamName="" r="0.000" g="0.000" b="0.000" execOnForceStopped="false" execOnActionCompleted="false" stopAfterLastEvent="true">
      <Event eventName="CameraShakeDuration" time="2.000" length="0.500" isDuration="true" guid="c56b171d-948a-4ffa-8068-b993e17e4273">
        <bool name="useMainCamera" value="true" refParamName="" useRefParam="false" />
        <bool name="filter_self" value="true" refParamName="" useRefParam="false" />
        <int name="frameRate" value="60" refParamName="" useRefParam="false" />
        <bool name="canBeCover" value="false" refParamName="" useRefParam="false" />
        <Vector3 name="shakeRange" x="0.200" y="0.200" z="0.100" refParamName="" useRefParam="false" />
        <bool name="bUseCustomCurveMode" value="true" refParamName="" useRefParam="false" />
        <String name="curvesPath" value="Prefab_Skill_Assets/CameraShakeCurves/nor03" refParamName="" useRefParam="false" />
      </Event>
    </Track>
    <Track trackName="SkillEffectDuration18" eventType="SkillEffectDuration" guid="bee9063e-f26f-4b55-a794-01a7ad119e04" enabled="true" useRefParam="false" refParamName="" r="0.000" g="0.000" b="0.000" execOnForceStopped="false" execOnActionCompleted="false" stopAfterLastEvent="true">
      <Event eventName="SkillEffectDuration" time="0.000" length="2.200" isDuration="true" guid="6cef35b9-b491-42f4-9349-985de2cfbeca">
        <TemplateObject name="targetId" objectName="self" id="0" isTemp="false" refParamName="" useRefParam="false" />
        <int name="skillCombine_1" value="254900" refParamName="" useRefParam="false" />
      </Event>
    </Track>
    <Track trackName="PlayHeroSoundTick0" eventType="PlayHeroSoundTick" guid="4feb75b4-db54-4f67-a91f-4f0ab5f02771" enabled="true" useRefParam="false" refParamName="" r="0.000" g="0.000" b="0.000" execOnForceStopped="false" execOnActionCompleted="false" stopAfterLastEvent="true">
      <Event eventName="PlayHeroSoundTick" time="0.000" isDuration="false" guid="1c8726ec-5680-4a4d-b699-414cf9926e2d">
        <TemplateObject name="targetId" objectName="self" id="0" isTemp="false" refParamName="" useRefParam="false" />
        <TemplateObject name="sourceId" objectName="self" id="0" isTemp="false" refParamName="" useRefParam="false" />
        <String name="eventName" value="Play_154_Yena_Skill_B_S" refParamName="" useRefParam="false" />
      </Event>
    </Track>
    <Track trackName="PlayHeroSoundTick0" eventType="PlayHeroSoundTick" guid="012ab8bf-1ca3-4ee9-a226-42ebd640e29e" enabled="true" useRefParam="false" refParamName="" r="0.000" g="0.000" b="0.000" execOnForceStopped="false" execOnActionCompleted="false" stopAfterLastEvent="true">
      <Event eventName="PlayHeroSoundTick" time="0.000" isDuration="false" guid="2f9d9ac0-1135-40ad-bccb-96fb8a247b6b">
        <TemplateObject name="targetId" objectName="self" id="0" isTemp="false" refParamName="" useRefParam="false" />
        <TemplateObject name="sourceId" objectName="self" id="0" isTemp="false" refParamName="" useRefParam="false" />
        <String name="eventName" value="Play_YeNa_VOX_Skill_B" refParamName="" useRefParam="false" />
      </Event>
    </Track>
    <Track trackName="TriggerParticleTick7" eventType="TriggerParticleTick" guid="af32111b-953a-4309-bb61-ebf045d62656" enabled="true" useRefParam="false" refParamName="" r="0.000" g="0.000" b="0.000" execOnForceStopped="false" execOnActionCompleted="false" stopAfterLastEvent="true" SkinAvatarFilterType="11">
      <Event eventName="TriggerParticleTick" time="0.767" isDuration="false" guid="18a41b0b-1bdb-4f48-ae93-a6f034ec18a4">
        <TemplateObject name="targetId" objectName="None" id="-1" isTemp="false" refParamName="" useRefParam="false" />
        <TemplateObject name="objectSpaceId" objectName="self" id="0" isTemp="false" refParamName="" useRefParam="false" />
        <String name="resourceName" value="prefab_skill_effects/hero_skill_effects/154_HuaMuLan/huamulan_attack02_spell02b" refParamName="" useRefParam="false" />
        <float name="lifeTime" value="5.000" refParamName="" useRefParam="false" />
        <bool name="applyActionSpeedToAnimation" value="true" refParamName="" useRefParam="false" />
      </Event>
      <SkinOrAvatarList id="13579" />
    </Track>
    <Track trackName="TriggerParticleTick7" eventType="TriggerParticleTick" guid="aabcb65c-bbf6-4a2a-8716-0abce01d28d1" enabled="true" useRefParam="false" refParamName="" r="0.000" g="0.000" b="0.000" execOnForceStopped="false" execOnActionCompleted="false" stopAfterLastEvent="true" SkinAvatarFilterType="11">
      <Event eventName="TriggerParticleTick" time="1.267" isDuration="false" guid="55cfd4e4-b538-4f5c-aa97-a7ca2e29fddf">
        <TemplateObject name="targetId" objectName="None" id="-1" isTemp="false" refParamName="" useRefParam="false" />
        <TemplateObject name="objectSpaceId" objectName="self" id="0" isTemp="false" refParamName="" useRefParam="false" />
        <String name="resourceName" value="prefab_skill_effects/hero_skill_effects/154_HuaMuLan/huamulan_attack03_spell02b" refParamName="" useRefParam="false" />
        <float name="lifeTime" value="5.000" refParamName="" useRefParam="false" />
        <bool name="applyActionSpeedToAnimation" value="true" refParamName="" useRefParam="false" />
      </Event>
      <SkinOrAvatarList id="13579" />
    </Track>
    <Track trackName="TriggerParticleTick7" eventType="TriggerParticleTick" guid="1f0280f8-3ed1-4d36-a9ad-059757a5cfde" enabled="true" useRefParam="false" refParamName="" r="0.000" g="0.000" b="0.000" execOnForceStopped="false" execOnActionCompleted="false" stopAfterLastEvent="true" SkinAvatarFilterType="11">
      <Event eventName="TriggerParticleTick" time="1.800" isDuration="false" guid="825215ec-bdf7-4937-8627-eaf39156fc61">
        <TemplateObject name="targetId" objectName="None" id="-1" isTemp="false" refParamName="" useRefParam="false" />
        <TemplateObject name="objectSpaceId" objectName="self" id="0" isTemp="false" refParamName="" useRefParam="false" />
        <String name="resourceName" value="prefab_skill_effects/hero_skill_effects/154_HuaMuLan/huamulan_attack04_spell02b" refParamName="" useRefParam="false" />
        <float name="lifeTime" value="5.000" refParamName="" useRefParam="false" />
        <bool name="applyActionSpeedToAnimation" value="true" refParamName="" useRefParam="false" />
      </Event>
      <SkinOrAvatarList id="13579" />
    </Track>
  </Action>
</Project>