﻿<?xml version="1.0" encoding="utf-8"?>
<Project>
  <TemplateObjectList>
    <TemplateObject objectName="self" id="0" isTemp="false" />
    <TemplateObject objectName="target" id="1" isTemp="false" />
    <TemplateObject objectName="normal_obj_0" id="2" isTemp="false" />
    <TemplateObject objectName="temp_obj_0" id="3" isTemp="true" />
    <TemplateObject objectName="bullet" id="4" isTemp="true" />
    <TemplateObject objectName="bullet1" id="5" isTemp="true" />
  </TemplateObjectList>
  <RefParamList>
    <Vector3i name="_TargetDir" x="0" y="0" z="0" refParamName="" useRefParam="false" />
    <Vector3i name="_TargetPos" x="0" y="0" z="0" refParamName="" useRefParam="false" />
  </RefParamList>
  <Action tag="" length="2.500" loop="false">
    <Track trackName="ForbidAbilityDuration0" eventType="ForbidAbilityDuration" guid="8c84c3b9-a421-4658-aaed-1f8863528b3e" enabled="true" useRefParam="false" refParamName="" r="0.000" g="0.000" b="0.000" execOnForceStopped="false" execOnActionCompleted="false">
      <Event eventName="ForbidAbilityDuration" time="0.000" length="0.500" isDuration="true" guid="8b94a089-79e0-4c29-ad3e-5b4498e1b676">
        <TemplateObject name="attackerId" objectName="self" id="0" isTemp="false" refParamName="" useRefParam="false" />
        <bool name="forbidSkill" value="true" refParamName="" useRefParam="false" />
        <bool name="forbidFilterSkill0" value="true" refParamName="" useRefParam="false" />
        <bool name="forbidFilterSkill2" value="true" refParamName="" useRefParam="false" />
        <bool name="forbidFilterSkill3" value="true" refParamName="" useRefParam="false" />
        <bool name="forbidFilterSkill4" value="true" refParamName="" useRefParam="false" />
        <bool name="forbidFilterSkill5" value="true" refParamName="" useRefParam="false" />
        <bool name="forbidFilterSkill6" value="true" refParamName="" useRefParam="false" />
        <bool name="forbidFilterSkill7" value="true" refParamName="" useRefParam="false" />
        <bool name="forbidFilterSkill8" value="true" refParamName="" useRefParam="false" />
        <bool name="forbidFilterSkill9" value="true" refParamName="" useRefParam="false" />
        <bool name="forbidFilterSkill10" value="true" refParamName="" useRefParam="false" />
        <bool name="forbidFilterSkill11" value="true" refParamName="" useRefParam="false" />
        <bool name="forbidFilterSkill12" value="true" refParamName="" useRefParam="false" />
        <bool name="forbidFilterSummonerSkill" value="true" refParamName="" useRefParam="false" />
        <bool name="forbidFilterMapSkill" value="true" refParamName="" useRefParam="false" />
        <bool name="forbidFilterEquipActiveSkill" value="true" refParamName="" useRefParam="false" />
        <bool name="forbidFilterCallBoss" value="true" refParamName="" useRefParam="false" />
        <bool name="forbidFilterExtraBtnSlot1" value="true" refParamName="" useRefParam="false" />
        <bool name="forbidSkillAbort" value="false" refParamName="" useRefParam="false" />
      </Event>
    </Track>
    <Track trackName="ChangeSkillTriggerDuration0" eventType="ChangeSkillTriggerDuration" guid="dbb3ad06-9049-4c3d-8285-38a58e14d815" enabled="true" useRefParam="false" refParamName="" r="0.000" g="0.000" b="0.000" execOnForceStopped="false" execOnActionCompleted="false">
      <Event eventName="ChangeSkillTriggerDuration" time="0.000" length="2.500" isDuration="true" guid="a036d02c-2833-4c5f-9611-33d5e556ca3d">
        <TemplateObject name="targetId" objectName="self" id="0" isTemp="false" refParamName="" useRefParam="false" />
        <Enum name="slotType" value="1" EnumValue="技能1" refParamName="" useRefParam="false" />
        <int name="changeSkillID" value="13712" refParamName="" useRefParam="false" />
        <int name="recoverSkillID" value="13710" refParamName="" useRefParam="false" />
        <bool name="bReturnCDWhenLeave" value="true" refParamName="" useRefParam="false" />
        <bool name="bCalcCDBackground" value="true" refParamName="" useRefParam="false" />
      </Event>
    </Track>
    <Track trackName="SkillFuncDuration0" eventType="SkillFuncDuration" guid="3a7d730f-4c84-4e3a-b614-b7302cbcef09" enabled="true" useRefParam="false" refParamName="" r="0.000" g="0.000" b="0.000" execOnForceStopped="false" execOnActionCompleted="false">
      <Event eventName="SkillFuncDuration" time="0.000" length="2.500" isDuration="true" guid="b1915d62-19ec-4ba7-8a35-1b13c71b6875">
        <Enum name="SkillFuncType" value="6" EnumValue="增加移动速度" refParamName="" useRefParam="false" />
      </Event>
    </Track>
    <Track trackName="HitTriggerTick3" eventType="HitTriggerTick" guid="5f51538e-5075-4b15-8e42-a8079a1cd259" enabled="true" useRefParam="false" refParamName="" r="0.000" g="0.000" b="0.000" execOnForceStopped="false" execOnActionCompleted="false">
      <Event eventName="HitTriggerTick" time="0.000" isDuration="false" guid="b8f2fb48-a94d-47bf-9b10-3b22a0863ccb">
        <TemplateObject name="targetId" objectName="self" id="0" isTemp="false" refParamName="" useRefParam="false" />
        <TemplateObject name="hitTargetId" objectName="self" id="0" isTemp="false" refParamName="" useRefParam="false" />
        <int name="SelfSkillCombineID_1" value="137160" refParamName="" useRefParam="false" />
        <TemplateObject name="triggerId" objectName="None" id="-1" isTemp="false" refParamName="" useRefParam="false" />
      </Event>
    </Track>
    <Track trackName="SetBehaviourModeTick0" eventType="SetBehaviourModeTick" guid="4fe13e9e-f00b-4270-8fb1-12e90ab6ccb3" enabled="true" useRefParam="false" refParamName="" r="0.000" g="0.000" b="0.000" execOnForceStopped="false" execOnActionCompleted="false">
      <Event eventName="SetBehaviourModeTick" time="0.000" isDuration="false" guid="600e06a0-c59f-423b-930b-dc1a41f5a54a">
        <TemplateObject name="targetId" objectName="self" id="0" isTemp="false" refParamName="" useRefParam="false" />
      </Event>
    </Track>
    <Track trackName="一技能灵体" eventType="SpawnObjectDuration" guid="2c3c5cda-c619-46c6-a43f-8ffe8bc0817c" enabled="false" useRefParam="false" refParamName="" r="0.000" g="0.000" b="0.000" execOnForceStopped="false" execOnActionCompleted="false">
      <Event eventName="SpawnObjectDuration" time="0.000" length="2.500" isDuration="true" guid="6b564798-b62c-4acc-b8f1-1c528c60fb85">
        <TemplateObject name="targetId" objectName="temp_obj_0" id="3" isTemp="true" refParamName="" useRefParam="false" />
        <bool name="bTargetPosition" value="true" refParamName="" useRefParam="false" />
        <Vector3i name="targetPosition" x="0" y="0" z="0" refParamName="_TargetPos" useRefParam="true" />
        <String name="prefabName" value="prefab_characters/commonempty" refParamName="" useRefParam="false" />
        <bool name="modifyDirection" value="true" refParamName="" useRefParam="false" />
        <Vector3i name="direction" x="0" y="0" z="0" refParamName="" useRefParam="false" />
        <TemplateObject name="materialParentActorId" objectName="None" id="-1" isTemp="false" refParamName="" useRefParam="false" />
        <TemplateObject name="visionActorId" objectName="None" id="-1" isTemp="false" refParamName="" useRefParam="false" />
        <bool name="bRealTimeSight" value="true" refParamName="" useRefParam="false" />
        <bool name="bOpenSight" value="true" refParamName="" useRefParam="false" />
        <TemplateObject name="recordTargeID" objectName="None" id="-1" isTemp="false" refParamName="" useRefParam="false" />
      </Event>
    </Track>
    <Track trackName="CallMonsterTick0" eventType="CallMonsterTick" guid="cc5d5e0c-fdcb-446c-9226-5ededd523f7f" enabled="true" useRefParam="false" refParamName="" r="0.000" g="0.000" b="0.000" execOnForceStopped="false" execOnActionCompleted="false">
      <Event eventName="CallMonsterTick" time="0.000" isDuration="false" guid="fb2766f6-0681-4689-a9e8-e73940b4089a">
        <TemplateObject name="TargetId" objectName="self" id="0" isTemp="false" refParamName="" useRefParam="false" />
        <TemplateObject name="MonserId" objectName="temp_obj_0" id="3" isTemp="true" refParamName="" useRefParam="false" />
        <Enum name="MonsterTagType" value="2" EnumValue="MonsterTagType_Enum_Value_1" refParamName="" useRefParam="false" />
        <int name="ConfigID" value="237" refParamName="" useRefParam="false" />
        <bool name="Invincible" value="true" refParamName="" useRefParam="false" />
        <bool name="Moveable" value="true" refParamName="" useRefParam="false" />
        <int name="LifeTime" value="2500" refParamName="" useRefParam="false" />
        <bool name="bCopyedHeroInfo" value="true" refParamName="" useRefParam="false" />
        <bool name="bDrageToHostWhenTooFarAway" value="false" refParamName="" useRefParam="false" />
        <bool name="bAsSearchTargetPosActor" value="true" refParamName="" useRefParam="false" />
        <bool name="bIgnoreLevel" value="true" refParamName="" useRefParam="false" />
        <TemplateObject name="objectSpaceId" objectName="target" id="1" isTemp="false" refParamName="" useRefParam="false" />
        <bool name="bTargetPosition" value="true" refParamName="" useRefParam="false" />
        <Vector3i name="targetPosition" x="0" y="0" z="0" refParamName="_TargetPos" useRefParam="true" />
      </Event>
    </Track>
    <Track trackName="指示器核心特效" eventType="TriggerParticle" guid="6704c9f9-c957-4726-b952-4cd05a5c0275" enabled="false" useRefParam="false" refParamName="" r="0.000" g="0.000" b="0.000" execOnForceStopped="false" execOnActionCompleted="false">
      <Event eventName="TriggerParticle" time="0.000" length="2.500" isDuration="true" guid="0ed92dde-b107-455b-a142-dedbd839bbf0">
        <TemplateObject name="targetId" objectName="temp_obj_0" id="3" isTemp="true" refParamName="" useRefParam="false" />
        <TemplateObject name="objectSpaceId" objectName="temp_obj_0" id="3" isTemp="true" refParamName="" useRefParam="false" />
        <String name="resourceName" value="prefab_skill_effects/hero_skill_effects/522_Errol/Errol_spell03_log" refParamName="" useRefParam="false" />
        <Vector3 name="scaling" x="1.100" y="1.000" z="1.000" refParamName="" useRefParam="false" />
        <Vector3i name="scalingInt" x="10000" y="10000" z="10000" refParamName="" useRefParam="false" />
        <bool name="bUseRealScaling" value="true" refParamName="" useRefParam="false" />
        <String name="syncAnimationName" value="" refParamName="" useRefParam="false" />
        <String name="customTagName" value="" refParamName="" useRefParam="false" />
      </Event>
    </Track>
    <Track trackName="ForbidAbilityDuration0" eventType="ForbidAbilityDuration" guid="bbbef26e-3ee9-451f-8374-35e843eefb1b" enabled="true" useRefParam="false" refParamName="" r="0.000" g="0.000" b="0.000" execOnForceStopped="false" execOnActionCompleted="false">
      <Event eventName="ForbidAbilityDuration" time="0.000" length="2.500" isDuration="true" guid="e8159ccb-c991-49f0-8305-96a0b9a8753c">
        <TemplateObject name="attackerId" objectName="temp_obj_0" id="3" isTemp="true" refParamName="" useRefParam="false" />
        <bool name="forbidSkillAbort" value="false" refParamName="" useRefParam="false" />
        <bool name="ImmuneControl" value="true" refParamName="" useRefParam="false" />
        <bool name="forbidCollisionDetection" value="true" refParamName="" useRefParam="false" />
      </Event>
    </Track>
    <Track trackName="ForbidAbilityDuration2" eventType="ForbidAbilityDuration" guid="d15acdc8-0bdb-4e04-a4d6-1a88667e97b1" enabled="true" useRefParam="false" refParamName="" r="0.000" g="0.000" b="0.000" execOnForceStopped="false" execOnActionCompleted="false">
      <Event eventName="ForbidAbilityDuration" time="0.000" length="2.500" isDuration="true" guid="f1ac121e-ff0e-456d-b976-5077f3506423">
        <TemplateObject name="attackerId" objectName="self" id="0" isTemp="false" refParamName="" useRefParam="false" />
        <bool name="forbidMove" value="true" refParamName="" useRefParam="false" />
        <bool name="forbidSkill" value="true" refParamName="" useRefParam="false" />
        <bool name="forbidFilterSkill0" value="true" refParamName="" useRefParam="false" />
        <bool name="forbidFilterSkill1" value="true" refParamName="" useRefParam="false" />
        <bool name="forbidFilterSkill2" value="true" refParamName="" useRefParam="false" />
        <bool name="forbidFilterSkill3" value="true" refParamName="" useRefParam="false" />
        <bool name="forbidFilterSkill4" value="true" refParamName="" useRefParam="false" />
        <bool name="forbidFilterSkill9" value="true" refParamName="" useRefParam="false" />
        <bool name="forbidSkillAbort" value="false" refParamName="" useRefParam="false" />
        <bool name="forbidMoveRotate" value="true" refParamName="" useRefParam="false" />
        <bool name="ImmuneControl" value="true" refParamName="" useRefParam="false" />
      </Event>
    </Track>
    <Track trackName="BuffPerformanceDuration7" eventType="BuffPerformanceDuration" guid="1bed5616-6c8d-4557-8a1f-9f4841964794" enabled="true" useRefParam="false" refParamName="" r="0.000" g="0.000" b="0.000" execOnForceStopped="false" execOnActionCompleted="false">
      <Event eventName="BuffPerformanceDuration" time="0.000" length="2.500" isDuration="true" guid="39796adc-0d52-4e68-8b67-81308ae5ec39">
        <TemplateObject name="targetId" objectName="self" id="0" isTemp="false" refParamName="" useRefParam="false" />
        <Enum name="replaceHudNameType" value="4" EnumValue="替换_霸体" refParamName="" useRefParam="false" />
        <bool name="bIsHideBuffTimerBar" value="true" refParamName="" useRefParam="false" />
      </Event>
    </Track>
    <Track trackName="SaveActorDuration0" eventType="SaveActorDuration" guid="3df14607-70ff-4c92-88ad-665232cc5bbb" enabled="false" useRefParam="false" refParamName="" r="0.000" g="0.000" b="0.000" execOnForceStopped="false" execOnActionCompleted="false">
      <Event eventName="SaveActorDuration" time="0.000" length="2.500" isDuration="true" guid="4b371682-a9a9-4dc9-9108-853744a07a27">
        <String name="actorName" value="normal_object_0" refParamName="" useRefParam="false" />
        <TemplateObject name="SetActorId" objectName="temp_obj_0" id="3" isTemp="true" refParamName="" useRefParam="false" />
        <String name="strValue" value="" refParamName="" useRefParam="false" />
      </Event>
    </Track>
    <Track trackName="HitTriggerTick1" eventType="HitTriggerTick" guid="130139ca-e1c9-4e91-95ba-0e2bd1575109" enabled="false" useRefParam="false" refParamName="" r="0.000" g="0.000" b="0.000" execOnForceStopped="false" execOnActionCompleted="false">
      <Event eventName="HitTriggerTick" time="0.000" isDuration="false" guid="8a47d9e8-ba8a-4175-af5b-92fe355e1cd6">
        <TemplateObject name="targetId" objectName="temp_obj_0" id="3" isTemp="true" refParamName="" useRefParam="false" />
        <TemplateObject name="hitTargetId" objectName="temp_obj_0" id="3" isTemp="true" refParamName="" useRefParam="false" />
        <int name="SelfSkillCombineID_1" value="137080" refParamName="" useRefParam="false" />
        <TemplateObject name="triggerId" objectName="None" id="-1" isTemp="false" refParamName="" useRefParam="false" />
      </Event>
    </Track>
    <Track trackName="TriggerParticle0" eventType="TriggerParticle" guid="7dfea504-9602-4923-8be2-2ffdc2a39b94" enabled="true" useRefParam="false" refParamName="" r="0.000" g="0.000" b="0.000" execOnForceStopped="false" execOnActionCompleted="false">
      <Event eventName="TriggerParticle" time="0.000" length="2.500" isDuration="true" guid="8ee66278-13e0-4ef6-837b-1e407efd08b7">
        <TemplateObject name="targetId" objectName="None" id="-1" isTemp="false" refParamName="" useRefParam="false" />
        <TemplateObject name="objectSpaceId" objectName="temp_obj_0" id="3" isTemp="true" refParamName="" useRefParam="false" />
        <String name="resourceName" value="prefab_skill_effects/hero_skill_effects/137_simayi/simayi_attack_spell01a" refParamName="" useRefParam="false" />
        <Vector3i name="scalingInt" x="10000" y="10000" z="10000" refParamName="" useRefParam="false" />
        <String name="syncAnimationName" value="" refParamName="" useRefParam="false" />
        <String name="customTagName" value="" refParamName="" useRefParam="false" />
      </Event>
    </Track>
    <Track trackName="TriggerParticleTick0" eventType="TriggerParticleTick" guid="e41b076d-7bc2-41ce-baac-55390f457fd0" enabled="false" useRefParam="false" refParamName="" r="0.000" g="0.000" b="0.000" execOnForceStopped="false" execOnActionCompleted="false">
      <Event eventName="TriggerParticleTick" time="0.000" isDuration="false" guid="ed24192c-1914-4fc0-bf0e-baef6757968d">
        <TemplateObject name="targetId" objectName="None" id="-1" isTemp="false" refParamName="" useRefParam="false" />
        <TemplateObject name="objectSpaceId" objectName="temp_obj_0" id="3" isTemp="true" refParamName="" useRefParam="false" />
        <String name="resourceName" value="prefab_skill_effects/hero_skill_effects/137_simayi/simayi_attack_spell01a" refParamName="" useRefParam="false" />
        <float name="lifeTime" value="5.000" refParamName="" useRefParam="false" />
        <Vector3i name="scalingInt" x="10000" y="10000" z="10000" refParamName="" useRefParam="false" />
      </Event>
    </Track>
    <Track trackName="SpawnObjectDuration0" eventType="SpawnObjectDuration" guid="3731106a-409b-43b5-bf58-8c37c9479c91" enabled="true" useRefParam="false" refParamName="" r="0.000" g="0.000" b="0.000" execOnForceStopped="false" execOnActionCompleted="false">
      <Event eventName="SpawnObjectDuration" time="0.000" length="2.500" isDuration="true" guid="6e2d6ad0-72df-4dd9-8001-0ca3b5cd61be">
        <TemplateObject name="targetId" objectName="bullet" id="4" isTemp="true" refParamName="" useRefParam="false" />
        <TemplateObject name="parentId" objectName="temp_obj_0" id="3" isTemp="true" refParamName="" useRefParam="false" />
        <TemplateObject name="objectSpaceId" objectName="temp_obj_0" id="3" isTemp="true" refParamName="" useRefParam="false" />
        <String name="prefabName" value="prefab_characters/commonempty" refParamName="" useRefParam="false" />
        <Vector3i name="translation" x="0" y="1000" z="0" refParamName="" useRefParam="false" />
        <bool name="modifyDirection" value="true" refParamName="" useRefParam="false" />
        <Vector3i name="direction" x="0" y="0" z="0" refParamName="" useRefParam="false" />
        <TemplateObject name="materialParentActorId" objectName="self" id="0" isTemp="false" refParamName="" useRefParam="false" />
        <bool name="modifyScaling" value="true" refParamName="" useRefParam="false" />
        <TemplateObject name="visionActorId" objectName="None" id="-1" isTemp="false" refParamName="" useRefParam="false" />
        <bool name="bUseSkin" value="true" refParamName="" useRefParam="false" />
        <bool name="bRecordObjPosition" value="true" refParamName="" useRefParam="false" />
        <TemplateObject name="recordTargeID" objectName="None" id="-1" isTemp="false" refParamName="" useRefParam="false" />
      </Event>
    </Track>
    <Track trackName="SetCollisionTick1" eventType="SetCollisionTick" guid="93cb6b6c-e199-40ff-98dd-d7fd9e6a56c9" enabled="true" useRefParam="false" refParamName="" r="0.000" g="0.000" b="0.000" execOnForceStopped="false" execOnActionCompleted="false">
      <Event eventName="SetCollisionTick" time="0.000" isDuration="false" guid="b55222e2-054a-4334-8693-ac826a0941d0">
        <TemplateObject name="targetId" objectName="bullet" id="4" isTemp="true" refParamName="" useRefParam="false" />
        <Enum name="type" value="1" EnumValue="SPHERE" refParamName="" useRefParam="false" />
        <Vector3i name="Size" x="1000" y="10000" z="1000" refParamName="" useRefParam="false" />
        <int name="Radius" value="1500" refParamName="" useRefParam="false" />
        <int name="Rotation" value="160" refParamName="" useRefParam="false" />
      </Event>
    </Track>
    <Track trackName="武器特效" eventType="TriggerParticle" guid="42a207ec-98d5-4982-9912-dfbd5c943b26" enabled="true" useRefParam="false" refParamName="" r="0.000" g="0.000" b="0.000" execOnForceStopped="false" execOnActionCompleted="false">
      <Event eventName="TriggerParticle" time="0.000" length="2.500" isDuration="true" guid="38f5c964-c3a8-4bfa-bf91-1fa56008032c">
        <TemplateObject name="targetId" objectName="self" id="0" isTemp="false" refParamName="" useRefParam="false" />
        <TemplateObject name="objectSpaceId" objectName="self" id="0" isTemp="false" refParamName="" useRefParam="false" />
        <String name="resourceName" value="prefab_skill_effects/hero_skill_effects/137_simayi/SiMaYi_attack_spell01_weapon" refParamName="" useRefParam="false" />
        <String name="bindPointName" value="Bone_Weapon01" refParamName="" useRefParam="false" />
        <Vector3i name="scalingInt" x="10000" y="10000" z="10000" refParamName="" useRefParam="false" />
        <String name="syncAnimationName" value="" refParamName="" useRefParam="false" />
        <String name="customTagName" value="" refParamName="" useRefParam="false" />
      </Event>
    </Track>
    <Track trackName="HitTriggerDuration1" eventType="HitTriggerDuration" guid="e6be63fc-c053-4a14-8e9e-c22aeb624395" enabled="true" useRefParam="false" refParamName="" r="0.000" g="0.000" b="0.000" execOnForceStopped="false" execOnActionCompleted="false">
      <Event eventName="HitTriggerDuration" time="0.000" length="2.500" isDuration="true" guid="b5363c31-66c4-4922-9f44-587addb38949">
        <TemplateObject name="triggerId" objectName="bullet" id="4" isTemp="true" refParamName="" useRefParam="false" />
        <TemplateObject name="attackerId" objectName="self" id="0" isTemp="false" refParamName="" useRefParam="false" />
        <TemplateObject name="specifiedActorId" objectName="None" id="-1" isTemp="false" refParamName="" useRefParam="false" />
        <int name="triggerInterval" value="50" refParamName="" useRefParam="false" />
        <int name="TriggerActorInterval" value="50" refParamName="" useRefParam="false" />
        <bool name="bFileterOrgan" value="true" refParamName="" useRefParam="false" />
        <TemplateObject name="bulletID" objectName="None" id="-1" isTemp="false" refParamName="" useRefParam="false" />
        <int name="TriggerActorCount" value="32" refParamName="" useRefParam="false" />
        <int name="CollideMaxCount" value="1" refParamName="" useRefParam="false" />
        <int name="TargetSkillCombine_1" value="137100" refParamName="" useRefParam="false" />
        <String name="BulletActionName" value="" refParamName="" useRefParam="false" />
        <TemplateObject name="bulletSpaceId" objectName="None" id="-1" isTemp="false" refParamName="" useRefParam="false" />
      </Event>
    </Track>
    <Track trackName="TriggerParticle0" eventType="TriggerParticle" guid="e1d7c11c-f87b-45a9-9ed5-270e3d0eb540" enabled="true" useRefParam="false" refParamName="" r="0.000" g="0.000" b="0.000" execOnForceStopped="false" execOnActionCompleted="false">
      <Event eventName="TriggerParticle" time="0.000" length="2.500" isDuration="true" guid="acf67122-9959-4e8d-8460-5661efbf9592">
        <TemplateObject name="targetId" objectName="temp_obj_0" id="3" isTemp="true" refParamName="" useRefParam="false" />
        <String name="resourceName" value="prefab_skill_effects/hero_skill_effects/137_simayi/simayi_attack_spell01b" refParamName="" useRefParam="false" />
        <String name="bindPointName" value="bip001_pet" refParamName="" useRefParam="false" />
        <Vector3i name="scalingInt" x="10000" y="10000" z="10000" refParamName="" useRefParam="false" />
        <String name="syncAnimationName" value="" refParamName="" useRefParam="false" />
        <bool name="bReverseXWhenCameraMirror" value="true" refParamName="" useRefParam="false" />
        <String name="customTagName" value="" refParamName="" useRefParam="false" />
      </Event>
    </Track>
    <Track trackName="ChangeAnimDuration0" eventType="ChangeAnimDuration" guid="f3874a20-363b-46b5-bec7-f08a9cb89420" enabled="false" useRefParam="false" refParamName="" r="0.000" g="0.000" b="0.000" execOnForceStopped="false" execOnActionCompleted="false">
      <Event eventName="ChangeAnimDuration" time="0.000" length="2.500" isDuration="true" guid="83a51590-173c-49e4-8260-14acd7614120">
        <TemplateObject name="targetId" objectName="None" id="-1" isTemp="false" refParamName="" useRefParam="false" />
        <String name="originalAnimName" value="Run" refParamName="" useRefParam="false" />
        <String name="changedAnimName" value="Spell1_4" refParamName="" useRefParam="false" />
        <String name="runAnimName1" value="" refParamName="" useRefParam="false" />
        <String name="runAnimName2" value="" refParamName="" useRefParam="false" />
        <String name="runAnimName3" value="" refParamName="" useRefParam="false" />
        <String name="runAnimName4" value="" refParamName="" useRefParam="false" />
      </Event>
    </Track>
    <Track trackName="ChangeAnimDuration0" eventType="ChangeAnimDuration" guid="5694bbe9-f3f9-4230-ba6e-8a8d42619624" enabled="false" useRefParam="false" refParamName="" r="0.000" g="0.000" b="0.000" execOnForceStopped="false" execOnActionCompleted="false">
      <Event eventName="ChangeAnimDuration" time="0.000" length="2.500" isDuration="true" guid="1fa2db3c-1ca3-4ed7-a3b8-7a29a2f33e2f">
        <TemplateObject name="targetId" objectName="None" id="-1" isTemp="false" refParamName="" useRefParam="false" />
        <String name="originalAnimName" value="Idle" refParamName="" useRefParam="false" />
        <String name="changedAnimName" value="Spell1_4" refParamName="" useRefParam="false" />
        <String name="runAnimName1" value="" refParamName="" useRefParam="false" />
        <String name="runAnimName2" value="" refParamName="" useRefParam="false" />
        <String name="runAnimName3" value="" refParamName="" useRefParam="false" />
        <String name="runAnimName4" value="" refParamName="" useRefParam="false" />
      </Event>
    </Track>
    <Track trackName="ChangeAnimDuration0" eventType="ChangeAnimDuration" guid="89314529-ce2a-4d58-9b14-99e43cf2ec74" enabled="true" useRefParam="false" refParamName="" r="0.000" g="0.000" b="0.000" execOnForceStopped="false" execOnActionCompleted="false">
      <Event eventName="ChangeAnimDuration" time="0.000" length="2.500" isDuration="true" guid="efe5426b-4b00-46c3-a0b7-8e2ab217a7aa">
        <TemplateObject name="targetId" objectName="self" id="0" isTemp="false" refParamName="" useRefParam="false" />
        <String name="originalAnimName" value="Idle" refParamName="" useRefParam="false" />
        <String name="changedAnimName" value="Spell1" refParamName="" useRefParam="false" />
        <bool name="bDontChangeIfNotExist" value="true" refParamName="" useRefParam="false" />
        <bool name="bChangeBlendTime" value="true" refParamName="" useRefParam="false" />
        <float name="fadeInBlendTime" value="0.200" refParamName="" useRefParam="false" />
        <float name="fadeOutBlendTime" value="0.200" refParamName="" useRefParam="false" />
        <String name="runAnimName1" value="" refParamName="" useRefParam="false" />
        <String name="runAnimName2" value="" refParamName="" useRefParam="false" />
        <String name="runAnimName3" value="" refParamName="" useRefParam="false" />
        <String name="runAnimName4" value="" refParamName="" useRefParam="false" />
      </Event>
    </Track>
    <Track trackName="ChangeAnimDuration0" eventType="ChangeAnimDuration" guid="901c64ac-6731-4b59-b3af-04191853069c" enabled="true" useRefParam="false" refParamName="" r="0.000" g="0.000" b="0.000" execOnForceStopped="false" execOnActionCompleted="false">
      <Event eventName="ChangeAnimDuration" time="0.000" length="2.500" isDuration="true" guid="b806b4df-1cb1-44cb-bdef-c2ea85716cc4">
        <TemplateObject name="targetId" objectName="self" id="0" isTemp="false" refParamName="" useRefParam="false" />
        <String name="originalAnimName" value="Run" refParamName="" useRefParam="false" />
        <String name="changedAnimName" value="Spell1" refParamName="" useRefParam="false" />
        <bool name="bDontChangeIfNotExist" value="true" refParamName="" useRefParam="false" />
        <bool name="bChangeBlendTime" value="true" refParamName="" useRefParam="false" />
        <float name="fadeInBlendTime" value="0.200" refParamName="" useRefParam="false" />
        <float name="fadeOutBlendTime" value="0.200" refParamName="" useRefParam="false" />
        <String name="runAnimName1" value="" refParamName="" useRefParam="false" />
        <String name="runAnimName2" value="" refParamName="" useRefParam="false" />
        <String name="runAnimName3" value="" refParamName="" useRefParam="false" />
        <String name="runAnimName4" value="" refParamName="" useRefParam="false" />
      </Event>
    </Track>
    <Track trackName="PlayAnimDuration0" eventType="PlayAnimDuration" guid="451a538c-e054-4be0-8ff9-c078d1dd5a71" enabled="true" useRefParam="false" refParamName="" r="0.000" g="0.000" b="0.000" execOnForceStopped="false" execOnActionCompleted="false">
      <Event eventName="PlayAnimDuration" time="0.000" length="2.500" isDuration="true" guid="05c07c4c-5c38-4a02-ae8f-d3c7f43c88fe">
        <TemplateObject name="targetId" objectName="temp_obj_0" id="3" isTemp="true" refParamName="" useRefParam="false" />
        <String name="clipName" value="Spell1_4" refParamName="" useRefParam="false" />
        <int name="layer" value="2" refParamName="" useRefParam="false" />
        <float name="crossFadeTime" value="0.100" refParamName="" useRefParam="false" />
      </Event>
    </Track>
    <Track trackName="TriggerParticleTick0" eventType="TriggerParticleTick" guid="368c8ca7-d4bc-4fcd-b3c7-d05067c01ecd" enabled="false" useRefParam="false" refParamName="" r="0.000" g="0.000" b="0.000" execOnForceStopped="false" execOnActionCompleted="true">
      <Event eventName="TriggerParticleTick" time="0.000" isDuration="false" guid="14cf9b16-ee2d-4262-aabe-3b16747a8ace">
        <TemplateObject name="targetId" objectName="None" id="-1" isTemp="false" refParamName="" useRefParam="false" />
        <TemplateObject name="objectSpaceId" objectName="self" id="0" isTemp="false" refParamName="" useRefParam="false" />
        <String name="resourceName" value="prefab_skill_effects/hero_skill_effects/137_simayi/simayi_attack_spell01f" refParamName="" useRefParam="false" />
        <float name="lifeTime" value="5.000" refParamName="" useRefParam="false" />
        <Vector3i name="scalingInt" x="10000" y="10000" z="10000" refParamName="" useRefParam="false" />
      </Event>
    </Track>
    <Track trackName="MoveActorDuration5" eventType="MoveActorDuration" guid="f1959cdf-f03f-4478-a493-48ef94d600f0" enabled="true" useRefParam="false" refParamName="" r="0.000" g="0.000" b="0.000" execOnForceStopped="false" execOnActionCompleted="true">
      <Event eventName="MoveActorDuration" time="0.000" length="0.100" isDuration="true" guid="8c6e0967-277f-4dd1-b057-028077fa5fff">
        <TemplateObject name="actorId" objectName="self" id="0" isTemp="false" refParamName="" useRefParam="false" />
        <TemplateObject name="destId" objectName="temp_obj_0" id="3" isTemp="true" refParamName="" useRefParam="false" />
        <int name="moveSpeed" value="1000000" refParamName="" useRefParam="false" />
        <bool name="enableRotate" value="true" refParamName="" useRefParam="false" />
        <bool name="teleport" value="true" refParamName="" useRefParam="false" />
        <bool name="IgnoreCollision" value="true" refParamName="" useRefParam="false" />
        <bool name="bInteruptOtherMove" value="false" refParamName="" useRefParam="false" />
      </Event>
    </Track>
    <Track trackName="MoveActorDuration5" eventType="MoveActorDuration" guid="98b30f64-1598-40b6-858a-8694b106f2d4" enabled="true" useRefParam="false" refParamName="" r="0.000" g="0.000" b="0.000" execOnForceStopped="false" execOnActionCompleted="false">
      <Event eventName="MoveActorDuration" time="2.400" length="0.100" isDuration="true" guid="f7a95526-d136-40cb-acd3-27570bf2de10">
        <TemplateObject name="actorId" objectName="self" id="0" isTemp="false" refParamName="" useRefParam="false" />
        <TemplateObject name="destId" objectName="temp_obj_0" id="3" isTemp="true" refParamName="" useRefParam="false" />
        <int name="moveSpeed" value="1000000" refParamName="" useRefParam="false" />
        <bool name="enableRotate" value="true" refParamName="" useRefParam="false" />
        <bool name="teleport" value="true" refParamName="" useRefParam="false" />
        <bool name="IgnoreCollision" value="true" refParamName="" useRefParam="false" />
        <bool name="bInteruptOtherMove" value="false" refParamName="" useRefParam="false" />
      </Event>
    </Track>
    <Track trackName="HitTriggerTick3" eventType="HitTriggerTick" guid="92df94e4-16fc-44de-8539-86d78a689049" enabled="true" useRefParam="false" refParamName="" r="0.000" g="0.000" b="0.000" execOnForceStopped="true" execOnActionCompleted="true">
      <Event eventName="HitTriggerTick" time="0.000" isDuration="false" guid="9319ecf3-5aa2-42fb-91d6-9a5b24bfcdec">
        <TemplateObject name="targetId" objectName="self" id="0" isTemp="false" refParamName="" useRefParam="false" />
        <TemplateObject name="hitTargetId" objectName="self" id="0" isTemp="false" refParamName="" useRefParam="false" />
        <int name="SelfSkillCombineID_1" value="137080" refParamName="" useRefParam="false" />
        <TemplateObject name="triggerId" objectName="None" id="-1" isTemp="false" refParamName="" useRefParam="false" />
      </Event>
    </Track>
    <Track trackName="TriggerParticleTick0" eventType="TriggerParticleTick" guid="47f3788a-affc-4c19-9199-f81a05780ea3" enabled="true" useRefParam="false" refParamName="" r="0.000" g="0.000" b="0.000" execOnForceStopped="false" execOnActionCompleted="true">
      <Event eventName="TriggerParticleTick" time="0.000" isDuration="false" guid="e8966e9f-5c40-4fd1-bc14-b1a2e5234383">
        <TemplateObject name="targetId" objectName="None" id="-1" isTemp="false" refParamName="" useRefParam="false" />
        <TemplateObject name="objectSpaceId" objectName="self" id="0" isTemp="false" refParamName="" useRefParam="false" />
        <String name="resourceName" value="prefab_skill_effects/hero_skill_effects/137_simayi/simayi_attack_spell01c" refParamName="" useRefParam="false" />
        <float name="lifeTime" value="5.000" refParamName="" useRefParam="false" />
        <Vector3i name="scalingInt" x="10000" y="10000" z="10000" refParamName="" useRefParam="false" />
        <bool name="bUseMasterSkinId" value="true" refParamName="" useRefParam="false" />
      </Event>
    </Track>
    <Track trackName="TriggerParticleTick0" eventType="TriggerParticleTick" guid="2675a36c-38d8-4127-9961-a6d1a56e1505" enabled="false" useRefParam="false" refParamName="" r="0.000" g="0.000" b="0.000" execOnForceStopped="false" execOnActionCompleted="true">
      <Event eventName="TriggerParticleTick" time="0.000" isDuration="false" guid="5e3b4714-18c2-41b4-9cb8-e6f8cd27c8da">
        <TemplateObject name="targetId" objectName="temp_obj_0" id="3" isTemp="true" refParamName="" useRefParam="false" />
        <TemplateObject name="objectSpaceId" objectName="temp_obj_0" id="3" isTemp="true" refParamName="" useRefParam="false" />
        <String name="resourceName" value="prefab_skill_effects/hero_skill_effects/137_simayi/simayi_hurt_02_spell01" refParamName="" useRefParam="false" />
        <float name="lifeTime" value="5.000" refParamName="" useRefParam="false" />
        <Vector3i name="scalingInt" x="10000" y="10000" z="10000" refParamName="" useRefParam="false" />
      </Event>
    </Track>
    <Track trackName="SetMaterialParamsDuration0" eventType="SetMaterialParamsDuration" guid="665156d7-3014-42f8-a1b1-8978202845ea" enabled="true" useRefParam="false" refParamName="" r="0.000" g="0.000" b="0.000" execOnForceStopped="false" execOnActionCompleted="false">
      <Event eventName="SetMaterialParamsDuration" time="0.000" length="2.500" isDuration="true" guid="575139d7-0dda-4676-8888-5bc963e495be">
        <TemplateObject name="targetId" objectName="temp_obj_0" id="3" isTemp="true" refParamName="" useRefParam="false" />
        <bool name="enableFade" value="true" refParamName="" useRefParam="false" />
        <float name="FadeTime" value="0.500" refParamName="" useRefParam="false" />
        <String name="materialNamePattern" value="" refParamName="" useRefParam="false" />
        <Array name="paramNames" refParamName="" useRefParam="false" type="String">
          <String value="_MulColor" />
        </Array>
        <Array name="floatValues" refParamName="" useRefParam="false" type="float">
          <float value="0.000" />
        </Array>
        <Array name="revertFloatValues" refParamName="" useRefParam="false" type="float">
          <float value="1.000" />
        </Array>
      </Event>
    </Track>
    <Track trackName="SpawnObjectDuration0" eventType="SpawnObjectDuration" guid="7fb9f525-9ea7-484d-9c83-1662d7f0f2de" enabled="true" useRefParam="false" refParamName="" r="0.000" g="0.000" b="0.000" execOnForceStopped="false" execOnActionCompleted="false">
      <Event eventName="SpawnObjectDuration" time="0.000" length="2.500" isDuration="true" guid="f886f723-73a0-4b21-b953-58007f20711c">
        <TemplateObject name="targetId" objectName="bullet1" id="5" isTemp="true" refParamName="" useRefParam="false" />
        <TemplateObject name="objectSpaceId" objectName="self" id="0" isTemp="false" refParamName="" useRefParam="false" />
        <String name="prefabName" value="prefab_characters/commonempty" refParamName="" useRefParam="false" />
        <bool name="modifyDirection" value="true" refParamName="" useRefParam="false" />
        <Vector3i name="direction" x="0" y="0" z="0" refParamName="" useRefParam="false" />
        <TemplateObject name="materialParentActorId" objectName="self" id="0" isTemp="false" refParamName="" useRefParam="false" />
        <bool name="modifyScaling" value="true" refParamName="" useRefParam="false" />
        <TemplateObject name="visionActorId" objectName="None" id="-1" isTemp="false" refParamName="" useRefParam="false" />
        <bool name="bUseSkin" value="true" refParamName="" useRefParam="false" />
        <TemplateObject name="recordTargeID" objectName="None" id="-1" isTemp="false" refParamName="" useRefParam="false" />
      </Event>
    </Track>
    <Track trackName="SkillCDTriggerTick0" eventType="SkillCDTriggerTick" guid="4f8ef039-f631-4a16-abba-51162dde66c3" enabled="true" useRefParam="false" refParamName="" r="0.000" g="0.000" b="0.000" execOnForceStopped="false" execOnActionCompleted="false">
      <Event eventName="SkillCDTriggerTick" time="2.450" isDuration="false" guid="25f67124-f54c-44b4-bd26-f103d5062cf2">
        <TemplateObject name="targetId" objectName="self" id="0" isTemp="false" refParamName="" useRefParam="false" />
        <bool name="useSlotType" value="true" refParamName="" useRefParam="false" />
        <Enum name="slotType" value="1" EnumValue="技能1" refParamName="" useRefParam="false" />
      </Event>
    </Track>
    <Track trackName="SpawnBulletTick0" eventType="SpawnBulletTick" guid="6a519313-7d5d-42d9-9dee-74a099add0b9" enabled="false" useRefParam="false" refParamName="" r="0.000" g="0.000" b="0.000" execOnForceStopped="false" execOnActionCompleted="false">
      <Event eventName="SpawnBulletTick" time="0.000" isDuration="false" guid="42e8311c-ee02-43a5-902f-42fc6ba4cd78">
        <String name="ActionName" value="prefab_characters/prefab_hero/137_simayi/skill/s1b1" refParamName="" useRefParam="false" />
        <bool name="bDeadRemove" value="true" refParamName="" useRefParam="false" />
      </Event>
    </Track>
    <Track trackName="SpawnBulletTick0" eventType="SpawnBulletTick" guid="a941bd1c-8115-4e13-83c4-7b07e5b2c147" enabled="true" useRefParam="false" refParamName="" r="0.000" g="0.000" b="0.000" execOnForceStopped="false" execOnActionCompleted="false">
      <Event eventName="SpawnBulletTick" time="0.000" isDuration="false" guid="5b1c22c4-7c01-408c-9bb2-32814faceace">
        <TemplateObject name="targetId" objectName="self" id="0" isTemp="false" refParamName="" useRefParam="false" />
        <TemplateObject name="referenceObjectId" objectName="bullet1" id="5" isTemp="true" refParamName="" useRefParam="false" />
        <String name="ActionName" value="prefab_characters/prefab_hero/137_simayi/skill/s1b2" refParamName="" useRefParam="false" />
        <bool name="bDeadRemove" value="true" refParamName="" useRefParam="false" />
      </Event>
    </Track>
    <Track trackName="SpawnBulletTick0" eventType="SpawnBulletTick" guid="016c2500-741b-4e57-89b2-9bb8a7c6b4a4" enabled="false" useRefParam="false" refParamName="" r="0.000" g="0.000" b="0.000" execOnForceStopped="false" execOnActionCompleted="true">
      <Event eventName="SpawnBulletTick" time="0.000" isDuration="false" guid="50653bc2-0f01-4f35-bc62-2a17654f2ef1">
        <String name="ActionName" value="prefab_characters/prefab_hero/137_simayi/skill/s1b2" refParamName="" useRefParam="false" />
        <bool name="bDeadRemove" value="true" refParamName="" useRefParam="false" />
      </Event>
    </Track>
    <Track trackName="解决镜头抖动0" eventType="SyncVisualPosFromActor" guid="7df39bc3-0bef-4668-8103-6d7aeb297542" enabled="false" useRefParam="false" refParamName="" r="0.000" g="0.000" b="0.000" execOnForceStopped="false" execOnActionCompleted="false">
      <Event eventName="SyncVisualPosFromActor" time="0.000" length="0.066" isDuration="true" guid="9f86640d-6568-4c60-9e9c-8e5b5844bf09">
        <TemplateObject name="targetId" objectName="temp_obj_0" id="3" isTemp="true" refParamName="" useRefParam="false" />
        <TemplateObject name="sourceId" objectName="self" id="0" isTemp="false" refParamName="" useRefParam="false" />
      </Event>
    </Track>
    <Track trackName="MainCameraLookAt1" eventType="MainCameraLookAt" guid="cb7e4168-9753-44a8-aaff-af79c7fcc5dc" enabled="true" useRefParam="false" refParamName="" r="0.000" g="0.000" b="0.000" execOnForceStopped="false" execOnActionCompleted="false">
      <Event eventName="MainCameraLookAt" time="0.000" isDuration="false" guid="eeccf7b7-d8ec-43ba-9fe9-f210798e8da6">
        <TemplateObject name="srcId" objectName="self" id="0" isTemp="false" refParamName="" useRefParam="false" />
        <TemplateObject name="targetId" objectName="temp_obj_0" id="3" isTemp="true" refParamName="" useRefParam="false" />
      </Event>
    </Track>
    <Track trackName="MainCameraLookAt2" eventType="MainCameraLookAt" guid="3e70f173-b1e9-4677-a6d8-601789ebfbac" enabled="true" useRefParam="false" refParamName="" r="0.000" g="0.000" b="0.000" execOnForceStopped="false" execOnActionCompleted="true">
      <Event eventName="MainCameraLookAt" time="0.000" isDuration="false" guid="5be10f00-5f61-48c3-b6b1-0a0cd2ab75ed">
        <TemplateObject name="srcId" objectName="self" id="0" isTemp="false" refParamName="" useRefParam="false" />
        <TemplateObject name="targetId" objectName="self" id="0" isTemp="false" refParamName="" useRefParam="false" />
      </Event>
    </Track>
    <Track trackName="HitTriggerTick1" eventType="HitTriggerTick" guid="54aa58f6-2f75-4279-a7b2-74f4724b3ab2" enabled="true" useRefParam="false" refParamName="" r="0.000" g="0.000" b="0.000" execOnForceStopped="false" execOnActionCompleted="false">
      <Event eventName="HitTriggerTick" time="0.000" isDuration="false" guid="646fb734-973c-4424-89fb-df268469874f">
        <TemplateObject name="targetId" objectName="self" id="0" isTemp="false" refParamName="" useRefParam="false" />
        <int name="SelfSkillCombineID_1" value="137050" refParamName="" useRefParam="false" />
        <TemplateObject name="triggerId" objectName="None" id="-1" isTemp="false" refParamName="" useRefParam="false" />
      </Event>
    </Track>
    <Track trackName="SetObjBehaviourModeTick0" eventType="SetObjBehaviourModeTick" guid="472f2a16-ea56-4eb3-a93a-c0db8ae7abdc" enabled="true" useRefParam="false" refParamName="" r="0.000" g="0.000" b="0.000" execOnForceStopped="false" execOnActionCompleted="false">
      <Event eventName="SetObjBehaviourModeTick" time="0.000" isDuration="false" guid="685dbdb0-e69d-435a-a6d2-f5745c988629">
        <TemplateObject name="targetId" objectName="self" id="0" isTemp="false" refParamName="" useRefParam="false" />
      </Event>
    </Track>
    <Track trackName="SkillIndicatorFollowDuration0" eventType="SkillIndicatorFollowDuration" guid="76c43a4e-bf68-4b87-bdaf-cc8c8c9ef8e2" enabled="true" useRefParam="false" refParamName="" r="0.000" g="0.000" b="0.000" execOnForceStopped="false" execOnActionCompleted="false">
      <Event eventName="SkillIndicatorFollowDuration" time="0.000" length="2.500" isDuration="true" guid="1dbf8fd4-f64e-41de-93dc-d83e14a9a009">
        <TemplateObject name="selfId" objectName="self" id="0" isTemp="false" refParamName="" useRefParam="false" />
        <TemplateObject name="targetId" objectName="temp_obj_0" id="3" isTemp="true" refParamName="" useRefParam="false" />
        <int name="skillSlotMask" value="-1" refParamName="" useRefParam="false" />
      </Event>
    </Track>
    <Track trackName="MoveActorByMoveDirCmdDuration2" eventType="MoveActorByMoveDirCmdDuration" guid="b8ff358e-b371-44da-8400-25e4f80d824d" enabled="false" useRefParam="false" refParamName="" r="0.000" g="0.000" b="0.000" execOnForceStopped="false" execOnActionCompleted="false">
      <Event eventName="MoveActorByMoveDirCmdDuration" time="0.000" length="2.500" isDuration="true" guid="0fc06b1f-58f3-4565-aee1-b1a9e2462ce5">
        <TemplateObject name="targetId" objectName="temp_obj_0" id="3" isTemp="true" refParamName="" useRefParam="false" />
        <int name="moveSpeed" value="6000" refParamName="" useRefParam="false" />
        <int name="radius" value="99999" refParamName="" useRefParam="false" />
      </Event>
    </Track>
    <Track trackName="ActorReplaceMovingDuration0" eventType="ActorReplaceMovingDuration" guid="617e792f-8058-41ed-90c2-029451a98276" enabled="true" useRefParam="false" refParamName="" r="0.000" g="0.000" b="0.000" execOnForceStopped="false" execOnActionCompleted="false">
      <Event eventName="ActorReplaceMovingDuration" time="0.000" length="2.500" isDuration="true" guid="9053e165-f562-49f8-b5e4-02804e0a954c">
        <TemplateObject name="sourceId" objectName="self" id="0" isTemp="false" refParamName="" useRefParam="false" />
        <TemplateObject name="targetId" objectName="temp_obj_0" id="3" isTemp="true" refParamName="" useRefParam="false" />
      </Event>
    </Track>
    <Track trackName="KillActorTick0" eventType="KillActorTick" guid="32e7c44e-46b4-4f4d-9c07-14e6c36dd1e1" enabled="true" useRefParam="false" refParamName="" r="0.000" g="0.000" b="0.000" execOnForceStopped="true" execOnActionCompleted="true">
      <Event eventName="KillActorTick" time="0.000" isDuration="false" guid="356a8098-1733-4a05-a793-0d34f9a49206">
        <TemplateObject name="targetId" objectName="temp_obj_0" id="3" isTemp="true" refParamName="" useRefParam="false" />
        <bool name="autoRecycle" value="false" refParamName="" useRefParam="false" />
      </Event>
    </Track>
    <Track trackName="PlayMaterialEffectDuration0" eventType="PlayMaterialEffectDuration" guid="1055b5b5-75d3-4fa2-a804-e4aa12d523db" enabled="true" useRefParam="false" refParamName="" r="0.000" g="0.000" b="0.000" execOnForceStopped="false" execOnActionCompleted="false">
      <Event eventName="PlayMaterialEffectDuration" time="0.000" length="2.500" isDuration="true" guid="7e4caee9-7466-499d-973c-d23e94ace7dd">
        <TemplateObject name="targetId" objectName="self" id="0" isTemp="false" refParamName="" useRefParam="false" />
        <Enum name="effectType" value="3" EnumValue="高亮" refParamName="" useRefParam="false" />
        <String name="texPath" value="" refParamName="" useRefParam="false" />
        <Vector3 name="highLitColor" x="0.800" y="0.800" z="0.000" refParamName="" useRefParam="false" />
        <float name="higthLitPeriod" value="1.000" refParamName="" useRefParam="false" />
        <String name="materialNamePattern" value="" refParamName="" useRefParam="false" />
      </Event>
    </Track>
    <Track trackName="SkillFuncDuration0" eventType="SkillFuncDuration" guid="ecd42fac-e54d-4bc6-aefd-95e626d3b5c2" enabled="true" useRefParam="false" refParamName="" r="0.000" g="0.000" b="0.000" execOnForceStopped="false" execOnActionCompleted="false">
      <Event eventName="SkillFuncDuration" time="0.000" length="2.500" isDuration="true" guid="37e68e85-9142-4d4c-9c48-e7d43f7ae622">
        <Enum name="SkillFuncType" value="37" EnumValue="伤害免疫率" refParamName="" useRefParam="false" />
      </Event>
    </Track>
    <Track trackName="SkillCDTriggerTick0" eventType="SkillCDTriggerTick" guid="5ae681e8-7090-47e2-82c0-1edc3b6a52fc" enabled="true" useRefParam="false" refParamName="" r="0.000" g="0.000" b="0.000" execOnForceStopped="false" execOnActionCompleted="true">
      <Event eventName="SkillCDTriggerTick" time="0.000" isDuration="false" guid="18511d86-bba4-445f-99c0-92e66cea046b">
        <TemplateObject name="targetId" objectName="self" id="0" isTemp="false" refParamName="" useRefParam="false" />
        <bool name="useSlotType" value="true" refParamName="" useRefParam="false" />
        <Enum name="slotType" value="1" EnumValue="技能1" refParamName="" useRefParam="false" />
      </Event>
    </Track>
    <Track trackName="BuffHudTriggerDuration0" eventType="BuffHudTriggerDuration" guid="4c4bf0df-e7d7-40b7-b62e-a62e171978c0" enabled="true" useRefParam="false" refParamName="" r="0.000" g="0.000" b="0.000" execOnForceStopped="false" execOnActionCompleted="false">
      <Event eventName="BuffHudTriggerDuration" time="0.000" length="2.500" isDuration="true" guid="2248a809-ca7a-4d5a-a5f7-4efeb20e0fdf">
        <TemplateObject name="targetId" objectName="self" id="0" isTemp="false" refParamName="" useRefParam="false" />
        <int name="SelfSkillCombineID" value="137140" refParamName="" useRefParam="false" />
        <Enum name="iconType" value="14" EnumValue="受伤减少" refParamName="" useRefParam="false" />
        <bool name="bVvisibility" value="true" refParamName="" useRefParam="false" />
        <bool name="bOriginVisble" value="true" refParamName="" useRefParam="false" />
        <bool name="bOriginCampVisible" value="true" refParamName="" useRefParam="false" />
        <bool name="bOriginEnemyVisible" value="true" refParamName="" useRefParam="false" />
        <bool name="bShowWhenWatching" value="true" refParamName="" useRefParam="false" />
        <Enum name="priority1" value="2" EnumValue="对拥有者优先显示" refParamName="" useRefParam="false" />
        <int name="priority2" value="4000" refParamName="" useRefParam="false" />
        <bool name="bDelay" value="false" refParamName="" useRefParam="false" />
      </Event>
    </Track>
    <Track trackName="TriggerParticle1" eventType="TriggerParticle" guid="5264e927-5305-4b2b-96b9-4ded91683f3d" enabled="true" useRefParam="false" refParamName="" r="0.000" g="0.000" b="0.000" execOnForceStopped="false" execOnActionCompleted="false">
      <Event eventName="TriggerParticle" time="0.000" length="2.500" isDuration="true" guid="b8aa5ca2-3e03-4f72-8e14-0fac5fad375c">
        <TemplateObject name="targetId" objectName="temp_obj_0" id="3" isTemp="true" refParamName="" useRefParam="false" />
        <String name="resourceName" value="Prefab_Skill_Effects/tongyong_effects/Indicator/AutoY" refParamName="" useRefParam="false" />
        <Vector3 name="scaling" x="0.500" y="1.000" z="1.000" refParamName="" useRefParam="false" />
        <Vector3i name="scalingInt" x="10000" y="10000" z="10000" refParamName="" useRefParam="false" />
        <bool name="bUseRealScaling" value="true" refParamName="" useRefParam="false" />
        <bool name="bKeepChildScale" value="true" refParamName="" useRefParam="false" />
        <bool name="bInvisibleEnemy" value="true" refParamName="" useRefParam="false" />
        <bool name="bInvisibleTeamNotSelf" value="true" refParamName="" useRefParam="false" />
        <String name="syncAnimationName" value="" refParamName="" useRefParam="false" />
        <String name="customTagName" value="" refParamName="" useRefParam="false" />
      </Event>
    </Track>
    <Track trackName="CheckSkinIdTick0" eventType="CheckSkinIdTick" guid="1554191a-2b13-46fc-8afc-e269be7ef5c5" enabled="true" useRefParam="false" refParamName="" r="0.000" g="0.000" b="0.000" execOnForceStopped="false" execOnActionCompleted="false">
      <Event eventName="CheckSkinIdTick" time="0.000" isDuration="false" guid="c46ba5d9-d8f2-4bb5-bcb2-fe8159cf8645">
        <TemplateObject name="targetId" objectName="self" id="0" isTemp="false" refParamName="" useRefParam="false" />
        <int name="skinId" value="13795" refParamName="" useRefParam="false" />
		<bool name="bEqual" value="false" refParamName="" useRefParam="false" />
        <bool name="bSkipLogicCheck" value="true" refParamName="" useRefParam="false" />
      </Event>
    </Track>
    <Track trackName="TriggerParticleTick0" eventType="TriggerParticleTick" guid="11046795-fca2-46aa-8370-b71cb3b35676" enabled="true" useRefParam="false" refParamName="" r="0.000" g="0.000" b="0.000" execOnForceStopped="false" execOnActionCompleted="false">
      <Condition id="51" guid="1554191a-2b13-46fc-8afc-e269be7ef5c5" status="true" />
      <Event eventName="TriggerParticleTick" time="0.000" isDuration="false" guid="704cff0b-96ed-46a7-8c03-39b8c8e60cc8">
        <TemplateObject name="targetId" objectName="self" id="0" isTemp="false" refParamName="" useRefParam="false" />
        <String name="resourceName" value="prefab_skill_effects/hero_skill_effects/137_simayi/SiMaYi_attack_spell01D" refParamName="" useRefParam="false" />
        <float name="lifeTime" value="5.000" refParamName="" useRefParam="false" />
        <Vector3i name="scalingInt" x="10000" y="10000" z="10000" refParamName="" useRefParam="false" />
        <bool name="bUseMasterSkinId" value="true" refParamName="" useRefParam="false" />
      </Event>
    </Track>
    <Track trackName="TriggerParticleTick0" eventType="TriggerParticleTick" guid="40855df6-bd26-44a0-a9de-fc10c6b6cdb8" enabled="false" useRefParam="false" refParamName="" r="0.000" g="0.000" b="0.000" execOnForceStopped="false" execOnActionCompleted="true">
      <Condition id="51" guid="1554191a-2b13-46fc-8afc-e269be7ef5c5" status="true" />
      <Event eventName="TriggerParticleTick" time="0.000" isDuration="false" guid="f3862c10-bb37-4849-9a7b-d561add01310">
        <TemplateObject name="targetId" objectName="temp_obj_0" id="3" isTemp="true" refParamName="" useRefParam="false" />
        <TemplateObject name="objectSpaceId" objectName="temp_obj_0" id="3" isTemp="true" refParamName="" useRefParam="false" />
        <String name="resourceName" value="prefab_skill_effects/hero_skill_effects/137_simayi/SiMaYi_attack_spell02C" refParamName="" useRefParam="false" />
        <float name="lifeTime" value="5.000" refParamName="" useRefParam="false" />
        <Vector3i name="scalingInt" x="10000" y="10000" z="10000" refParamName="" useRefParam="false" />
        <bool name="bUseMasterSkinId" value="true" refParamName="" useRefParam="false" />
      </Event>
    </Track>
    <Track trackName="FilterTargetType0" eventType="FilterTargetType" guid="7191ed43-d046-4839-9132-c65dddf101e3" enabled="true" useRefParam="false" refParamName="" r="0.000" g="0.000" b="0.000" execOnForceStopped="false" execOnActionCompleted="false">
      <Event eventName="FilterTargetType" time="0.000" isDuration="false" guid="0663197d-b207-469f-85d8-c81c99ca7c70">
        <TemplateObject name="targetId" objectName="self" id="0" isTemp="false" refParamName="" useRefParam="false" />
        <bool name="bFilterDiffCamp" value="true" refParamName="" useRefParam="false" />
        <TemplateObject name="filterObjID" objectName="self" id="0" isTemp="false" refParamName="" useRefParam="false" />
        <bool name="bFilterDiffCampWithTarget" value="true" refParamName="" useRefParam="false" />
      </Event>
    </Track>
    <Track trackName="FilterTargetType0" eventType="FilterTargetType" guid="f8e553c9-938e-47b6-be10-eddba570ea61" enabled="true" useRefParam="false" refParamName="" r="0.000" g="0.000" b="0.000" execOnForceStopped="false" execOnActionCompleted="false">
      <Event eventName="FilterTargetType" time="0.000" isDuration="false" guid="22c953aa-807a-4e2a-8343-7450431ad6e6">
        <TemplateObject name="targetId" objectName="self" id="0" isTemp="false" refParamName="" useRefParam="false" />
        <bool name="bFilterSameCamp" value="true" refParamName="" useRefParam="false" />
        <TemplateObject name="filterObjID" objectName="self" id="0" isTemp="false" refParamName="" useRefParam="false" />
      </Event>
    </Track>
    <Track trackName="TriggerParticleTick0" eventType="TriggerParticleTick" guid="26082ef7-1020-40df-a8f9-28fc30085e9b" enabled="true" useRefParam="false" refParamName="" r="0.000" g="0.000" b="0.000" execOnForceStopped="false" execOnActionCompleted="true">
      <Condition id="51" guid="1554191a-2b13-46fc-8afc-e269be7ef5c5" status="true" />
      <Event eventName="TriggerParticleTick" time="0.000" isDuration="false" guid="fc40a120-0c75-4f8b-8ffc-c46e31207e5c">
        <TemplateObject name="targetId" objectName="None" id="-1" isTemp="false" refParamName="" useRefParam="false" />
        <TemplateObject name="objectSpaceId" objectName="self" id="0" isTemp="false" refParamName="" useRefParam="false" />
        <String name="resourceName" value="prefab_skill_effects/hero_skill_effects/137_simayi/SiMaYi_fly_03" refParamName="" useRefParam="false" />
        <float name="lifeTime" value="5.000" refParamName="" useRefParam="false" />
        <Vector3i name="scalingInt" x="10000" y="10000" z="10000" refParamName="" useRefParam="false" />
        <bool name="bUseMasterSkinId" value="true" refParamName="" useRefParam="false" />
      </Event>
    </Track>
    <Track trackName="TriggerParticle0" eventType="TriggerParticle" guid="094bf1f0-09bb-41f5-92b1-557cacd1bcbe" enabled="true" useRefParam="false" refParamName="" r="0.000" g="0.000" b="0.000" execOnForceStopped="false" execOnActionCompleted="false">
      <Condition id="51" guid="1554191a-2b13-46fc-8afc-e269be7ef5c5" status="true" />
      <Condition id="54" guid="7191ed43-d046-4839-9132-c65dddf101e3" status="true" />
      <Event eventName="TriggerParticle" time="0.000" length="2.500" isDuration="true" guid="cdd0da48-ef0c-43a5-8cad-c3d375a879ed">
        <TemplateObject name="targetId" objectName="temp_obj_0" id="3" isTemp="true" refParamName="" useRefParam="false" />
        <TemplateObject name="objectSpaceId" objectName="self" id="0" isTemp="false" refParamName="" useRefParam="false" />
        <String name="resourceName" value="prefab_skill_effects/hero_skill_effects/137_simayi/SiMaYi_buff" refParamName="" useRefParam="false" />
        <Vector3i name="scalingInt" x="10000" y="10000" z="10000" refParamName="" useRefParam="false" />
        <String name="syncAnimationName" value="" refParamName="" useRefParam="false" />
        <bool name="bReverseXWhenCameraMirror" value="true" refParamName="" useRefParam="false" />
        <String name="customTagName" value="" refParamName="" useRefParam="false" />
      </Event>
    </Track>
    <Track trackName="TriggerParticle0" eventType="TriggerParticle" guid="fe350a21-f8aa-4b09-b827-d916e149494f" enabled="true" useRefParam="false" refParamName="" r="0.000" g="0.000" b="0.000" execOnForceStopped="false" execOnActionCompleted="false">
      <Condition id="51" guid="1554191a-2b13-46fc-8afc-e269be7ef5c5" status="true" />
      <Condition id="55" guid="f8e553c9-938e-47b6-be10-eddba570ea61" status="true" />
      <Event eventName="TriggerParticle" time="0.000" length="2.500" isDuration="true" guid="835510fd-55b5-403c-9c30-4559c47d8bdd">
        <TemplateObject name="targetId" objectName="temp_obj_0" id="3" isTemp="true" refParamName="" useRefParam="false" />
        <TemplateObject name="objectSpaceId" objectName="self" id="0" isTemp="false" refParamName="" useRefParam="false" />
        <String name="resourceName" value="prefab_skill_effects/hero_skill_effects/137_simayi/SiMaYi_buff_E" refParamName="" useRefParam="false" />
        <Vector3i name="scalingInt" x="10000" y="10000" z="10000" refParamName="" useRefParam="false" />
        <String name="syncAnimationName" value="" refParamName="" useRefParam="false" />
        <bool name="bReverseXWhenCameraMirror" value="true" refParamName="" useRefParam="false" />
        <String name="customTagName" value="" refParamName="" useRefParam="false" />
      </Event>
    </Track>
    <Track trackName="PlayAnimDuration0" eventType="PlayAnimDuration" guid="fb46c3ad-0e15-4ff6-9204-b8b41a16dea2" enabled="true" useRefParam="false" refParamName="" r="0.000" g="0.000" b="0.000" execOnForceStopped="false" execOnActionCompleted="false" SkinAvatarFilterType="9">
      <Event eventName="PlayAnimDuration" time="0.000" length="2.500" isDuration="true" guid="99614b8e-e1e6-4f23-a32d-012029ca2f41">
        <TemplateObject name="targetId" objectName="self" id="0" isTemp="false" refParamName="" useRefParam="false" />
        <String name="clipName" value="Spell1" refParamName="" useRefParam="false" />
        <int name="layer" value="3" refParamName="" useRefParam="false" />
        <float name="crossFadeTime" value="0.100" refParamName="" useRefParam="false" />
      </Event>
      <SkinOrAvatarList id="13706" />
    </Track>
    <Track trackName="TriggerParticleTick0" eventType="TriggerParticleTick" guid="93df8a48-8a32-46fa-9f7e-b0f17d9422e4" enabled="true" useRefParam="false" refParamName="" r="0.000" g="0.000" b="0.000" execOnForceStopped="false" execOnActionCompleted="true" SkinAvatarFilterType="9">
      <Event eventName="TriggerParticleTick" time="0.000" isDuration="false" guid="c71ab5ac-ea75-4c8b-8572-0f6d10a564e2">
        <TemplateObject name="targetId" objectName="None" id="-1" isTemp="false" refParamName="" useRefParam="false" />
        <TemplateObject name="objectSpaceId" objectName="self" id="0" isTemp="false" refParamName="" useRefParam="false" />
        <String name="resourceName" value="prefab_skill_effects/hero_skill_effects/137_simayi/SiMaYi_attack_spell01G" refParamName="" useRefParam="false" />
        <float name="lifeTime" value="5.000" refParamName="" useRefParam="false" />
        <Vector3i name="scalingInt" x="10000" y="10000" z="10000" refParamName="" useRefParam="false" />
        <bool name="bUseMasterSkinId" value="true" refParamName="" useRefParam="false" />
      </Event>
      <SkinOrAvatarList id="13706" />
    </Track>
  </Action>
</Project>