﻿<?xml version="1.0" encoding="utf-8"?>
<Project>
  <TemplateObjectList>
    <TemplateObject objectName="self" id="0" isTemp="false" />
    <TemplateObject objectName="target" id="1" isTemp="false" />
    <TemplateObject objectName="bullet" id="2" isTemp="true" />
  </TemplateObjectList>
  <RefParamList>
    <Vector3i name="_TargetDir" x="0" y="0" z="0" refParamName="" useRefParam="false" />
    <Vector3i name="_TargetPos" x="0" y="0" z="0" refParamName="" useRefParam="false" />
  </RefParamList>
  <Action tag="" length="10.000" loop="false">
    <Track trackName="SpawnObjectDuration0" eventType="SpawnObjectDuration" guid="088afb48-6c3c-4ad7-8c68-eef60cfcd047" enabled="true" useRefParam="false" refParamName="" r="0.000" g="0.000" b="0.000" execOnForceStopped="false" execOnActionCompleted="false">
      <Event eventName="SpawnObjectDuration" time="0.000" length="10.000" isDuration="true" guid="bcba19a8-53ab-4f35-ad37-33278860c990">
        <TemplateObject name="targetId" objectName="bullet" id="2" isTemp="true" refParamName="" useRefParam="false" />
        <TemplateObject name="objectSpaceId" objectName="self" id="0" isTemp="false" refParamName="" useRefParam="false" />
        <String name="prefabName" value="prefab_characters/commonempty" refParamName="" useRefParam="false" />
        <bool name="modifyDirection" value="true" refParamName="" useRefParam="false" />
        <Vector3i name="direction" x="0" y="0" z="0" refParamName="" useRefParam="false" />
        <TemplateObject name="materialParentActorId" objectName="self" id="0" isTemp="false" refParamName="" useRefParam="false" />
        <TemplateObject name="visionActorId" objectName="self" id="0" isTemp="false" refParamName="" useRefParam="false" />
        <TemplateObject name="recordTargeID" objectName="None" id="-1" isTemp="false" refParamName="" useRefParam="false" />
      </Event>
    </Track>
    <Track trackName="善逸皮肤≠" eventType="CheckSkinIdTick" guid="051ca790-71de-4ae4-97cd-b30f7faa9c2f" enabled="true" useRefParam="false" refParamName="" r="0.000" g="0.000" b="0.000" execOnForceStopped="false" execOnActionCompleted="false">
      <Event eventName="CheckSkinIdTick" time="0.000" isDuration="false" guid="a7f5755d-38e3-481b-845f-f2102e5b9450">
        <TemplateObject name="targetId" objectName="self" id="0" isTemp="false" refParamName="" useRefParam="false" />
        <int name="skinId" value="13198" refParamName="" useRefParam="false" />
        <bool name="bEqual" value="true" refParamName="" useRefParam="false" />
        <bool name="bSkipLogicCheck" value="true" refParamName="" useRefParam="false" />
      </Event>
    </Track>
    <Track trackName="TriggerParticle1" eventType="TriggerParticle" guid="11a9532d-e4ee-4c50-9107-0b06d614cd8f" enabled="true" useRefParam="false" refParamName="" r="0.000" g="0.000" b="0.000" execOnForceStopped="false" execOnActionCompleted="false">
      <Condition id="1" guid="051ca790-71de-4ae4-97cd-b30f7faa9c2f" status="true" />
      <Event eventName="TriggerParticle" time="0.000" length="10.000" isDuration="true" guid="41a07915-c76c-4f68-83c0-2637d9ca45db">
        <TemplateObject name="targetId" objectName="bullet" id="2" isTemp="true" refParamName="" useRefParam="false" />
        <TemplateObject name="objectSpaceId" objectName="bullet" id="2" isTemp="true" refParamName="" useRefParam="false" />
        <String name="resourceName" value="prefab_skill_effects/hero_skill_effects/131_libai/libai_buff_02" refParamName="" useRefParam="false" />
        <Vector3 name="scaling" x="1.000" y="1.250" z="1.000" refParamName="" useRefParam="false" />
        <Vector3i name="scalingInt" x="10000" y="10000" z="10000" refParamName="" useRefParam="false" />
        <String name="syncAnimationName" value="" refParamName="" useRefParam="false" />
        <String name="customTagName" value="" refParamName="" useRefParam="false" />
      </Event>
    </Track>
    <Track trackName="善逸皮肤=" eventType="CheckSkinIdTick" guid="456b8f23-acf9-4f52-9b59-8834eb618deb" enabled="true" useRefParam="false" refParamName="" r="0.000" g="0.000" b="0.000" execOnForceStopped="false" execOnActionCompleted="false">
      <Event eventName="CheckSkinIdTick" time="0.000" isDuration="false" guid="d06db6c3-c246-41e1-8e0e-8e56bd16194f">
        <TemplateObject name="targetId" objectName="self" id="0" isTemp="false" refParamName="" useRefParam="false" />
        <int name="skinId" value="13197" refParamName="" useRefParam="false" />
        <bool name="bEqual" value="false" refParamName="" useRefParam="false" />
        <bool name="bSkipLogicCheck" value="true" refParamName="" useRefParam="false" />
      </Event>
    </Track>
    <Track trackName="CreateRandomNumTick0" eventType="CreateRandomNumTick" guid="fd5f69bc-f0b5-423c-9fc7-9effa3fb7dc1" enabled="true" useRefParam="false" refParamName="" r="0.000" g="0.000" b="0.000" execOnForceStopped="false" execOnActionCompleted="false">
      <Condition id="3" guid="456b8f23-acf9-4f52-9b59-8834eb618deb" status="true" />
      <Event eventName="CreateRandomNumTick" time="0.000" isDuration="false" guid="d44e098c-697b-4c3c-8f4a-fefecf521514">
        <int name="randomRangeBegin" value="1" refParamName="" useRefParam="false" />
        <int name="randomRangeEnd" value="90" refParamName="" useRefParam="false" />
        <String name="preCreateRandonNumName" value="Number" refParamName="" useRefParam="false" />
      </Event>
    </Track>
    <Track trackName="CheckRandomRangeTick0" eventType="CheckRandomRangeTick" guid="b559b2b9-ad3b-4e7a-a4ec-784ff5ad8d17" enabled="true" useRefParam="false" refParamName="" r="0.000" g="0.000" b="0.000" execOnForceStopped="false" execOnActionCompleted="false">
      <Condition id="4" guid="fd5f69bc-f0b5-423c-9fc7-9effa3fb7dc1" status="true" />
      <Event eventName="CheckRandomRangeTick" time="0.000" isDuration="false" guid="47733733-a271-4a4c-b2ce-1fc3d60d0371">
        <int name="checkRangeBegin" value="1" refParamName="" useRefParam="false" />
        <int name="checkRangeEnd" value="30" refParamName="" useRefParam="false" />
        <bool name="bUsePreCreateRandonNum" value="true" refParamName="" useRefParam="false" />
        <String name="preCreateRandonNumName" value="Number" refParamName="" useRefParam="false" />
      </Event>
    </Track>
    <Track trackName="TriggerParticle1" eventType="TriggerParticle" guid="3c7977f0-2d59-4581-ae6d-8f247bd9b7d9" enabled="true" useRefParam="false" refParamName="" r="0.000" g="0.000" b="0.000" execOnForceStopped="false" execOnActionCompleted="false">
      <Condition id="3" guid="456b8f23-acf9-4f52-9b59-8834eb618deb" status="true" />
      <Condition id="5" guid="b559b2b9-ad3b-4e7a-a4ec-784ff5ad8d17" status="true" />
      <Event eventName="TriggerParticle" time="0.000" length="10.000" isDuration="true" guid="72fbeb6e-1329-487f-a0af-0ad03339ba21">
        <TemplateObject name="targetId" objectName="bullet" id="2" isTemp="true" refParamName="" useRefParam="false" />
        <TemplateObject name="objectSpaceId" objectName="bullet" id="2" isTemp="true" refParamName="" useRefParam="false" />
        <String name="resourceName" value="prefab_skill_effects/hero_skill_effects/131_libai/13112/libai_buff_02" refParamName="" useRefParam="false" />
        <Vector3 name="scaling" x="1.000" y="1.250" z="1.000" refParamName="" useRefParam="false" />
        <Vector3i name="scalingInt" x="10000" y="10000" z="10000" refParamName="" useRefParam="false" />
        <String name="syncAnimationName" value="" refParamName="" useRefParam="false" />
        <String name="customTagName" value="" refParamName="" useRefParam="false" />
      </Event>
    </Track>
    <Track trackName="CheckRandomRangeTick0" eventType="CheckRandomRangeTick" guid="b6184bf4-2631-436b-8e8c-29f6ec7a6981" enabled="true" useRefParam="false" refParamName="" r="0.000" g="0.000" b="0.000" execOnForceStopped="false" execOnActionCompleted="false">
      <Condition id="4" guid="fd5f69bc-f0b5-423c-9fc7-9effa3fb7dc1" status="true" />
      <Event eventName="CheckRandomRangeTick" time="0.000" isDuration="false" guid="8276c97c-c0c0-462f-a1ac-a6a71f621285">
        <int name="checkRangeBegin" value="31" refParamName="" useRefParam="false" />
        <int name="checkRangeEnd" value="60" refParamName="" useRefParam="false" />
        <bool name="bUsePreCreateRandonNum" value="true" refParamName="" useRefParam="false" />
        <String name="preCreateRandonNumName" value="Number" refParamName="" useRefParam="false" />
      </Event>
    </Track>
    <Track trackName="TriggerParticle1" eventType="TriggerParticle" guid="33f7bf5a-2db3-492f-9d4e-c548927ebd1c" enabled="true" useRefParam="false" refParamName="" r="0.000" g="0.000" b="0.000" execOnForceStopped="false" execOnActionCompleted="false">
      <Condition id="3" guid="456b8f23-acf9-4f52-9b59-8834eb618deb" status="true" />
      <Condition id="7" guid="b6184bf4-2631-436b-8e8c-29f6ec7a6981" status="true" />
      <Event eventName="TriggerParticle" time="0.000" length="10.000" isDuration="true" guid="137b2c57-f5b6-4616-9579-f61469a614b4">
        <TemplateObject name="targetId" objectName="bullet" id="2" isTemp="true" refParamName="" useRefParam="false" />
        <TemplateObject name="objectSpaceId" objectName="bullet" id="2" isTemp="true" refParamName="" useRefParam="false" />
        <String name="resourceName" value="prefab_skill_effects/hero_skill_effects/131_libai/13112/LiBai_buff_02_a" refParamName="" useRefParam="false" />
        <Vector3 name="scaling" x="1.000" y="1.250" z="1.000" refParamName="" useRefParam="false" />
        <Vector3i name="scalingInt" x="10000" y="10000" z="10000" refParamName="" useRefParam="false" />
        <String name="syncAnimationName" value="" refParamName="" useRefParam="false" />
        <String name="customTagName" value="" refParamName="" useRefParam="false" />
      </Event>
    </Track>
    <Track trackName="CheckRandomRangeTick0" eventType="CheckRandomRangeTick" guid="ba81f55c-7065-4ba3-b012-bfa155134166" enabled="true" useRefParam="false" refParamName="" r="0.000" g="0.000" b="0.000" execOnForceStopped="false" execOnActionCompleted="false">
      <Condition id="4" guid="fd5f69bc-f0b5-423c-9fc7-9effa3fb7dc1" status="true" />
      <Event eventName="CheckRandomRangeTick" time="0.000" isDuration="false" guid="37cfd672-4490-42a6-88fa-2d02e64d83b7">
        <int name="checkRangeBegin" value="61" refParamName="" useRefParam="false" />
        <int name="checkRangeEnd" value="90" refParamName="" useRefParam="false" />
        <bool name="bUsePreCreateRandonNum" value="true" refParamName="" useRefParam="false" />
        <String name="preCreateRandonNumName" value="Number" refParamName="" useRefParam="false" />
      </Event>
    </Track>
    <Track trackName="TriggerParticle1" eventType="TriggerParticle" guid="f745be50-0a57-42a0-8318-4aefa5b43915" enabled="true" useRefParam="false" refParamName="" r="0.000" g="0.000" b="0.000" execOnForceStopped="false" execOnActionCompleted="false">
      <Condition id="3" guid="456b8f23-acf9-4f52-9b59-8834eb618deb" status="true" />
      <Condition id="9" guid="ba81f55c-7065-4ba3-b012-bfa155134166" status="true" />
      <Event eventName="TriggerParticle" time="0.000" length="10.000" isDuration="true" guid="01a3fa0e-2163-417d-aa22-48bb528717df">
        <TemplateObject name="targetId" objectName="bullet" id="2" isTemp="true" refParamName="" useRefParam="false" />
        <TemplateObject name="objectSpaceId" objectName="bullet" id="2" isTemp="true" refParamName="" useRefParam="false" />
        <String name="resourceName" value="prefab_skill_effects/hero_skill_effects/131_libai/13112/LiBai_buff_02_b" refParamName="" useRefParam="false" />
        <Vector3 name="scaling" x="1.000" y="1.250" z="1.000" refParamName="" useRefParam="false" />
        <Vector3i name="scalingInt" x="10000" y="10000" z="10000" refParamName="" useRefParam="false" />
        <String name="syncAnimationName" value="" refParamName="" useRefParam="false" />
        <String name="customTagName" value="" refParamName="" useRefParam="false" />
      </Event>
    </Track>
    <Track trackName="TriggerParticleTick0" eventType="TriggerParticleTick" guid="d8eb995e-9e96-42bb-a359-b6c364c98c7d" enabled="false" useRefParam="false" refParamName="" r="0.000" g="0.000" b="0.000" execOnForceStopped="false" execOnActionCompleted="false">
      <Event eventName="TriggerParticleTick" time="0.000" isDuration="false" guid="68637d78-8535-4dba-9263-b1af021eb85f">
        <TemplateObject name="targetId" objectName="None" id="-1" isTemp="false" refParamName="" useRefParam="false" />
        <TemplateObject name="objectSpaceId" objectName="bullet" id="2" isTemp="true" refParamName="" useRefParam="false" />
        <String name="resourceName" value="prefab_skill_effects/hero_skill_effects/131_libai/libai_buff_09" refParamName="" useRefParam="false" />
        <Vector3 name="bindPosOffset" x="0.000" y="0.000" z="-4.000" refParamName="" useRefParam="false" />
        <Vector3i name="scalingInt" x="10000" y="10000" z="10000" refParamName="" useRefParam="false" />
        <bool name="applyActionSpeedToAnimation" value="true" refParamName="" useRefParam="false" />
      </Event>
    </Track>
    <Track trackName="CheckSkillCDDuration0" eventType="CheckSkillCDDuration" guid="c5582ca5-42bc-4b2e-bed4-9c57cd9ec65a" enabled="true" useRefParam="false" refParamName="" r="0.000" g="0.000" b="0.000" execOnForceStopped="false" execOnActionCompleted="false">
      <Event eventName="CheckSkillCDDuration" time="0.000" length="10.000" isDuration="true" guid="e588c547-68f0-4079-bffb-5852cf600f00">
        <TemplateObject name="targetId" objectName="self" id="0" isTemp="false" refParamName="" useRefParam="false" />
        <bool name="bCheckSlot" value="true" refParamName="" useRefParam="false" />
        <Enum name="checkSlot" value="1" EnumValue="技能1" refParamName="" useRefParam="false" />
      </Event>
    </Track>
    <Track trackName="一技能进入冷却就删除影子" eventType="RemoveBuffTick" guid="bd54570f-c107-48d7-bc10-0ed41b0dec69" enabled="true" useRefParam="false" refParamName="" r="0.000" g="0.000" b="0.000" execOnForceStopped="false" execOnActionCompleted="false">
      <Condition id="12" guid="c5582ca5-42bc-4b2e-bed4-9c57cd9ec65a" status="false" />
      <Event eventName="RemoveBuffTick" time="0.000" isDuration="false" guid="cc263b2c-f041-4dd1-b150-a7217e5395db">
        <TemplateObject name="targetId" objectName="self" id="0" isTemp="false" refParamName="" useRefParam="false" />
        <int name="buffId" value="131150" refParamName="" useRefParam="false" />
      </Event>
    </Track>
    <Track trackName="13118" eventType="CheckSkinIdVirtualTick" guid="d72bc9a4-a642-4514-b8f2-49d4c41f58c5" enabled="true" useRefParam="false" refParamName="" r="0.000" g="0.000" b="0.000" execOnForceStopped="false" execOnActionCompleted="false">
      <Event eventName="CheckSkinIdVirtualTick" time="0.000" isDuration="false" guid="092e0d67-cfe3-46a7-9e9b-8fef0e68fe57">
        <TemplateObject name="targetId" objectName="self" id="0" isTemp="false" refParamName="" useRefParam="false" />
        <int name="skinId" value="13118" refParamName="" useRefParam="false" />
      </Event>
    </Track>
    <Track trackName="TriggerParticle1" eventType="TriggerParticle" guid="7fc22771-b081-4993-9473-d460d3e659d2" enabled="true" useRefParam="false" refParamName="" r="0.000" g="0.000" b="0.000" execOnForceStopped="false" execOnActionCompleted="false">
      <Condition id="14" guid="d72bc9a4-a642-4514-b8f2-49d4c41f58c5" status="true" />
      <Event eventName="TriggerParticle" time="0.000" length="10.000" isDuration="true" guid="087dd244-fa80-439b-8e8c-1eb16d28dcae">
        <TemplateObject name="targetId" objectName="bullet" id="2" isTemp="true" refParamName="" useRefParam="false" />
        <TemplateObject name="objectSpaceId" objectName="bullet" id="2" isTemp="true" refParamName="" useRefParam="false" />
        <String name="resourceName" value="prefab_skill_effects/hero_skill_effects/131_libai/LiBai_buff_02_1" refParamName="" useRefParam="false" />
        <Vector3 name="scaling" x="1.000" y="1.250" z="1.000" refParamName="" useRefParam="false" />
        <Vector3i name="scalingInt" x="10000" y="10000" z="10000" refParamName="" useRefParam="false" />
        <String name="syncAnimationName" value="" refParamName="" useRefParam="false" />
        <String name="customTagName" value="" refParamName="" useRefParam="false" />
      </Event>
    </Track>
    <Track trackName="TriggerParticleTick0" eventType="TriggerParticleTick" guid="46b26243-6e71-41b6-a6bc-d60c99f7a0d0" enabled="true" useRefParam="false" refParamName="" r="0.000" g="0.000" b="0.000" execOnForceStopped="false" execOnActionCompleted="true">
      <Condition id="14" guid="d72bc9a4-a642-4514-b8f2-49d4c41f58c5" status="true" />
      <Event eventName="TriggerParticleTick" time="0.000" isDuration="false" guid="f860443d-9a9e-411b-889f-ad884281eb33">
        <TemplateObject name="targetId" objectName="bullet" id="2" isTemp="true" refParamName="" useRefParam="false" />
        <String name="resourceName" value="prefab_skill_effects/hero_skill_effects/131_libai/LiBai_buff_02_2" refParamName="" useRefParam="false" />
      </Event>
    </Track>
  </Action>
</Project>