﻿<?xml version="1.0" encoding="utf-8"?>
<Project>
  <TemplateObjectList>
    <TemplateObject id="0" objectName="self" isTemp="false" />
    <TemplateObject id="1" objectName="target" isTemp="false" />
  </TemplateObjectList>
  <RefParamList>
    <Vector3i name="_TargetDir" x="0" y="0" z="0" refParamName="" useRefParam="false" />
    <Vector3i name="_TargetPos" x="0" y="0" z="0" refParamName="" useRefParam="false" />
  </RefParamList>
  <Action tag="" length="0.500" loop="false">
    <Track trackName="FilterTargetType0" eventType="FilterTargetType" guid="efdb163c-b41c-4d39-b682-49e0e463281a" enabled="true" useRefParam="false" refParamName="" r="0.000" g="0.000" b="0.000" execOnForceStopped="false" execOnActionCompleted="false" stopAfterLastEvent="true">
      <Event eventName="FilterTargetType" time="0.000" isDuration="false" guid="cfc6eae0-a832-447f-b180-92d22b664666">
        <TemplateObject name="targetId" id="1" objectName="target" isTemp="false" refParamName="" useRefParam="false" />
        <bool name="bFilterHero" value="true" refParamName="" useRefParam="false" />
        <bool name="bFilterMonter" value="false" refParamName="" useRefParam="false" />
        <bool name="bFilterBoss" value="true" refParamName="" useRefParam="false" />
        <bool name="bFilterOrgan" value="true" refParamName="" useRefParam="false" />
        <bool name="bFilterChest" value="false" refParamName="" useRefParam="false" />
        <bool name="bFilterEye" value="false" refParamName="" useRefParam="false" />
        <bool name="bFilterPet" value="false" refParamName="" useRefParam="false" />
        <bool name="bFilterMajorMonster" value="false" refParamName="" useRefParam="false" />
        <bool name="bFilterMinorMonster" value="false" refParamName="" useRefParam="false" />
        <bool name="bFilterSoldier" value="false" refParamName="" useRefParam="false" />
        <bool name="bFilterOtherMonster" value="false" refParamName="" useRefParam="false" />
        <bool name="bFilterSameCamp" value="false" refParamName="" useRefParam="false" />
        <bool name="bFilterDiffCamp" value="false" refParamName="" useRefParam="false" />
        <bool name="bWatchingAvaild" value="false" refParamName="" useRefParam="false" />
        <bool name="bFilterCampWithTarget" value="false" refParamName="" useRefParam="false" />
        <TemplateObject name="filterObjID" id="-1" objectName="None" isTemp="false" refParamName="" useRefParam="false" />
        <bool name="bFilterSameCampWithTarget" value="false" refParamName="" useRefParam="false" />
        <bool name="bFilterDiffCampWithTarget" value="false" refParamName="" useRefParam="false" />
        <bool name="bOnlySelf" value="false" refParamName="" useRefParam="false" />
        <bool name="bOnlyHostHero" value="false" refParamName="" useRefParam="false" />
        <bool name="bImmediateRevive" value="false" refParamName="" useRefParam="false" />
        <Enum name="attackType" value="0" EnumValue="所有英雄" refParamName="" useRefParam="false" />
        <bool name="bSelectJob" value="false" refParamName="" useRefParam="false" />
        <Enum name="jobType" value="0" EnumValue="jobType_Enum_Value_0" refParamName="" useRefParam="false" />
        <bool name="bFilterGrouped" value="false" refParamName="" useRefParam="false" />
        <bool name="bFilterSelf" value="false" refParamName="" useRefParam="false" />
        <bool name="bFilterTarget" value="false" refParamName="" useRefParam="false" />
        <bool name="bInverse" value="false" refParamName="" useRefParam="false" />
        <int name="groupActorType" value="0" refParamName="" useRefParam="false" />
        <int name="groupRadius" value="10000" refParamName="" useRefParam="false" />
        <bool name="bFilterInTeam" value="false" refParamName="" useRefParam="false" />
        <int name="teamHeroID" value="0" refParamName="" useRefParam="false" />
        <bool name="bFilterDiffTeam" value="false" refParamName="" useRefParam="false" />
        <int name="diffTeamHeroID" value="0" refParamName="" useRefParam="false" />
        <bool name="bFilterMonsterType" value="false" refParamName="" useRefParam="false" />
        <int name="monsterTypeMask" value="0" refParamName="" useRefParam="false" />
        <int name="soldierTypeMask" value="0" refParamName="" useRefParam="false" />
        <String name="soliderTypeMaskStr" value="" refParamName="" useRefParam="false" />
        <bool name="bFilterSkillFunc" value="false" refParamName="" useRefParam="false" />
        <Enum name="bFilterSkillFuncType" value="0" EnumValue="物理伤害" refParamName="" useRefParam="false" />
        <bool name="bFilterLane" value="false" refParamName="" useRefParam="false" />
        <Enum name="laneType" value="0" EnumValue="laneType_Enum_Value_0" refParamName="" useRefParam="false" />
        <bool name="bFilterTargetPropertyTypeDecreased" value="false" refParamName="" useRefParam="false" />
        <Enum name="decreasedPropertyType" value="0" EnumValue="无" refParamName="" useRefParam="false" />
      </Event>
    </Track>
    <Track trackName="SetBehaviourModeTick0" eventType="SetBehaviourModeTick" guid="53e062a5-ebd1-4b49-83fe-4b2026e48ae4" enabled="true" useRefParam="false" refParamName="" r="0.000" g="0.000" b="0.000" execOnForceStopped="false" execOnActionCompleted="false" stopAfterLastEvent="true">
      <Condition id="0" guid="efdb163c-b41c-4d39-b682-49e0e463281a" status="true" />
      <Event eventName="SetBehaviourModeTick" time="0.000" isDuration="false" guid="78ca3cad-1fab-42bd-a655-66e36a424b29">
        <TemplateObject name="targetId" id="1" objectName="target" isTemp="false" refParamName="" useRefParam="false" />
        <bool name="stopMove" value="true" refParamName="" useRefParam="false" />
        <bool name="clearMove" value="true" refParamName="" useRefParam="false" />
        <bool name="IsClearSkillCache" value="false" refParamName="" useRefParam="false" />
        <Enum name="eAbortLevel" value="0" EnumValue="不打断" refParamName="" useRefParam="false" />
        <bool name="stopCurSkill" value="true" refParamName="" useRefParam="false" />
        <bool name="delayStopCurSkill" value="false" refParamName="" useRefParam="false" />
        <bool name="deadControl" value="false" refParamName="" useRefParam="false" />
        <bool name="abortFilterSkill0" value="false" refParamName="" useRefParam="false" />
        <bool name="abortFilterSkill1" value="false" refParamName="" useRefParam="false" />
        <bool name="abortFilterSkill2" value="false" refParamName="" useRefParam="false" />
        <bool name="abortFilterSkill3" value="false" refParamName="" useRefParam="false" />
        <bool name="abortFilterSkill4" value="false" refParamName="" useRefParam="false" />
        <bool name="abortFilterSkill5" value="false" refParamName="" useRefParam="false" />
        <bool name="abortFilterSkill7" value="false" refParamName="" useRefParam="false" />
        <bool name="abortFilterSkill8" value="false" refParamName="" useRefParam="false" />
        <bool name="abortFilterSkill9" value="false" refParamName="" useRefParam="false" />
        <bool name="abortFilterSkill10" value="false" refParamName="" useRefParam="false" />
        <bool name="abortFilterSkill11" value="false" refParamName="" useRefParam="false" />
        <bool name="abortFilterSkill0Delay" value="false" refParamName="" useRefParam="false" />
        <bool name="abortFilterSkill1Delay" value="false" refParamName="" useRefParam="false" />
        <bool name="abortFilterSkill2Delay" value="false" refParamName="" useRefParam="false" />
        <bool name="abortFilterSkill3Delay" value="false" refParamName="" useRefParam="false" />
        <bool name="abortFilterSkill4Delay" value="false" refParamName="" useRefParam="false" />
        <bool name="abortFilterSkill5Delay" value="false" refParamName="" useRefParam="false" />
        <bool name="abortFilterSkill7Delay" value="false" refParamName="" useRefParam="false" />
        <bool name="abortFilterSkill8Delay" value="false" refParamName="" useRefParam="false" />
        <bool name="abortFilterSkill9Delay" value="false" refParamName="" useRefParam="false" />
        <bool name="abortFilterSkill10Delay" value="false" refParamName="" useRefParam="false" />
        <bool name="abortFilterSkill11Delay" value="false" refParamName="" useRefParam="false" />
        <bool name="interuptAutoAttack" value="false" refParamName="" useRefParam="false" />
      </Event>
    </Track>
    <Track trackName="CheckSkinIdVirtualTick1" eventType="CheckSkinIdVirtualTick" guid="6abfc168-e8b6-48f0-adf9-acfbfb94bff9" enabled="true" useRefParam="false" refParamName="" r="0.000" g="0.000" b="0.000" execOnForceStopped="false" execOnActionCompleted="false" stopAfterLastEvent="true">
      <Event eventName="CheckSkinIdVirtualTick" time="0.000" isDuration="false" guid="12e56d41-9840-4429-ae2d-dc54851d258d">
        <TemplateObject name="targetId" id="0" objectName="self" isTemp="false" refParamName="" useRefParam="false" />
        <int name="skinId" value="13192" refParamName="" useRefParam="false" />
        <bool name="useNegateValue" value="true" refParamName="" useRefParam="false" />
        <Array name="skinIdArray" refParamName="" useRefParam="false" type="int" />
      </Event>
    </Track>
    <Track trackName="TriggerParticleTick0" eventType="TriggerParticleTick" guid="a66c0c5d-659b-4258-b6f7-6630f5046041" enabled="true" useRefParam="false" refParamName="" r="0.000" g="0.000" b="0.000" execOnForceStopped="false" execOnActionCompleted="false" stopAfterLastEvent="true">
      <Condition id="2" guid="6abfc168-e8b6-48f0-adf9-acfbfb94bff9" status="false" />
      <Event eventName="TriggerParticleTick" time="0.000" isDuration="false" guid="86d0d35a-4b2a-475b-8409-a235d5db21fb">
        <TemplateObject name="targetId" id="-1" objectName="None" isTemp="false" refParamName="" useRefParam="false" />
        <TemplateObject name="objectSpaceId" id="1" objectName="target" isTemp="false" refParamName="" useRefParam="false" />
        <bool name="bForceShowParticle" value="true" refParamName="" useRefParam="false" />
        <uint name="RefLiteBulletID" value="0" refParamName="" useRefParam="false" />
        <bool name="bDonotAttackToMesh" value="false" refParamName="" useRefParam="false" />
        <String name="parentResourceName" value="" refParamName="" useRefParam="false" />
        <String name="resourceName" value="prefab_skill_effects/hero_skill_effects/131_libai/libai_hurt_01" refParamName="" useRefParam="false" />
        <String name="resourceName2" value="" refParamName="" useRefParam="false" />
        <String name="resourceName3" value="" refParamName="" useRefParam="false" />
        <int name="resConfigId1" value="0" refParamName="" useRefParam="false" />
        <int name="resConfigId2" value="0" refParamName="" useRefParam="false" />
        <int name="resConfigId3" value="0" refParamName="" useRefParam="false" />
        <float name="lifeTime" value="1.000" refParamName="" useRefParam="false" />
        <String name="bindPointName" value="" refParamName="" useRefParam="false" />
        <bool name="dontShowIfNoBindPoint" value="false" refParamName="" useRefParam="false" />
        <Vector3 name="bindPosOffset" x="0.000" y="1.000" z="0.000" refParamName="" useRefParam="false" />
        <bool name="bIsBindPosYRelateBeHitHeight" value="false" refParamName="" useRefParam="false" />
        <EulerAngle name="bindRotOffset" x="0.000" y="0.000" z="0.000" refParamName="" useRefParam="false" />
        <Vector3 name="scaling" x="1.000" y="1.000" z="1.000" refParamName="" useRefParam="false" />
        <bool name="useScalingInt" value="false" refParamName="" useRefParam="false" />
        <Vector3i name="scalingInt" x="10000" y="10000" z="10000" refParamName="" useRefParam="false" />
        <bool name="bUseRealScaling" value="false" refParamName="" useRefParam="false" />
        <bool name="bOnlyScaleRoot" value="false" refParamName="" useRefParam="false" />
        <bool name="bEnableOptCull" value="true" refParamName="" useRefParam="false" />
        <bool name="bBullerPosDir" value="false" refParamName="" useRefParam="false" />
        <bool name="bUseHeroLocalForward" value="false" refParamName="" useRefParam="false" />
        <TemplateObject name="lookTargetId" id="-1" objectName="None" isTemp="false" refParamName="" useRefParam="false" />
        <bool name="applyActionSpeedToParticle" value="true" refParamName="" useRefParam="false" />
        <bool name="applyActionSpeedToAnimation" value="true" refParamName="" useRefParam="false" />
        <int name="extend" value="10" refParamName="" useRefParam="false" />
        <bool name="bOnlyFollowPos" value="false" refParamName="" useRefParam="false" />
        <bool name="b1stTickParentRot" value="false" refParamName="" useRefParam="false" />
        <bool name="bRotateFollowCamera" value="false" refParamName="" useRefParam="false" />
        <bool name="bRandomRotation" value="false" refParamName="" useRefParam="false" />
        <EulerAngle name="randRotBegin" x="0.000" y="0.000" z="0.000" refParamName="" useRefParam="false" />
        <EulerAngle name="randRotEnd" x="0.000" y="0.000" z="0.000" refParamName="" useRefParam="false" />
        <bool name="bUseTargetSkinEffect" value="false" refParamName="" useRefParam="false" />
        <bool name="bBulletPos" value="false" refParamName="" useRefParam="false" />
        <bool name="bBulletDir" value="false" refParamName="" useRefParam="false" />
        <int name="particleScaleGrow" value="0" refParamName="" useRefParam="false" />
        <Enum name="ReplacementUsage" value="0" EnumValue="无" refParamName="" useRefParam="false" />
        <Enum name="ReplacementSubUsage" value="0" EnumValue="无" refParamName="" useRefParam="false" />
        <bool name="bNoDynamicLod" value="false" refParamName="" useRefParam="false" />
        <bool name="bMeshResouce" value="false" refParamName="" useRefParam="false" />
        <bool name="bAllowEmptyEffect" value="false" refParamName="" useRefParam="false" />
        <bool name="bActionCtrlObjs" value="false" refParamName="" useRefParam="false" />
        <bool name="bInvisibleSelf" value="false" refParamName="" useRefParam="false" />
        <bool name="bInvisibleEnemy" value="false" refParamName="" useRefParam="false" />
        <bool name="bInvisibleTeamNotSelf" value="false" refParamName="" useRefParam="false" />
        <bool name="bReverseXWhenCameraMirro" value="false" refParamName="" useRefParam="false" />
        <bool name="bNewbieCombatSkillGuideOnly" value="false" refParamName="" useRefParam="false" />
        <bool name="bUseMasterSkinId" value="false" refParamName="" useRefParam="false" />
        <bool name="bForceIngoreCull" value="false" refParamName="" useRefParam="false" />
        <bool name="bRevertZIn5v5" value="false" refParamName="" useRefParam="false" />
        <bool name="bAttachToParentWhenBindPointNameIsNull" value="false" refParamName="" useRefParam="false" />
      </Event>
    </Track>
    <Track trackName="TriggerParticleTick0" eventType="TriggerParticleTick" guid="9b28c18f-673c-417c-94e5-581a4a09e2e0" enabled="true" useRefParam="false" refParamName="" r="0.000" g="0.000" b="0.000" execOnForceStopped="false" execOnActionCompleted="false" stopAfterLastEvent="true">
      <Condition id="2" guid="6abfc168-e8b6-48f0-adf9-acfbfb94bff9" status="true" />
      <Event eventName="TriggerParticleTick" time="0.000" isDuration="false" guid="a84127ef-384d-4990-a2fb-c328cb54f87c">
        <TemplateObject name="targetId" id="-1" objectName="None" isTemp="false" refParamName="" useRefParam="false" />
        <TemplateObject name="objectSpaceId" id="1" objectName="target" isTemp="false" refParamName="" useRefParam="false" />
        <bool name="bForceShowParticle" value="true" refParamName="" useRefParam="false" />
        <uint name="RefLiteBulletID" value="0" refParamName="" useRefParam="false" />
        <bool name="bDonotAttackToMesh" value="false" refParamName="" useRefParam="false" />
        <String name="parentResourceName" value="" refParamName="" useRefParam="false" />
        <String name="resourceName" value="prefab_skill_effects/hero_skill_effects/131_libai/libai_hurt_03" refParamName="" useRefParam="false" />
        <String name="resourceName2" value="" refParamName="" useRefParam="false" />
        <String name="resourceName3" value="" refParamName="" useRefParam="false" />
        <int name="resConfigId1" value="0" refParamName="" useRefParam="false" />
        <int name="resConfigId2" value="0" refParamName="" useRefParam="false" />
        <int name="resConfigId3" value="0" refParamName="" useRefParam="false" />
        <float name="lifeTime" value="1.000" refParamName="" useRefParam="false" />
        <String name="bindPointName" value="" refParamName="" useRefParam="false" />
        <bool name="dontShowIfNoBindPoint" value="false" refParamName="" useRefParam="false" />
        <Vector3 name="bindPosOffset" x="0.000" y="1.000" z="0.000" refParamName="" useRefParam="false" />
        <bool name="bIsBindPosYRelateBeHitHeight" value="false" refParamName="" useRefParam="false" />
        <EulerAngle name="bindRotOffset" x="0.000" y="0.000" z="0.000" refParamName="" useRefParam="false" />
        <Vector3 name="scaling" x="1.000" y="1.000" z="1.000" refParamName="" useRefParam="false" />
        <bool name="useScalingInt" value="false" refParamName="" useRefParam="false" />
        <Vector3i name="scalingInt" x="10000" y="10000" z="10000" refParamName="" useRefParam="false" />
        <bool name="bUseRealScaling" value="false" refParamName="" useRefParam="false" />
        <bool name="bOnlyScaleRoot" value="false" refParamName="" useRefParam="false" />
        <bool name="bEnableOptCull" value="true" refParamName="" useRefParam="false" />
        <bool name="bBullerPosDir" value="false" refParamName="" useRefParam="false" />
        <bool name="bUseHeroLocalForward" value="false" refParamName="" useRefParam="false" />
        <TemplateObject name="lookTargetId" id="-1" objectName="None" isTemp="false" refParamName="" useRefParam="false" />
        <bool name="applyActionSpeedToParticle" value="true" refParamName="" useRefParam="false" />
        <bool name="applyActionSpeedToAnimation" value="true" refParamName="" useRefParam="false" />
        <int name="extend" value="10" refParamName="" useRefParam="false" />
        <bool name="bOnlyFollowPos" value="false" refParamName="" useRefParam="false" />
        <bool name="b1stTickParentRot" value="false" refParamName="" useRefParam="false" />
        <bool name="bRotateFollowCamera" value="false" refParamName="" useRefParam="false" />
        <bool name="bRandomRotation" value="false" refParamName="" useRefParam="false" />
        <EulerAngle name="randRotBegin" x="0.000" y="0.000" z="0.000" refParamName="" useRefParam="false" />
        <EulerAngle name="randRotEnd" x="0.000" y="0.000" z="0.000" refParamName="" useRefParam="false" />
        <bool name="bUseTargetSkinEffect" value="false" refParamName="" useRefParam="false" />
        <bool name="bBulletPos" value="false" refParamName="" useRefParam="false" />
        <bool name="bBulletDir" value="false" refParamName="" useRefParam="false" />
        <int name="particleScaleGrow" value="0" refParamName="" useRefParam="false" />
        <Enum name="ReplacementUsage" value="0" EnumValue="无" refParamName="" useRefParam="false" />
        <Enum name="ReplacementSubUsage" value="0" EnumValue="无" refParamName="" useRefParam="false" />
        <bool name="bNoDynamicLod" value="false" refParamName="" useRefParam="false" />
        <bool name="bMeshResouce" value="false" refParamName="" useRefParam="false" />
        <bool name="bAllowEmptyEffect" value="false" refParamName="" useRefParam="false" />
        <bool name="bActionCtrlObjs" value="false" refParamName="" useRefParam="false" />
        <bool name="bInvisibleSelf" value="false" refParamName="" useRefParam="false" />
        <bool name="bInvisibleEnemy" value="false" refParamName="" useRefParam="false" />
        <bool name="bInvisibleTeamNotSelf" value="false" refParamName="" useRefParam="false" />
        <bool name="bReverseXWhenCameraMirro" value="false" refParamName="" useRefParam="false" />
        <bool name="bNewbieCombatSkillGuideOnly" value="false" refParamName="" useRefParam="false" />
        <bool name="bUseMasterSkinId" value="false" refParamName="" useRefParam="false" />
        <bool name="bForceIngoreCull" value="false" refParamName="" useRefParam="false" />
        <bool name="bRevertZIn5v5" value="false" refParamName="" useRefParam="false" />
        <bool name="bAttachToParentWhenBindPointNameIsNull" value="false" refParamName="" useRefParam="false" />
      </Event>
    </Track>
    <Track trackName="13118" eventType="CheckSkinIdVirtualTick" guid="ab9bc01c-0fbd-4763-8c96-3d813f3df929" enabled="true" useRefParam="false" refParamName="" r="0.000" g="0.000" b="0.000" execOnForceStopped="false" execOnActionCompleted="false" stopAfterLastEvent="true">
      <Event eventName="CheckSkinIdVirtualTick" time="0.000" isDuration="false" guid="e9c9d25d-8c78-4a32-9034-2cdb86c60279">
        <TemplateObject name="targetId" id="0" objectName="self" isTemp="false" refParamName="" useRefParam="false" />
        <int name="skinId" value="13118" refParamName="" useRefParam="false" />
        <bool name="useNegateValue" value="false" refParamName="" useRefParam="false" />
        <Array name="skinIdArray" refParamName="" useRefParam="false" type="int" />
      </Event>
    </Track>
    <Track trackName="CreateRandomNumTick0" eventType="CreateRandomNumTick" guid="5e678183-4805-4494-977a-8054599855f3" enabled="true" useRefParam="false" refParamName="" r="0.000" g="0.000" b="0.000" execOnForceStopped="false" execOnActionCompleted="false" stopAfterLastEvent="true">
      <Condition id="5" guid="ab9bc01c-0fbd-4763-8c96-3d813f3df929" status="true" />
      <Event eventName="CreateRandomNumTick" time="0.000" isDuration="false" guid="352e8bf4-7c27-4478-9542-e5944a5ff7c9">
        <int name="randomRangeBegin" value="0" refParamName="" useRefParam="false" />
        <int name="randomRangeEnd" value="100" refParamName="" useRefParam="false" />
        <String name="preCreateRandonNumName" value="Number" refParamName="" useRefParam="false" />
        <bool name="withoutReplacement" value="false" refParamName="" useRefParam="false" />
        <bool name="clearNum" value="false" refParamName="" useRefParam="false" />
      </Event>
    </Track>
    <Track trackName="CheckRandomRangeTick0" eventType="CheckRandomRangeTick" guid="8189df21-9660-4b3c-b9ea-e88a2c3fa444" enabled="true" useRefParam="false" refParamName="" r="0.000" g="0.000" b="0.000" execOnForceStopped="false" execOnActionCompleted="false" stopAfterLastEvent="true">
      <Condition id="6" guid="5e678183-4805-4494-977a-8054599855f3" status="true" />
      <Event eventName="CheckRandomRangeTick" time="0.000" isDuration="false" guid="b370b6d9-7256-49e6-912a-4fa1136a24fc">
        <int name="randomRangeBegin" value="0" refParamName="" useRefParam="false" />
        <int name="randomRangeEnd" value="100" refParamName="" useRefParam="false" />
        <int name="checkRangeBegin" value="0" refParamName="" useRefParam="false" />
        <int name="checkRangeEnd" value="20" refParamName="" useRefParam="false" />
        <bool name="bUsePreCreateRandonNum" value="true" refParamName="" useRefParam="false" />
        <String name="preCreateRandonNumName" value="Number" refParamName="" useRefParam="false" />
      </Event>
    </Track>
    <Track trackName="CheckRandomRangeTick0" eventType="CheckRandomRangeTick" guid="bc197d3f-840b-4cf9-b563-76806a79d4cf" enabled="true" useRefParam="false" refParamName="" r="0.000" g="0.000" b="0.000" execOnForceStopped="false" execOnActionCompleted="false" stopAfterLastEvent="true">
      <Condition id="6" guid="5e678183-4805-4494-977a-8054599855f3" status="true" />
      <Event eventName="CheckRandomRangeTick" time="0.000" isDuration="false" guid="18479462-5b1a-4876-8494-e7df05dc6b3e">
        <int name="randomRangeBegin" value="101" refParamName="" useRefParam="false" />
        <int name="randomRangeEnd" value="200" refParamName="" useRefParam="false" />
        <int name="checkRangeBegin" value="21" refParamName="" useRefParam="false" />
        <int name="checkRangeEnd" value="40" refParamName="" useRefParam="false" />
        <bool name="bUsePreCreateRandonNum" value="true" refParamName="" useRefParam="false" />
        <String name="preCreateRandonNumName" value="Number" refParamName="" useRefParam="false" />
      </Event>
    </Track>
    <Track trackName="CheckRandomRangeTick0" eventType="CheckRandomRangeTick" guid="e0684045-c007-40cd-92e7-b90563e595d4" enabled="true" useRefParam="false" refParamName="" r="0.000" g="0.000" b="0.000" execOnForceStopped="false" execOnActionCompleted="false" stopAfterLastEvent="true">
      <Condition id="6" guid="5e678183-4805-4494-977a-8054599855f3" status="true" />
      <Event eventName="CheckRandomRangeTick" time="0.000" isDuration="false" guid="c17601d8-48a5-48bf-a956-db78bb52c1b7">
        <int name="randomRangeBegin" value="201" refParamName="" useRefParam="false" />
        <int name="randomRangeEnd" value="250" refParamName="" useRefParam="false" />
        <int name="checkRangeBegin" value="41" refParamName="" useRefParam="false" />
        <int name="checkRangeEnd" value="60" refParamName="" useRefParam="false" />
        <bool name="bUsePreCreateRandonNum" value="true" refParamName="" useRefParam="false" />
        <String name="preCreateRandonNumName" value="Number" refParamName="" useRefParam="false" />
      </Event>
    </Track>
    <Track trackName="CheckRandomRangeTick0" eventType="CheckRandomRangeTick" guid="ae73270a-769f-4510-9a29-df6ddbe20daf" enabled="true" useRefParam="false" refParamName="" r="0.000" g="0.000" b="0.000" execOnForceStopped="false" execOnActionCompleted="false" stopAfterLastEvent="true">
      <Condition id="6" guid="5e678183-4805-4494-977a-8054599855f3" status="true" />
      <Event eventName="CheckRandomRangeTick" time="0.000" isDuration="false" guid="40960faf-c48e-438a-bf42-725f7fce0da0">
        <int name="randomRangeBegin" value="201" refParamName="" useRefParam="false" />
        <int name="randomRangeEnd" value="250" refParamName="" useRefParam="false" />
        <int name="checkRangeBegin" value="61" refParamName="" useRefParam="false" />
        <int name="checkRangeEnd" value="80" refParamName="" useRefParam="false" />
        <bool name="bUsePreCreateRandonNum" value="true" refParamName="" useRefParam="false" />
        <String name="preCreateRandonNumName" value="Number" refParamName="" useRefParam="false" />
      </Event>
    </Track>
    <Track trackName="CheckRandomRangeTick0" eventType="CheckRandomRangeTick" guid="7d14406c-01b4-4ee5-b734-41ceed7b0b4d" enabled="true" useRefParam="false" refParamName="" r="0.000" g="0.000" b="0.000" execOnForceStopped="false" execOnActionCompleted="false" stopAfterLastEvent="true">
      <Condition id="6" guid="5e678183-4805-4494-977a-8054599855f3" status="true" />
      <Event eventName="CheckRandomRangeTick" time="0.000" isDuration="false" guid="63398158-db37-46b9-8efd-33be465d6a17">
        <int name="randomRangeBegin" value="201" refParamName="" useRefParam="false" />
        <int name="randomRangeEnd" value="250" refParamName="" useRefParam="false" />
        <int name="checkRangeBegin" value="81" refParamName="" useRefParam="false" />
        <int name="checkRangeEnd" value="100" refParamName="" useRefParam="false" />
        <bool name="bUsePreCreateRandonNum" value="true" refParamName="" useRefParam="false" />
        <String name="preCreateRandonNumName" value="Number" refParamName="" useRefParam="false" />
      </Event>
    </Track>
    <Track trackName="TriggerParticleTick0" eventType="TriggerParticleTick" guid="28032e7b-8801-49b3-873d-632c3f381e1c" enabled="true" useRefParam="false" refParamName="" r="0.000" g="0.000" b="0.000" execOnForceStopped="false" execOnActionCompleted="false" stopAfterLastEvent="true">
      <Condition id="5" guid="ab9bc01c-0fbd-4763-8c96-3d813f3df929" status="true" />
      <Condition id="7" guid="8189df21-9660-4b3c-b9ea-e88a2c3fa444" status="true" />
      <Event eventName="TriggerParticleTick" time="0.000" isDuration="false" guid="dce5d4cd-df91-4571-8b74-9dd8deb9b0cb">
        <TemplateObject name="targetId" id="1" objectName="target" isTemp="false" refParamName="" useRefParam="false" />
        <TemplateObject name="objectSpaceId" id="1" objectName="target" isTemp="false" refParamName="" useRefParam="false" />
        <bool name="bForceShowParticle" value="false" refParamName="" useRefParam="false" />
        <uint name="RefLiteBulletID" value="0" refParamName="" useRefParam="false" />
        <bool name="bDonotAttackToMesh" value="false" refParamName="" useRefParam="false" />
        <String name="parentResourceName" value="" refParamName="" useRefParam="false" />
        <String name="resourceName" value="prefab_skill_effects/hero_skill_effects/131_libai/libai_hurt_01" refParamName="" useRefParam="false" />
        <String name="resourceName2" value="" refParamName="" useRefParam="false" />
        <String name="resourceName3" value="" refParamName="" useRefParam="false" />
        <int name="resConfigId1" value="0" refParamName="" useRefParam="false" />
        <int name="resConfigId2" value="0" refParamName="" useRefParam="false" />
        <int name="resConfigId3" value="0" refParamName="" useRefParam="false" />
        <float name="lifeTime" value="1.000" refParamName="" useRefParam="false" />
        <String name="bindPointName" value="" refParamName="" useRefParam="false" />
        <bool name="dontShowIfNoBindPoint" value="false" refParamName="" useRefParam="false" />
        <Vector3 name="bindPosOffset" x="0.000" y="1.000" z="0.000" refParamName="" useRefParam="false" />
        <bool name="bIsBindPosYRelateBeHitHeight" value="false" refParamName="" useRefParam="false" />
        <EulerAngle name="bindRotOffset" x="0.000" y="0.000" z="0.000" refParamName="" useRefParam="false" />
        <Vector3 name="scaling" x="1.000" y="1.000" z="1.000" refParamName="" useRefParam="false" />
        <bool name="useScalingInt" value="false" refParamName="" useRefParam="false" />
        <Vector3i name="scalingInt" x="10000" y="10000" z="10000" refParamName="" useRefParam="false" />
        <bool name="bUseRealScaling" value="false" refParamName="" useRefParam="false" />
        <bool name="bOnlyScaleRoot" value="false" refParamName="" useRefParam="false" />
        <bool name="bEnableOptCull" value="true" refParamName="" useRefParam="false" />
        <bool name="bBullerPosDir" value="false" refParamName="" useRefParam="false" />
        <bool name="bUseHeroLocalForward" value="false" refParamName="" useRefParam="false" />
        <TemplateObject name="lookTargetId" id="-1" objectName="None" isTemp="false" refParamName="" useRefParam="false" />
        <bool name="applyActionSpeedToParticle" value="true" refParamName="" useRefParam="false" />
        <bool name="applyActionSpeedToAnimation" value="true" refParamName="" useRefParam="false" />
        <int name="extend" value="10" refParamName="" useRefParam="false" />
        <bool name="bOnlyFollowPos" value="false" refParamName="" useRefParam="false" />
        <bool name="b1stTickParentRot" value="false" refParamName="" useRefParam="false" />
        <bool name="bRotateFollowCamera" value="false" refParamName="" useRefParam="false" />
        <bool name="bRandomRotation" value="false" refParamName="" useRefParam="false" />
        <EulerAngle name="randRotBegin" x="0.000" y="0.000" z="0.000" refParamName="" useRefParam="false" />
        <EulerAngle name="randRotEnd" x="0.000" y="0.000" z="0.000" refParamName="" useRefParam="false" />
        <bool name="bUseTargetSkinEffect" value="false" refParamName="" useRefParam="false" />
        <bool name="bBulletPos" value="false" refParamName="" useRefParam="false" />
        <bool name="bBulletDir" value="false" refParamName="" useRefParam="false" />
        <int name="particleScaleGrow" value="0" refParamName="" useRefParam="false" />
        <Enum name="ReplacementUsage" value="0" EnumValue="无" refParamName="" useRefParam="false" />
        <Enum name="ReplacementSubUsage" value="0" EnumValue="无" refParamName="" useRefParam="false" />
        <bool name="bNoDynamicLod" value="false" refParamName="" useRefParam="false" />
        <bool name="bMeshResouce" value="false" refParamName="" useRefParam="false" />
        <bool name="bAllowEmptyEffect" value="false" refParamName="" useRefParam="false" />
        <bool name="bActionCtrlObjs" value="false" refParamName="" useRefParam="false" />
        <bool name="bInvisibleSelf" value="false" refParamName="" useRefParam="false" />
        <bool name="bInvisibleEnemy" value="false" refParamName="" useRefParam="false" />
        <bool name="bInvisibleTeamNotSelf" value="false" refParamName="" useRefParam="false" />
        <bool name="bReverseXWhenCameraMirro" value="false" refParamName="" useRefParam="false" />
        <bool name="bNewbieCombatSkillGuideOnly" value="false" refParamName="" useRefParam="false" />
        <bool name="bUseMasterSkinId" value="false" refParamName="" useRefParam="false" />
        <bool name="bForceIngoreCull" value="false" refParamName="" useRefParam="false" />
        <bool name="bRevertZIn5v5" value="false" refParamName="" useRefParam="false" />
        <bool name="bAttachToParentWhenBindPointNameIsNull" value="false" refParamName="" useRefParam="false" />
      </Event>
    </Track>
    <Track trackName="TriggerParticleTick0" eventType="TriggerParticleTick" guid="37c266a6-ff31-4417-9b22-82ef43472c3b" enabled="true" useRefParam="false" refParamName="" r="0.000" g="0.000" b="0.000" execOnForceStopped="false" execOnActionCompleted="false" stopAfterLastEvent="true">
      <Condition id="5" guid="ab9bc01c-0fbd-4763-8c96-3d813f3df929" status="true" />
      <Condition id="8" guid="bc197d3f-840b-4cf9-b563-76806a79d4cf" status="true" />
      <Event eventName="TriggerParticleTick" time="0.000" isDuration="false" guid="039903b8-7bd3-47af-8462-00b57ed7548d">
        <TemplateObject name="targetId" id="1" objectName="target" isTemp="false" refParamName="" useRefParam="false" />
        <TemplateObject name="objectSpaceId" id="1" objectName="target" isTemp="false" refParamName="" useRefParam="false" />
        <bool name="bForceShowParticle" value="false" refParamName="" useRefParam="false" />
        <uint name="RefLiteBulletID" value="0" refParamName="" useRefParam="false" />
        <bool name="bDonotAttackToMesh" value="false" refParamName="" useRefParam="false" />
        <String name="parentResourceName" value="" refParamName="" useRefParam="false" />
        <String name="resourceName" value="prefab_skill_effects/hero_skill_effects/131_libai/libai_hurt_01" refParamName="" useRefParam="false" />
        <String name="resourceName2" value="" refParamName="" useRefParam="false" />
        <String name="resourceName3" value="" refParamName="" useRefParam="false" />
        <int name="resConfigId1" value="0" refParamName="" useRefParam="false" />
        <int name="resConfigId2" value="0" refParamName="" useRefParam="false" />
        <int name="resConfigId3" value="0" refParamName="" useRefParam="false" />
        <float name="lifeTime" value="1.000" refParamName="" useRefParam="false" />
        <String name="bindPointName" value="" refParamName="" useRefParam="false" />
        <bool name="dontShowIfNoBindPoint" value="false" refParamName="" useRefParam="false" />
        <Vector3 name="bindPosOffset" x="0.000" y="1.000" z="0.000" refParamName="" useRefParam="false" />
        <bool name="bIsBindPosYRelateBeHitHeight" value="false" refParamName="" useRefParam="false" />
        <EulerAngle name="bindRotOffset" x="0.000" y="72.000" z="0.000" refParamName="" useRefParam="false" />
        <Vector3 name="scaling" x="1.000" y="1.000" z="1.000" refParamName="" useRefParam="false" />
        <bool name="useScalingInt" value="false" refParamName="" useRefParam="false" />
        <Vector3i name="scalingInt" x="10000" y="10000" z="10000" refParamName="" useRefParam="false" />
        <bool name="bUseRealScaling" value="false" refParamName="" useRefParam="false" />
        <bool name="bOnlyScaleRoot" value="false" refParamName="" useRefParam="false" />
        <bool name="bEnableOptCull" value="true" refParamName="" useRefParam="false" />
        <bool name="bBullerPosDir" value="false" refParamName="" useRefParam="false" />
        <bool name="bUseHeroLocalForward" value="false" refParamName="" useRefParam="false" />
        <TemplateObject name="lookTargetId" id="-1" objectName="None" isTemp="false" refParamName="" useRefParam="false" />
        <bool name="applyActionSpeedToParticle" value="true" refParamName="" useRefParam="false" />
        <bool name="applyActionSpeedToAnimation" value="true" refParamName="" useRefParam="false" />
        <int name="extend" value="10" refParamName="" useRefParam="false" />
        <bool name="bOnlyFollowPos" value="false" refParamName="" useRefParam="false" />
        <bool name="b1stTickParentRot" value="false" refParamName="" useRefParam="false" />
        <bool name="bRotateFollowCamera" value="false" refParamName="" useRefParam="false" />
        <bool name="bRandomRotation" value="false" refParamName="" useRefParam="false" />
        <EulerAngle name="randRotBegin" x="0.000" y="0.000" z="0.000" refParamName="" useRefParam="false" />
        <EulerAngle name="randRotEnd" x="0.000" y="0.000" z="0.000" refParamName="" useRefParam="false" />
        <bool name="bUseTargetSkinEffect" value="false" refParamName="" useRefParam="false" />
        <bool name="bBulletPos" value="false" refParamName="" useRefParam="false" />
        <bool name="bBulletDir" value="false" refParamName="" useRefParam="false" />
        <int name="particleScaleGrow" value="0" refParamName="" useRefParam="false" />
        <Enum name="ReplacementUsage" value="0" EnumValue="无" refParamName="" useRefParam="false" />
        <Enum name="ReplacementSubUsage" value="0" EnumValue="无" refParamName="" useRefParam="false" />
        <bool name="bNoDynamicLod" value="false" refParamName="" useRefParam="false" />
        <bool name="bMeshResouce" value="false" refParamName="" useRefParam="false" />
        <bool name="bAllowEmptyEffect" value="false" refParamName="" useRefParam="false" />
        <bool name="bActionCtrlObjs" value="false" refParamName="" useRefParam="false" />
        <bool name="bInvisibleSelf" value="false" refParamName="" useRefParam="false" />
        <bool name="bInvisibleEnemy" value="false" refParamName="" useRefParam="false" />
        <bool name="bInvisibleTeamNotSelf" value="false" refParamName="" useRefParam="false" />
        <bool name="bReverseXWhenCameraMirro" value="false" refParamName="" useRefParam="false" />
        <bool name="bNewbieCombatSkillGuideOnly" value="false" refParamName="" useRefParam="false" />
        <bool name="bUseMasterSkinId" value="false" refParamName="" useRefParam="false" />
        <bool name="bForceIngoreCull" value="false" refParamName="" useRefParam="false" />
        <bool name="bRevertZIn5v5" value="false" refParamName="" useRefParam="false" />
        <bool name="bAttachToParentWhenBindPointNameIsNull" value="false" refParamName="" useRefParam="false" />
      </Event>
    </Track>
    <Track trackName="TriggerParticleTick0" eventType="TriggerParticleTick" guid="cba73093-38fb-4524-9206-891ee81a012e" enabled="true" useRefParam="false" refParamName="" r="0.000" g="0.000" b="0.000" execOnForceStopped="false" execOnActionCompleted="false" stopAfterLastEvent="true">
      <Condition id="5" guid="ab9bc01c-0fbd-4763-8c96-3d813f3df929" status="true" />
      <Condition id="9" guid="e0684045-c007-40cd-92e7-b90563e595d4" status="true" />
      <Event eventName="TriggerParticleTick" time="0.000" isDuration="false" guid="0dff7684-65b9-4cbb-9cdc-e6f97b0ab525">
        <TemplateObject name="targetId" id="1" objectName="target" isTemp="false" refParamName="" useRefParam="false" />
        <TemplateObject name="objectSpaceId" id="1" objectName="target" isTemp="false" refParamName="" useRefParam="false" />
        <bool name="bForceShowParticle" value="false" refParamName="" useRefParam="false" />
        <uint name="RefLiteBulletID" value="0" refParamName="" useRefParam="false" />
        <bool name="bDonotAttackToMesh" value="false" refParamName="" useRefParam="false" />
        <String name="parentResourceName" value="" refParamName="" useRefParam="false" />
        <String name="resourceName" value="prefab_skill_effects/hero_skill_effects/131_libai/libai_hurt_01" refParamName="" useRefParam="false" />
        <String name="resourceName2" value="" refParamName="" useRefParam="false" />
        <String name="resourceName3" value="" refParamName="" useRefParam="false" />
        <int name="resConfigId1" value="0" refParamName="" useRefParam="false" />
        <int name="resConfigId2" value="0" refParamName="" useRefParam="false" />
        <int name="resConfigId3" value="0" refParamName="" useRefParam="false" />
        <float name="lifeTime" value="1.000" refParamName="" useRefParam="false" />
        <String name="bindPointName" value="" refParamName="" useRefParam="false" />
        <bool name="dontShowIfNoBindPoint" value="false" refParamName="" useRefParam="false" />
        <Vector3 name="bindPosOffset" x="0.000" y="1.000" z="0.000" refParamName="" useRefParam="false" />
        <bool name="bIsBindPosYRelateBeHitHeight" value="false" refParamName="" useRefParam="false" />
        <EulerAngle name="bindRotOffset" x="0.000" y="144.000" z="0.000" refParamName="" useRefParam="false" />
        <Vector3 name="scaling" x="1.000" y="1.000" z="1.000" refParamName="" useRefParam="false" />
        <bool name="useScalingInt" value="false" refParamName="" useRefParam="false" />
        <Vector3i name="scalingInt" x="10000" y="10000" z="10000" refParamName="" useRefParam="false" />
        <bool name="bUseRealScaling" value="false" refParamName="" useRefParam="false" />
        <bool name="bOnlyScaleRoot" value="false" refParamName="" useRefParam="false" />
        <bool name="bEnableOptCull" value="true" refParamName="" useRefParam="false" />
        <bool name="bBullerPosDir" value="false" refParamName="" useRefParam="false" />
        <bool name="bUseHeroLocalForward" value="false" refParamName="" useRefParam="false" />
        <TemplateObject name="lookTargetId" id="-1" objectName="None" isTemp="false" refParamName="" useRefParam="false" />
        <bool name="applyActionSpeedToParticle" value="true" refParamName="" useRefParam="false" />
        <bool name="applyActionSpeedToAnimation" value="true" refParamName="" useRefParam="false" />
        <int name="extend" value="10" refParamName="" useRefParam="false" />
        <bool name="bOnlyFollowPos" value="false" refParamName="" useRefParam="false" />
        <bool name="b1stTickParentRot" value="false" refParamName="" useRefParam="false" />
        <bool name="bRotateFollowCamera" value="false" refParamName="" useRefParam="false" />
        <bool name="bRandomRotation" value="false" refParamName="" useRefParam="false" />
        <EulerAngle name="randRotBegin" x="0.000" y="0.000" z="0.000" refParamName="" useRefParam="false" />
        <EulerAngle name="randRotEnd" x="0.000" y="0.000" z="0.000" refParamName="" useRefParam="false" />
        <bool name="bUseTargetSkinEffect" value="false" refParamName="" useRefParam="false" />
        <bool name="bBulletPos" value="false" refParamName="" useRefParam="false" />
        <bool name="bBulletDir" value="false" refParamName="" useRefParam="false" />
        <int name="particleScaleGrow" value="0" refParamName="" useRefParam="false" />
        <Enum name="ReplacementUsage" value="0" EnumValue="无" refParamName="" useRefParam="false" />
        <Enum name="ReplacementSubUsage" value="0" EnumValue="无" refParamName="" useRefParam="false" />
        <bool name="bNoDynamicLod" value="false" refParamName="" useRefParam="false" />
        <bool name="bMeshResouce" value="false" refParamName="" useRefParam="false" />
        <bool name="bAllowEmptyEffect" value="false" refParamName="" useRefParam="false" />
        <bool name="bActionCtrlObjs" value="false" refParamName="" useRefParam="false" />
        <bool name="bInvisibleSelf" value="false" refParamName="" useRefParam="false" />
        <bool name="bInvisibleEnemy" value="false" refParamName="" useRefParam="false" />
        <bool name="bInvisibleTeamNotSelf" value="false" refParamName="" useRefParam="false" />
        <bool name="bReverseXWhenCameraMirro" value="false" refParamName="" useRefParam="false" />
        <bool name="bNewbieCombatSkillGuideOnly" value="false" refParamName="" useRefParam="false" />
        <bool name="bUseMasterSkinId" value="false" refParamName="" useRefParam="false" />
        <bool name="bForceIngoreCull" value="false" refParamName="" useRefParam="false" />
        <bool name="bRevertZIn5v5" value="false" refParamName="" useRefParam="false" />
        <bool name="bAttachToParentWhenBindPointNameIsNull" value="false" refParamName="" useRefParam="false" />
      </Event>
    </Track>
    <Track trackName="TriggerParticleTick0" eventType="TriggerParticleTick" guid="4588cb6b-4fd9-4a02-b9b3-a0e2ed267bb9" enabled="true" useRefParam="false" refParamName="" r="0.000" g="0.000" b="0.000" execOnForceStopped="false" execOnActionCompleted="false" stopAfterLastEvent="true">
      <Condition id="5" guid="ab9bc01c-0fbd-4763-8c96-3d813f3df929" status="true" />
      <Condition id="10" guid="ae73270a-769f-4510-9a29-df6ddbe20daf" status="true" />
      <Event eventName="TriggerParticleTick" time="0.000" isDuration="false" guid="8fd40ec9-c7f5-43b0-b971-e72005ae9708">
        <TemplateObject name="targetId" id="1" objectName="target" isTemp="false" refParamName="" useRefParam="false" />
        <TemplateObject name="objectSpaceId" id="1" objectName="target" isTemp="false" refParamName="" useRefParam="false" />
        <bool name="bForceShowParticle" value="false" refParamName="" useRefParam="false" />
        <uint name="RefLiteBulletID" value="0" refParamName="" useRefParam="false" />
        <bool name="bDonotAttackToMesh" value="false" refParamName="" useRefParam="false" />
        <String name="parentResourceName" value="" refParamName="" useRefParam="false" />
        <String name="resourceName" value="prefab_skill_effects/hero_skill_effects/131_libai/libai_hurt_01" refParamName="" useRefParam="false" />
        <String name="resourceName2" value="" refParamName="" useRefParam="false" />
        <String name="resourceName3" value="" refParamName="" useRefParam="false" />
        <int name="resConfigId1" value="0" refParamName="" useRefParam="false" />
        <int name="resConfigId2" value="0" refParamName="" useRefParam="false" />
        <int name="resConfigId3" value="0" refParamName="" useRefParam="false" />
        <float name="lifeTime" value="1.000" refParamName="" useRefParam="false" />
        <String name="bindPointName" value="" refParamName="" useRefParam="false" />
        <bool name="dontShowIfNoBindPoint" value="false" refParamName="" useRefParam="false" />
        <Vector3 name="bindPosOffset" x="0.000" y="1.000" z="0.000" refParamName="" useRefParam="false" />
        <bool name="bIsBindPosYRelateBeHitHeight" value="false" refParamName="" useRefParam="false" />
        <EulerAngle name="bindRotOffset" x="0.000" y="216.000" z="0.000" refParamName="" useRefParam="false" />
        <Vector3 name="scaling" x="1.000" y="1.000" z="1.000" refParamName="" useRefParam="false" />
        <bool name="useScalingInt" value="false" refParamName="" useRefParam="false" />
        <Vector3i name="scalingInt" x="10000" y="10000" z="10000" refParamName="" useRefParam="false" />
        <bool name="bUseRealScaling" value="false" refParamName="" useRefParam="false" />
        <bool name="bOnlyScaleRoot" value="false" refParamName="" useRefParam="false" />
        <bool name="bEnableOptCull" value="true" refParamName="" useRefParam="false" />
        <bool name="bBullerPosDir" value="false" refParamName="" useRefParam="false" />
        <bool name="bUseHeroLocalForward" value="false" refParamName="" useRefParam="false" />
        <TemplateObject name="lookTargetId" id="-1" objectName="None" isTemp="false" refParamName="" useRefParam="false" />
        <bool name="applyActionSpeedToParticle" value="true" refParamName="" useRefParam="false" />
        <bool name="applyActionSpeedToAnimation" value="true" refParamName="" useRefParam="false" />
        <int name="extend" value="10" refParamName="" useRefParam="false" />
        <bool name="bOnlyFollowPos" value="false" refParamName="" useRefParam="false" />
        <bool name="b1stTickParentRot" value="false" refParamName="" useRefParam="false" />
        <bool name="bRotateFollowCamera" value="false" refParamName="" useRefParam="false" />
        <bool name="bRandomRotation" value="false" refParamName="" useRefParam="false" />
        <EulerAngle name="randRotBegin" x="0.000" y="0.000" z="0.000" refParamName="" useRefParam="false" />
        <EulerAngle name="randRotEnd" x="0.000" y="0.000" z="0.000" refParamName="" useRefParam="false" />
        <bool name="bUseTargetSkinEffect" value="false" refParamName="" useRefParam="false" />
        <bool name="bBulletPos" value="false" refParamName="" useRefParam="false" />
        <bool name="bBulletDir" value="false" refParamName="" useRefParam="false" />
        <int name="particleScaleGrow" value="0" refParamName="" useRefParam="false" />
        <Enum name="ReplacementUsage" value="0" EnumValue="无" refParamName="" useRefParam="false" />
        <Enum name="ReplacementSubUsage" value="0" EnumValue="无" refParamName="" useRefParam="false" />
        <bool name="bNoDynamicLod" value="false" refParamName="" useRefParam="false" />
        <bool name="bMeshResouce" value="false" refParamName="" useRefParam="false" />
        <bool name="bAllowEmptyEffect" value="false" refParamName="" useRefParam="false" />
        <bool name="bActionCtrlObjs" value="false" refParamName="" useRefParam="false" />
        <bool name="bInvisibleSelf" value="false" refParamName="" useRefParam="false" />
        <bool name="bInvisibleEnemy" value="false" refParamName="" useRefParam="false" />
        <bool name="bInvisibleTeamNotSelf" value="false" refParamName="" useRefParam="false" />
        <bool name="bReverseXWhenCameraMirro" value="false" refParamName="" useRefParam="false" />
        <bool name="bNewbieCombatSkillGuideOnly" value="false" refParamName="" useRefParam="false" />
        <bool name="bUseMasterSkinId" value="false" refParamName="" useRefParam="false" />
        <bool name="bForceIngoreCull" value="false" refParamName="" useRefParam="false" />
        <bool name="bRevertZIn5v5" value="false" refParamName="" useRefParam="false" />
        <bool name="bAttachToParentWhenBindPointNameIsNull" value="false" refParamName="" useRefParam="false" />
      </Event>
    </Track>
    <Track trackName="TriggerParticleTick0" eventType="TriggerParticleTick" guid="ce4e2880-efd8-44bb-8336-b80015eaaa5c" enabled="true" useRefParam="false" refParamName="" r="0.000" g="0.000" b="0.000" execOnForceStopped="false" execOnActionCompleted="false" stopAfterLastEvent="true">
      <Condition id="5" guid="ab9bc01c-0fbd-4763-8c96-3d813f3df929" status="true" />
      <Condition id="11" guid="7d14406c-01b4-4ee5-b734-41ceed7b0b4d" status="true" />
      <Event eventName="TriggerParticleTick" time="0.000" isDuration="false" guid="84cce2f0-b828-4204-b690-cd992b3acf57">
        <TemplateObject name="targetId" id="1" objectName="target" isTemp="false" refParamName="" useRefParam="false" />
        <TemplateObject name="objectSpaceId" id="1" objectName="target" isTemp="false" refParamName="" useRefParam="false" />
        <bool name="bForceShowParticle" value="false" refParamName="" useRefParam="false" />
        <uint name="RefLiteBulletID" value="0" refParamName="" useRefParam="false" />
        <bool name="bDonotAttackToMesh" value="false" refParamName="" useRefParam="false" />
        <String name="parentResourceName" value="" refParamName="" useRefParam="false" />
        <String name="resourceName" value="prefab_skill_effects/hero_skill_effects/131_libai/libai_hurt_01" refParamName="" useRefParam="false" />
        <String name="resourceName2" value="" refParamName="" useRefParam="false" />
        <String name="resourceName3" value="" refParamName="" useRefParam="false" />
        <int name="resConfigId1" value="0" refParamName="" useRefParam="false" />
        <int name="resConfigId2" value="0" refParamName="" useRefParam="false" />
        <int name="resConfigId3" value="0" refParamName="" useRefParam="false" />
        <float name="lifeTime" value="1.000" refParamName="" useRefParam="false" />
        <String name="bindPointName" value="" refParamName="" useRefParam="false" />
        <bool name="dontShowIfNoBindPoint" value="false" refParamName="" useRefParam="false" />
        <Vector3 name="bindPosOffset" x="0.000" y="1.000" z="0.000" refParamName="" useRefParam="false" />
        <bool name="bIsBindPosYRelateBeHitHeight" value="false" refParamName="" useRefParam="false" />
        <EulerAngle name="bindRotOffset" x="0.000" y="288.000" z="0.000" refParamName="" useRefParam="false" />
        <Vector3 name="scaling" x="1.000" y="1.000" z="1.000" refParamName="" useRefParam="false" />
        <bool name="useScalingInt" value="false" refParamName="" useRefParam="false" />
        <Vector3i name="scalingInt" x="10000" y="10000" z="10000" refParamName="" useRefParam="false" />
        <bool name="bUseRealScaling" value="false" refParamName="" useRefParam="false" />
        <bool name="bOnlyScaleRoot" value="false" refParamName="" useRefParam="false" />
        <bool name="bEnableOptCull" value="true" refParamName="" useRefParam="false" />
        <bool name="bBullerPosDir" value="false" refParamName="" useRefParam="false" />
        <bool name="bUseHeroLocalForward" value="false" refParamName="" useRefParam="false" />
        <TemplateObject name="lookTargetId" id="-1" objectName="None" isTemp="false" refParamName="" useRefParam="false" />
        <bool name="applyActionSpeedToParticle" value="true" refParamName="" useRefParam="false" />
        <bool name="applyActionSpeedToAnimation" value="true" refParamName="" useRefParam="false" />
        <int name="extend" value="10" refParamName="" useRefParam="false" />
        <bool name="bOnlyFollowPos" value="false" refParamName="" useRefParam="false" />
        <bool name="b1stTickParentRot" value="false" refParamName="" useRefParam="false" />
        <bool name="bRotateFollowCamera" value="false" refParamName="" useRefParam="false" />
        <bool name="bRandomRotation" value="false" refParamName="" useRefParam="false" />
        <EulerAngle name="randRotBegin" x="0.000" y="0.000" z="0.000" refParamName="" useRefParam="false" />
        <EulerAngle name="randRotEnd" x="0.000" y="0.000" z="0.000" refParamName="" useRefParam="false" />
        <bool name="bUseTargetSkinEffect" value="false" refParamName="" useRefParam="false" />
        <bool name="bBulletPos" value="false" refParamName="" useRefParam="false" />
        <bool name="bBulletDir" value="false" refParamName="" useRefParam="false" />
        <int name="particleScaleGrow" value="0" refParamName="" useRefParam="false" />
        <Enum name="ReplacementUsage" value="0" EnumValue="无" refParamName="" useRefParam="false" />
        <Enum name="ReplacementSubUsage" value="0" EnumValue="无" refParamName="" useRefParam="false" />
        <bool name="bNoDynamicLod" value="false" refParamName="" useRefParam="false" />
        <bool name="bMeshResouce" value="false" refParamName="" useRefParam="false" />
        <bool name="bAllowEmptyEffect" value="false" refParamName="" useRefParam="false" />
        <bool name="bActionCtrlObjs" value="false" refParamName="" useRefParam="false" />
        <bool name="bInvisibleSelf" value="false" refParamName="" useRefParam="false" />
        <bool name="bInvisibleEnemy" value="false" refParamName="" useRefParam="false" />
        <bool name="bInvisibleTeamNotSelf" value="false" refParamName="" useRefParam="false" />
        <bool name="bReverseXWhenCameraMirro" value="false" refParamName="" useRefParam="false" />
        <bool name="bNewbieCombatSkillGuideOnly" value="false" refParamName="" useRefParam="false" />
        <bool name="bUseMasterSkinId" value="false" refParamName="" useRefParam="false" />
        <bool name="bForceIngoreCull" value="false" refParamName="" useRefParam="false" />
        <bool name="bRevertZIn5v5" value="false" refParamName="" useRefParam="false" />
        <bool name="bAttachToParentWhenBindPointNameIsNull" value="false" refParamName="" useRefParam="false" />
      </Event>
    </Track>
    <Track trackName="SkillFuncInstant0" eventType="SkillFuncInstant" guid="8d09eb2f-50ed-4358-a741-27ca7e1a94dd" enabled="true" useRefParam="false" refParamName="" r="0.000" g="0.000" b="0.000" execOnForceStopped="false" execOnActionCompleted="false" stopAfterLastEvent="true">
      <Event eventName="SkillFuncInstant" time="0.000" isDuration="false" guid="98ffda47-1f12-4a3f-8117-e4d1e168327a">
        <Enum name="SkillFuncType" value="0" EnumValue="物理伤害" refParamName="" useRefParam="false" />
        <bool name="bIsOverrideParamsFromXls" value="false" refParamName="" useRefParam="false" />
        <int name="OverrideParam1" value="0" refParamName="" useRefParam="false" />
        <int name="OverrideParam2" value="0" refParamName="" useRefParam="false" />
        <int name="OverrideParam3" value="0" refParamName="" useRefParam="false" />
        <int name="OverrideParam4" value="0" refParamName="" useRefParam="false" />
        <int name="OverrideParam5" value="0" refParamName="" useRefParam="false" />
        <bool name="bImmediateExec" value="false" refParamName="" useRefParam="false" />
      </Event>
    </Track>
    <Track trackName="ForbidAbilityDuration12" eventType="ForbidAbilityDuration" guid="ae7adc4b-a73f-4229-a4f1-dd860c67f460" enabled="true" useRefParam="false" refParamName="" r="0.000" g="0.000" b="0.000" execOnForceStopped="false" execOnActionCompleted="false" stopAfterLastEvent="true">
      <Condition id="0" guid="efdb163c-b41c-4d39-b682-49e0e463281a" status="true" />
      <Event eventName="ForbidAbilityDuration" time="0.000" length="0.500" isDuration="true" guid="1c1685f4-24e2-4481-9d6e-bc9e2495385d">
        <TemplateObject name="attackerId" id="1" objectName="target" isTemp="false" refParamName="" useRefParam="false" />
        <bool name="forbidMove" value="true" refParamName="" useRefParam="false" />
        <bool name="forbidSkill" value="true" refParamName="" useRefParam="false" />
        <bool name="forceForbidding" value="false" refParamName="" useRefParam="false" />
        <bool name="forbidSkillAndHideBtn" value="false" refParamName="" useRefParam="false" />
        <Enum name="forbidSkillType" value="0" EnumValue="程序判断age来源" refParamName="" useRefParam="false" />
        <bool name="forbidFilterSkill0" value="false" refParamName="" useRefParam="false" />
        <bool name="forbidFilterSkill1" value="false" refParamName="" useRefParam="false" />
        <bool name="forbidFilterSkill2" value="false" refParamName="" useRefParam="false" />
        <bool name="forbidFilterSkill3" value="false" refParamName="" useRefParam="false" />
        <bool name="forbidFilterSkill4" value="false" refParamName="" useRefParam="false" />
        <bool name="forbidFilterSkill5" value="false" refParamName="" useRefParam="false" />
        <bool name="forbidFilterSkill6" value="false" refParamName="" useRefParam="false" />
        <bool name="forbidFilterSkill7" value="false" refParamName="" useRefParam="false" />
        <bool name="forbidFilterSkill8" value="false" refParamName="" useRefParam="false" />
        <bool name="forbidFilterSkill9" value="false" refParamName="" useRefParam="false" />
        <bool name="forbidFilterSkill10" value="false" refParamName="" useRefParam="false" />
        <bool name="forbidFilterSkill11" value="false" refParamName="" useRefParam="false" />
        <bool name="forbidFilterSkill12" value="false" refParamName="" useRefParam="false" />
        <bool name="forbidFilterSummonerSkill" value="false" refParamName="" useRefParam="false" />
        <bool name="forbidFilterMapSkill" value="false" refParamName="" useRefParam="false" />
        <bool name="forbidFilterEquipActiveSkill" value="false" refParamName="" useRefParam="false" />
        <bool name="forbidFilterActiveSkill" value="false" refParamName="" useRefParam="false" />
        <bool name="forbidFilterCallBoss" value="false" refParamName="" useRefParam="false" />
        <bool name="forbidFilterExtraBtnSlot1" value="false" refParamName="" useRefParam="false" />
        <bool name="forbidSkillAbort" value="true" refParamName="" useRefParam="false" />
        <bool name="abortFilterSkill0" value="false" refParamName="" useRefParam="false" />
        <bool name="abortFilterSkill1" value="false" refParamName="" useRefParam="false" />
        <bool name="abortFilterSkill2" value="false" refParamName="" useRefParam="false" />
        <bool name="abortFilterSkill3" value="false" refParamName="" useRefParam="false" />
        <bool name="abortFilterSkill4" value="false" refParamName="" useRefParam="false" />
        <bool name="abortFilterSkill5" value="false" refParamName="" useRefParam="false" />
        <bool name="abortFilterSkill7" value="false" refParamName="" useRefParam="false" />
        <bool name="abortFilterSkill8" value="false" refParamName="" useRefParam="false" />
        <bool name="abortFilterSkill9" value="false" refParamName="" useRefParam="false" />
        <bool name="abortFilterSkill10" value="false" refParamName="" useRefParam="false" />
        <bool name="abortFilterSkill11" value="false" refParamName="" useRefParam="false" />
        <bool name="abortFilterMove" value="false" refParamName="" useRefParam="false" />
        <bool name="ingoreOnceMoveCmd" value="false" refParamName="" useRefParam="false" />
        <bool name="abortFilterDamage" value="false" refParamName="" useRefParam="false" />
        <bool name="forbidMoveRotate" value="true" refParamName="" useRefParam="false" />
        <Enum name="protectAbortLevel" value="0" EnumValue="不保护" refParamName="" useRefParam="false" />
        <bool name="delaySkillAbort" value="false" refParamName="" useRefParam="false" />
        <bool name="dontDoDelayAbortWhenLeave" value="false" refParamName="" useRefParam="false" />
        <bool name="ImmuneNegative" value="false" refParamName="" useRefParam="false" />
        <bool name="ImmuneControl" value="false" refParamName="" useRefParam="false" />
        <bool name="forbidEnergyRecover" value="false" refParamName="" useRefParam="false" />
        <bool name="MoveIgnoreObstructArea" value="false" refParamName="" useRefParam="false" />
        <bool name="forbidCollisionDetection" value="false" refParamName="" useRefParam="false" />
        <bool name="ImmuneSkillSelect" value="false" refParamName="" useRefParam="false" />
        <bool name="bReplaceHPBarImmuneSelect" value="false" refParamName="" useRefParam="false" />
        <bool name="bForceClearSkillIndicator" value="false" refParamName="" useRefParam="false" />
        <bool name="beRepressed" value="false" refParamName="" useRefParam="false" />
        <bool name="BeCopyActorCanMove" value="false" refParamName="" useRefParam="false" />
      </Event>
    </Track>
    <Track trackName="PlayAnimDuration0" eventType="PlayAnimDuration" guid="4abae504-d3a2-4370-a0a8-255fde6c84d5" enabled="true" useRefParam="false" refParamName="" r="0.000" g="0.000" b="0.000" execOnForceStopped="false" execOnActionCompleted="false" stopAfterLastEvent="true">
      <Condition id="0" guid="efdb163c-b41c-4d39-b682-49e0e463281a" status="true" />
      <Event eventName="PlayAnimDuration" time="0.000" length="0.500" isDuration="true" guid="7d4fb297-6b0e-42a6-b39f-b30a68ad77b5">
        <TemplateObject name="targetId" id="1" objectName="target" isTemp="false" refParamName="" useRefParam="false" />
        <String name="clipName" value="Hit" refParamName="" useRefParam="false" />
        <bool name="bDontReplaceSameAnim" value="false" refParamName="" useRefParam="false" />
        <int name="layer" value="1" refParamName="" useRefParam="false" />
        <int name="subLayer" value="0" refParamName="" useRefParam="false" />
        <int name="animatorOverrideLayer" value="-1" refParamName="" useRefParam="false" />
        <bool name="bLoop" value="false" refParamName="" useRefParam="false" />
        <float name="crossFadeTime" value="0.100" refParamName="" useRefParam="false" />
        <bool name="bUseFadeOutTime" value="true" refParamName="" useRefParam="false" />
        <float name="fadeOutTime" value="0.200" refParamName="" useRefParam="false" />
        <float name="startTime" value="0.000" refParamName="" useRefParam="false" />
        <float name="endTime" value="99999.000" refParamName="" useRefParam="false" />
        <bool name="applyActionSpeed" value="false" refParamName="" useRefParam="false" />
        <bool name="alwaysAnimate" value="false" refParamName="" useRefParam="false" />
        <bool name="multiDirectRunMode" value="false" refParamName="" useRefParam="false" />
        <bool name="bKeepOldSpeed" value="false" refParamName="" useRefParam="false" />
        <bool name="bCanNotBeCulled" value="false" refParamName="" useRefParam="false" />
        <String name="beginClipName" value="" refParamName="" useRefParam="false" />
        <bool name="bPlayBeginClipName" value="false" refParamName="" useRefParam="false" />
        <String name="endClipName" value="" refParamName="" useRefParam="false" />
        <bool name="bPlayEndClipName" value="false" refParamName="" useRefParam="false" />
        <bool name="bForcePlay" value="false" refParamName="" useRefParam="false" />
        <float name="animSpeedRate" value="1.000" refParamName="" useRefParam="false" />
        <bool name="bMoveSpell" value="false" refParamName="" useRefParam="false" />
      </Event>
    </Track>
    <Track trackName="SkillFuncInstant2" eventType="SkillFuncInstant" guid="0914b2e7-9dd2-45e1-aa4a-f49455329adc" enabled="true" useRefParam="false" refParamName="" r="0.000" g="0.000" b="0.000" execOnForceStopped="false" execOnActionCompleted="false" stopAfterLastEvent="true">
      <Event eventName="SkillFuncInstant" time="0.000" isDuration="false" guid="72e9454d-d64b-4bf9-b229-760c08a0e85f">
        <Enum name="SkillFuncType" value="29" EnumValue="触发技能印记" refParamName="" useRefParam="false" />
        <bool name="bIsOverrideParamsFromXls" value="false" refParamName="" useRefParam="false" />
        <int name="OverrideParam1" value="0" refParamName="" useRefParam="false" />
        <int name="OverrideParam2" value="0" refParamName="" useRefParam="false" />
        <int name="OverrideParam3" value="0" refParamName="" useRefParam="false" />
        <int name="OverrideParam4" value="0" refParamName="" useRefParam="false" />
        <int name="OverrideParam5" value="0" refParamName="" useRefParam="false" />
        <bool name="bImmediateExec" value="false" refParamName="" useRefParam="false" />
      </Event>
    </Track>
    <Track trackName="PlayHeroSoundTick1" eventType="PlayHeroSoundTick" guid="3616201e-c1b0-4261-9e1d-62d8044e0b22" enabled="true" useRefParam="false" refParamName="" r="0.000" g="0.000" b="0.000" execOnForceStopped="false" execOnActionCompleted="false" stopAfterLastEvent="true">
      <Event eventName="PlayHeroSoundTick" time="0.000" isDuration="false" guid="0c2b8cae-4a3a-4742-9359-07a08f9f7887">
        <TemplateObject name="targetId" id="1" objectName="target" isTemp="false" refParamName="" useRefParam="false" />
        <TemplateObject name="sourceId" id="0" objectName="self" isTemp="false" refParamName="" useRefParam="false" />
        <String name="eventName" value="Play_131_Morad_Skill_C_Hit" refParamName="" useRefParam="false" />
        <bool name="use1P3PSwitch" value="true" refParamName="" useRefParam="false" />
        <bool name="useSkinSwitch" value="true" refParamName="" useRefParam="false" />
        <Array name="extraSkinId" refParamName="" useRefParam="false" type="uint">
          <uint value="11" />
        </Array>
        <bool name="canNotBeCulled" value="false" refParamName="" useRefParam="false" />
        <bool name="useBaseHorizon" value="false" refParamName="" useRefParam="false" />
        <bool name="bUseCopyedOutActors" value="false" refParamName="" useRefParam="false" />
      </Event>
    </Track>
  </Action>
</Project>