﻿<?xml version="1.0" encoding="utf-8"?>
<Project>
  <TemplateObjectList>
    <TemplateObject id="0" objectName="self" isTemp="false" />
    <TemplateObject id="1" objectName="target" isTemp="false" />
    <TemplateObject id="2" objectName="bullet" isTemp="true" />
  </TemplateObjectList>
  <RefParamList>
    <Vector3i name="targetdir" x="0" y="0" z="0" refParamName="" useRefParam="false" />
    <Vector3i name="_BulletPos" x="0" y="0" z="0" refParamName="" useRefParam="false" />
  </RefParamList>
  <Action tag="" length="6.000" loop="false">
    <Track trackName="CheckSkinIdTick0" eventType="CheckSkinIdTick" guid="6330c3a9-a8f2-4d2c-a097-7ec6a9432b15" enabled="true" useRefParam="false" refParamName="" r="0.000" g="0.000" b="0.000" execOnForceStopped="false" execOnActionCompleted="false" stopAfterLastEvent="true">
      <Event eventName="CheckSkinIdTick" time="0.000" isDuration="false" guid="17647d38-0fb5-4070-b268-823ca79cb10a">
        <TemplateObject name="targetId" id="0" objectName="self" isTemp="false" refParamName="" useRefParam="false" />
        <int name="skinId" value="12900" refParamName="" useRefParam="false" />
        <bool name="bEqual" value="true" refParamName="" useRefParam="false" />
        <bool name="bSkipLogicCheck" value="true" refParamName="" useRefParam="false" />
      </Event>
    </Track>
    <Track trackName="TriggerMutiMatsTick0" eventType="TriggerMutiMatsTick" guid="f56610ae-1cf4-48e6-bd1c-c7cbc19078f2" enabled="true" useRefParam="false" refParamName="" r="0.000" g="0.000" b="0.000" execOnForceStopped="false" execOnActionCompleted="false" stopAfterLastEvent="true">
      <Condition id="0" guid="6330c3a9-a8f2-4d2c-a097-7ec6a9432b15" status="true" />
      <Event eventName="TriggerMutiMatsTick" time="0.000" isDuration="false" guid="ff3ecead-ad31-4431-8fbe-e6d04181bec5">
        <TemplateObject name="srcId" id="0" objectName="self" isTemp="false" refParamName="" useRefParam="false" />
        <bool name="bOpen" value="true" refParamName="" useRefParam="false" />
        <int name="scale" value="300" refParamName="" useRefParam="false" />
        <int name="fnlArea" value="800" refParamName="" useRefParam="false" />
        <int name="fnlScale" value="2000" refParamName="" useRefParam="false" />
        <Vector3i name="offsetModel" x="0" y="-300" z="0" refParamName="" useRefParam="false" />
        <Vector3i name="mainColor" x="30" y="144" z="255" refParamName="" useRefParam="false" />
        <int name="dissolveLowBodyHeight" value="400" refParamName="" useRefParam="false" />
        <int name="dissolveMaxHeight" value="1500" refParamName="" useRefParam="false" />
        <int name="delayFollowTime" value="0" refParamName="" useRefParam="false" />
        <int name="modelMidY" value="9000" refParamName="" useRefParam="false" />
      </Event>
    </Track>
    <Track trackName="CheckSkinIdTick0" eventType="CheckSkinIdTick" guid="06506d9c-2d08-4b51-915c-ede9c2b2325a" enabled="true" useRefParam="false" refParamName="" r="0.000" g="0.000" b="0.000" execOnForceStopped="false" execOnActionCompleted="false" stopAfterLastEvent="true">
      <Event eventName="CheckSkinIdTick" time="0.000" isDuration="false" guid="54c1eb01-c904-4709-9a31-3450fedb62fe">
        <TemplateObject name="targetId" id="0" objectName="self" isTemp="false" refParamName="" useRefParam="false" />
        <int name="skinId" value="12901" refParamName="" useRefParam="false" />
        <bool name="bEqual" value="true" refParamName="" useRefParam="false" />
        <bool name="bSkipLogicCheck" value="true" refParamName="" useRefParam="false" />
      </Event>
    </Track>
    <Track trackName="TriggerMutiMatsTick0" eventType="TriggerMutiMatsTick" guid="a76e5ba8-4b0c-433c-aa91-0879bb68c027" enabled="true" useRefParam="false" refParamName="" r="0.000" g="0.000" b="0.000" execOnForceStopped="false" execOnActionCompleted="false" stopAfterLastEvent="true">
      <Condition id="2" guid="06506d9c-2d08-4b51-915c-ede9c2b2325a" status="true" />
      <Event eventName="TriggerMutiMatsTick" time="0.000" isDuration="false" guid="b3c491c1-6a9b-4b1e-b8d4-29cfc63ec88e">
        <TemplateObject name="srcId" id="0" objectName="self" isTemp="false" refParamName="" useRefParam="false" />
        <bool name="bOpen" value="true" refParamName="" useRefParam="false" />
        <int name="scale" value="300" refParamName="" useRefParam="false" />
        <int name="fnlArea" value="800" refParamName="" useRefParam="false" />
        <int name="fnlScale" value="2000" refParamName="" useRefParam="false" />
        <Vector3i name="offsetModel" x="0" y="-300" z="0" refParamName="" useRefParam="false" />
        <Vector3i name="mainColor" x="0" y="191" z="255" refParamName="" useRefParam="false" />
        <int name="dissolveLowBodyHeight" value="400" refParamName="" useRefParam="false" />
        <int name="dissolveMaxHeight" value="1500" refParamName="" useRefParam="false" />
        <int name="delayFollowTime" value="0" refParamName="" useRefParam="false" />
        <int name="modelMidY" value="9000" refParamName="" useRefParam="false" />
      </Event>
    </Track>
    <Track trackName="CheckSkinIdTick0" eventType="CheckSkinIdTick" guid="f8c1daca-3a60-4ccc-a535-e3a1309fa7dd" enabled="true" useRefParam="false" refParamName="" r="0.000" g="0.000" b="0.000" execOnForceStopped="false" execOnActionCompleted="false" stopAfterLastEvent="true">
      <Event eventName="CheckSkinIdTick" time="0.000" isDuration="false" guid="2b74268c-7add-4688-b034-3bd65d3efefe">
        <TemplateObject name="targetId" id="0" objectName="self" isTemp="false" refParamName="" useRefParam="false" />
        <int name="skinId" value="12902" refParamName="" useRefParam="false" />
        <bool name="bEqual" value="true" refParamName="" useRefParam="false" />
        <bool name="bSkipLogicCheck" value="true" refParamName="" useRefParam="false" />
      </Event>
    </Track>
    <Track trackName="TriggerMutiMatsTick0" eventType="TriggerMutiMatsTick" guid="a3c4ff6f-84f3-4902-95b8-5a6195d4219c" enabled="true" useRefParam="false" refParamName="" r="0.000" g="0.000" b="0.000" execOnForceStopped="false" execOnActionCompleted="false" stopAfterLastEvent="true">
      <Condition id="4" guid="f8c1daca-3a60-4ccc-a535-e3a1309fa7dd" status="true" />
      <Event eventName="TriggerMutiMatsTick" time="0.000" isDuration="false" guid="88673062-55d8-4a52-b6fe-c3ae11d5d63e">
        <TemplateObject name="srcId" id="0" objectName="self" isTemp="false" refParamName="" useRefParam="false" />
        <bool name="bOpen" value="true" refParamName="" useRefParam="false" />
        <int name="scale" value="300" refParamName="" useRefParam="false" />
        <int name="fnlArea" value="800" refParamName="" useRefParam="false" />
        <int name="fnlScale" value="2000" refParamName="" useRefParam="false" />
        <Vector3i name="offsetModel" x="0" y="-300" z="0" refParamName="" useRefParam="false" />
        <Vector3i name="mainColor" x="148" y="0" z="211" refParamName="" useRefParam="false" />
        <int name="dissolveLowBodyHeight" value="400" refParamName="" useRefParam="false" />
        <int name="dissolveMaxHeight" value="1500" refParamName="" useRefParam="false" />
        <int name="delayFollowTime" value="0" refParamName="" useRefParam="false" />
        <int name="modelMidY" value="9000" refParamName="" useRefParam="false" />
      </Event>
    </Track>
    <Track trackName="CheckSkinIdTick0" eventType="CheckSkinIdTick" guid="aea9f8d1-467e-47c1-ae8c-798e949a6a64" enabled="true" useRefParam="false" refParamName="" r="0.000" g="0.000" b="0.000" execOnForceStopped="false" execOnActionCompleted="false" stopAfterLastEvent="true">
      <Event eventName="CheckSkinIdTick" time="0.000" isDuration="false" guid="afb9af1d-6da1-4651-a059-f2ca23bb1873">
        <TemplateObject name="targetId" id="0" objectName="self" isTemp="false" refParamName="" useRefParam="false" />
        <int name="skinId" value="12903" refParamName="" useRefParam="false" />
        <bool name="bEqual" value="true" refParamName="" useRefParam="false" />
        <bool name="bSkipLogicCheck" value="true" refParamName="" useRefParam="false" />
      </Event>
    </Track>
    <Track trackName="TriggerMutiMatsTick0" eventType="TriggerMutiMatsTick" guid="61147cf4-a7dc-45eb-998f-d86c4174f272" enabled="true" useRefParam="false" refParamName="" r="0.000" g="0.000" b="0.000" execOnForceStopped="false" execOnActionCompleted="false" stopAfterLastEvent="true">
      <Condition id="6" guid="aea9f8d1-467e-47c1-ae8c-798e949a6a64" status="true" />
      <Event eventName="TriggerMutiMatsTick" time="0.000" isDuration="false" guid="91e4cfda-b414-4682-927a-02f1bbca5290">
        <TemplateObject name="srcId" id="0" objectName="self" isTemp="false" refParamName="" useRefParam="false" />
        <bool name="bOpen" value="true" refParamName="" useRefParam="false" />
        <int name="scale" value="300" refParamName="" useRefParam="false" />
        <int name="fnlArea" value="800" refParamName="" useRefParam="false" />
        <int name="fnlScale" value="2000" refParamName="" useRefParam="false" />
        <Vector3i name="offsetModel" x="0" y="-300" z="0" refParamName="" useRefParam="false" />
        <Vector3i name="mainColor" x="255" y="48" z="48" refParamName="" useRefParam="false" />
        <int name="dissolveLowBodyHeight" value="400" refParamName="" useRefParam="false" />
        <int name="dissolveMaxHeight" value="1500" refParamName="" useRefParam="false" />
        <int name="delayFollowTime" value="0" refParamName="" useRefParam="false" />
        <int name="modelMidY" value="9000" refParamName="" useRefParam="false" />
      </Event>
    </Track>
    <Track trackName="CheckSkinIdTick0" eventType="CheckSkinIdTick" guid="b3ef5634-fcfc-4d93-adc8-dcbdcb66484c" enabled="true" useRefParam="false" refParamName="" r="0.000" g="0.000" b="0.000" execOnForceStopped="false" execOnActionCompleted="false" stopAfterLastEvent="true">
      <Event eventName="CheckSkinIdTick" time="0.000" isDuration="false" guid="3d0ad0ba-058f-4cb5-8652-b9119c89a2b2">
        <TemplateObject name="targetId" id="0" objectName="self" isTemp="false" refParamName="" useRefParam="false" />
        <int name="skinId" value="12904" refParamName="" useRefParam="false" />
        <bool name="bEqual" value="true" refParamName="" useRefParam="false" />
        <bool name="bSkipLogicCheck" value="true" refParamName="" useRefParam="false" />
      </Event>
    </Track>
    <Track trackName="TriggerMutiMatsTick0" eventType="TriggerMutiMatsTick" guid="46a10b14-3d51-4654-9a19-ba9d65e18cae" enabled="true" useRefParam="false" refParamName="" r="0.000" g="0.000" b="0.000" execOnForceStopped="false" execOnActionCompleted="false" stopAfterLastEvent="true">
      <Condition id="8" guid="b3ef5634-fcfc-4d93-adc8-dcbdcb66484c" status="true" />
      <Event eventName="TriggerMutiMatsTick" time="0.000" isDuration="false" guid="4c0ad33c-b8a6-4955-acbe-be7e2b2e0dff">
        <TemplateObject name="srcId" id="0" objectName="self" isTemp="false" refParamName="" useRefParam="false" />
        <bool name="bOpen" value="true" refParamName="" useRefParam="false" />
        <int name="scale" value="300" refParamName="" useRefParam="false" />
        <int name="fnlArea" value="800" refParamName="" useRefParam="false" />
        <int name="fnlScale" value="2000" refParamName="" useRefParam="false" />
        <Vector3i name="offsetModel" x="0" y="-300" z="0" refParamName="" useRefParam="false" />
        <Vector3i name="mainColor" x="255" y="48" z="48" refParamName="" useRefParam="false" />
        <int name="dissolveLowBodyHeight" value="400" refParamName="" useRefParam="false" />
        <int name="dissolveMaxHeight" value="1500" refParamName="" useRefParam="false" />
        <int name="delayFollowTime" value="0" refParamName="" useRefParam="false" />
        <int name="modelMidY" value="9000" refParamName="" useRefParam="false" />
      </Event>
    </Track>
    <Track trackName="CheckSkinIdTick0" eventType="CheckSkinIdTick" guid="1b55b768-c02b-4d91-9e40-858c15fa1e0f" enabled="true" useRefParam="false" refParamName="" r="0.000" g="0.000" b="0.000" execOnForceStopped="false" execOnActionCompleted="false" stopAfterLastEvent="true">
      <Event eventName="CheckSkinIdTick" time="0.000" isDuration="false" guid="44b5d906-b6cb-411a-ad2f-c4e7d67d3d1c">
        <TemplateObject name="targetId" id="0" objectName="self" isTemp="false" refParamName="" useRefParam="false" />
        <int name="skinId" value="12905" refParamName="" useRefParam="false" />
        <bool name="bEqual" value="true" refParamName="" useRefParam="false" />
        <bool name="bSkipLogicCheck" value="true" refParamName="" useRefParam="false" />
      </Event>
    </Track>
    <Track trackName="TriggerMutiMatsTick0" eventType="TriggerMutiMatsTick" guid="824a6d38-9f47-4b12-a6f6-8d57b7a4b091" enabled="true" useRefParam="false" refParamName="" r="0.000" g="0.000" b="0.000" execOnForceStopped="false" execOnActionCompleted="false" stopAfterLastEvent="true">
      <Condition id="10" guid="1b55b768-c02b-4d91-9e40-858c15fa1e0f" status="true" />
      <Event eventName="TriggerMutiMatsTick" time="0.000" isDuration="false" guid="ed266f49-c94b-4403-a2e1-1af58898f8dc">
        <TemplateObject name="srcId" id="0" objectName="self" isTemp="false" refParamName="" useRefParam="false" />
        <bool name="bOpen" value="true" refParamName="" useRefParam="false" />
        <int name="scale" value="300" refParamName="" useRefParam="false" />
        <int name="fnlArea" value="800" refParamName="" useRefParam="false" />
        <int name="fnlScale" value="2000" refParamName="" useRefParam="false" />
        <Vector3i name="offsetModel" x="0" y="-300" z="0" refParamName="" useRefParam="false" />
        <Vector3i name="mainColor" x="171" y="141" z="8" refParamName="" useRefParam="false" />
        <int name="dissolveLowBodyHeight" value="400" refParamName="" useRefParam="false" />
        <int name="dissolveMaxHeight" value="1500" refParamName="" useRefParam="false" />
        <int name="delayFollowTime" value="0" refParamName="" useRefParam="false" />
        <int name="modelMidY" value="9000" refParamName="" useRefParam="false" />
      </Event>
    </Track>
    <Track trackName="CheckSkinIdTick0" eventType="CheckSkinIdTick" guid="559f3a10-a43d-4436-91ec-5fb8353c7350" enabled="true" useRefParam="false" refParamName="" r="0.000" g="0.000" b="0.000" execOnForceStopped="false" execOnActionCompleted="false" stopAfterLastEvent="true">
      <Event eventName="CheckSkinIdTick" time="0.000" isDuration="false" guid="a9d084b7-ac79-44dc-8bb7-637aa7d04c1b">
        <TemplateObject name="targetId" id="0" objectName="self" isTemp="false" refParamName="" useRefParam="false" />
        <int name="skinId" value="12906" refParamName="" useRefParam="false" />
        <bool name="bEqual" value="true" refParamName="" useRefParam="false" />
        <bool name="bSkipLogicCheck" value="true" refParamName="" useRefParam="false" />
      </Event>
    </Track>
    <Track trackName="TriggerMutiMatsTick0" eventType="TriggerMutiMatsTick" guid="535b1737-4d11-4e5d-bd81-3b296a4c0681" enabled="true" useRefParam="false" refParamName="" r="0.000" g="0.000" b="0.000" execOnForceStopped="false" execOnActionCompleted="false" stopAfterLastEvent="true">
      <Condition id="12" guid="559f3a10-a43d-4436-91ec-5fb8353c7350" status="true" />
      <Event eventName="TriggerMutiMatsTick" time="0.000" isDuration="false" guid="094bddf3-047b-43c9-b750-fd2aa90195b8">
        <TemplateObject name="srcId" id="0" objectName="self" isTemp="false" refParamName="" useRefParam="false" />
        <bool name="bOpen" value="true" refParamName="" useRefParam="false" />
        <int name="scale" value="300" refParamName="" useRefParam="false" />
        <int name="fnlArea" value="800" refParamName="" useRefParam="false" />
        <int name="fnlScale" value="2000" refParamName="" useRefParam="false" />
        <Vector3i name="offsetModel" x="0" y="-300" z="0" refParamName="" useRefParam="false" />
        <Vector3i name="mainColor" x="0" y="191" z="255" refParamName="" useRefParam="false" />
        <int name="dissolveLowBodyHeight" value="400" refParamName="" useRefParam="false" />
        <int name="dissolveMaxHeight" value="1500" refParamName="" useRefParam="false" />
        <int name="delayFollowTime" value="0" refParamName="" useRefParam="false" />
        <int name="modelMidY" value="9000" refParamName="" useRefParam="false" />
      </Event>
    </Track>
    <Track trackName="CheckSkinIdTick0" eventType="CheckSkinIdTick" guid="49c28205-3dd2-4fa5-82f8-1f07e5c3035d" enabled="true" useRefParam="false" refParamName="" r="0.000" g="0.000" b="0.000" execOnForceStopped="false" execOnActionCompleted="false" stopAfterLastEvent="true">
      <Event eventName="CheckSkinIdTick" time="0.000" isDuration="false" guid="ae5eefd9-ef80-40e3-a45a-33ad84b41810">
        <TemplateObject name="targetId" id="0" objectName="self" isTemp="false" refParamName="" useRefParam="false" />
        <int name="skinId" value="12907" refParamName="" useRefParam="false" />
        <bool name="bEqual" value="true" refParamName="" useRefParam="false" />
        <bool name="bSkipLogicCheck" value="true" refParamName="" useRefParam="false" />
      </Event>
    </Track>
    <Track trackName="TriggerMutiMatsTick0" eventType="TriggerMutiMatsTick" guid="2189009c-e054-4031-9c7e-c48bf0fee04a" enabled="true" useRefParam="false" refParamName="" r="0.000" g="0.000" b="0.000" execOnForceStopped="false" execOnActionCompleted="false" stopAfterLastEvent="true">
      <Condition id="14" guid="49c28205-3dd2-4fa5-82f8-1f07e5c3035d" status="true" />
      <Event eventName="TriggerMutiMatsTick" time="0.000" isDuration="false" guid="9660521a-910a-4749-a529-32f81d6b0153">
        <TemplateObject name="srcId" id="0" objectName="self" isTemp="false" refParamName="" useRefParam="false" />
        <bool name="bOpen" value="true" refParamName="" useRefParam="false" />
        <int name="scale" value="300" refParamName="" useRefParam="false" />
        <int name="fnlArea" value="800" refParamName="" useRefParam="false" />
        <int name="fnlScale" value="2000" refParamName="" useRefParam="false" />
        <Vector3i name="offsetModel" x="0" y="-300" z="0" refParamName="" useRefParam="false" />
        <Vector3i name="mainColor" x="171" y="141" z="8" refParamName="" useRefParam="false" />
        <int name="dissolveLowBodyHeight" value="400" refParamName="" useRefParam="false" />
        <int name="dissolveMaxHeight" value="1500" refParamName="" useRefParam="false" />
        <int name="delayFollowTime" value="0" refParamName="" useRefParam="false" />
        <int name="modelMidY" value="9000" refParamName="" useRefParam="false" />
      </Event>
    </Track>
    <Track trackName="CheckSkinIdTick0" eventType="CheckSkinIdTick" guid="df34108b-8e95-40bf-bbdf-8cf4f8f2f6cd" enabled="true" useRefParam="false" refParamName="" r="0.000" g="0.000" b="0.000" execOnForceStopped="false" execOnActionCompleted="false" stopAfterLastEvent="true">
      <Event eventName="CheckSkinIdTick" time="0.000" isDuration="false" guid="15077cf5-6680-452c-9f87-74d832eb90d7">
        <TemplateObject name="targetId" id="0" objectName="self" isTemp="false" refParamName="" useRefParam="false" />
        <int name="skinId" value="12997" refParamName="" useRefParam="false" />
        <bool name="bEqual" value="false" refParamName="" useRefParam="false" />
        <bool name="bSkipLogicCheck" value="true" refParamName="" useRefParam="false" />
      </Event>
    </Track>
    <Track trackName="TriggerMutiMatsTick0" eventType="TriggerMutiMatsTick" guid="97fc1a43-20d5-45a1-af25-e33ddb2f9666" enabled="true" useRefParam="false" refParamName="" r="0.000" g="0.000" b="0.000" execOnForceStopped="false" execOnActionCompleted="false" stopAfterLastEvent="true">
      <Condition id="16" guid="df34108b-8e95-40bf-bbdf-8cf4f8f2f6cd" status="true" />
      <Event eventName="TriggerMutiMatsTick" time="0.000" isDuration="false" guid="b379310c-aaa3-4a26-a42d-662598f63dfd">
        <TemplateObject name="srcId" id="0" objectName="self" isTemp="false" refParamName="" useRefParam="false" />
        <bool name="bOpen" value="true" refParamName="" useRefParam="false" />
        <int name="scale" value="300" refParamName="" useRefParam="false" />
        <int name="fnlArea" value="800" refParamName="" useRefParam="false" />
        <int name="fnlScale" value="2000" refParamName="" useRefParam="false" />
        <Vector3i name="offsetModel" x="0" y="-300" z="0" refParamName="" useRefParam="false" />
        <Vector3i name="mainColor" x="171" y="141" z="8" refParamName="" useRefParam="false" />
        <int name="dissolveLowBodyHeight" value="400" refParamName="" useRefParam="false" />
        <int name="dissolveMaxHeight" value="1500" refParamName="" useRefParam="false" />
        <int name="delayFollowTime" value="0" refParamName="" useRefParam="false" />
        <int name="modelMidY" value="9000" refParamName="" useRefParam="false" />
      </Event>
    </Track>
    <Track trackName="CheckSkinIdTick0" eventType="CheckSkinIdTick" guid="4c366263-b6fa-4849-99e6-ce9c67006b0b" enabled="true" useRefParam="false" refParamName="" r="0.000" g="0.000" b="0.000" execOnForceStopped="false" execOnActionCompleted="false" stopAfterLastEvent="true">
      <Event eventName="CheckSkinIdTick" time="0.000" isDuration="false" guid="dafc322c-016e-4796-903b-3a23914c3dcc">
        <TemplateObject name="targetId" id="0" objectName="self" isTemp="false" refParamName="" useRefParam="false" />
        <int name="skinId" value="12910" refParamName="" useRefParam="false" />
        <bool name="bEqual" value="true" refParamName="" useRefParam="false" />
        <bool name="bSkipLogicCheck" value="true" refParamName="" useRefParam="false" />
      </Event>
    </Track>
    <Track trackName="TriggerMutiMatsTick0" eventType="TriggerMutiMatsTick" guid="b3ee61b8-18d0-4401-8bff-b734c564a8a8" enabled="true" useRefParam="false" refParamName="" r="0.000" g="0.000" b="0.000" execOnForceStopped="false" execOnActionCompleted="false" stopAfterLastEvent="true">
      <Condition id="18" guid="4c366263-b6fa-4849-99e6-ce9c67006b0b" status="true" />
      <Event eventName="TriggerMutiMatsTick" time="0.000" isDuration="false" guid="f9a5fc4a-b138-4bea-8919-0e7c1d1ec267">
        <TemplateObject name="srcId" id="0" objectName="self" isTemp="false" refParamName="" useRefParam="false" />
        <bool name="bOpen" value="true" refParamName="" useRefParam="false" />
        <int name="scale" value="300" refParamName="" useRefParam="false" />
        <int name="fnlArea" value="800" refParamName="" useRefParam="false" />
        <int name="fnlScale" value="2000" refParamName="" useRefParam="false" />
        <Vector3i name="offsetModel" x="0" y="-300" z="0" refParamName="" useRefParam="false" />
        <Vector3i name="mainColor" x="0" y="191" z="255" refParamName="" useRefParam="false" />
        <int name="dissolveLowBodyHeight" value="400" refParamName="" useRefParam="false" />
        <int name="dissolveMaxHeight" value="1500" refParamName="" useRefParam="false" />
        <int name="delayFollowTime" value="0" refParamName="" useRefParam="false" />
        <int name="modelMidY" value="9000" refParamName="" useRefParam="false" />
      </Event>
    </Track>
    <Track trackName="CheckSkinIdTick0" eventType="CheckSkinIdTick" guid="1155cae3-c1cf-47c4-bed4-388a630122f6" enabled="true" useRefParam="false" refParamName="" r="0.000" g="0.000" b="0.000" execOnForceStopped="false" execOnActionCompleted="false" stopAfterLastEvent="true">
      <Event eventName="CheckSkinIdTick" time="0.000" isDuration="false" guid="e00bb0bd-e7d8-4f90-a90b-fc652570e370">
        <TemplateObject name="targetId" id="0" objectName="self" isTemp="false" refParamName="" useRefParam="false" />
        <int name="skinId" value="12912" refParamName="" useRefParam="false" />
        <bool name="bEqual" value="true" refParamName="" useRefParam="false" />
        <bool name="bSkipLogicCheck" value="true" refParamName="" useRefParam="false" />
      </Event>
    </Track>
    <Track trackName="TriggerMutiMatsTick0" eventType="TriggerMutiMatsTick" guid="99225f09-dc2c-46c3-88e9-44eb500f47ed" enabled="true" useRefParam="false" refParamName="" r="0.000" g="0.000" b="0.000" execOnForceStopped="false" execOnActionCompleted="false" stopAfterLastEvent="true">
      <Condition id="20" guid="1155cae3-c1cf-47c4-bed4-388a630122f6" status="true" />
      <Event eventName="TriggerMutiMatsTick" time="0.000" isDuration="false" guid="3604a7d3-0f2d-4b12-9339-09ec0074514c">
        <TemplateObject name="srcId" id="0" objectName="self" isTemp="false" refParamName="" useRefParam="false" />
        <bool name="bOpen" value="true" refParamName="" useRefParam="false" />
        <int name="scale" value="300" refParamName="" useRefParam="false" />
        <int name="fnlArea" value="800" refParamName="" useRefParam="false" />
        <int name="fnlScale" value="2000" refParamName="" useRefParam="false" />
        <Vector3i name="offsetModel" x="0" y="-300" z="0" refParamName="" useRefParam="false" />
        <Vector3i name="mainColor" x="0" y="255" z="255" refParamName="" useRefParam="false" />
        <int name="dissolveLowBodyHeight" value="400" refParamName="" useRefParam="false" />
        <int name="dissolveMaxHeight" value="1500" refParamName="" useRefParam="false" />
        <int name="delayFollowTime" value="0" refParamName="" useRefParam="false" />
        <int name="modelMidY" value="9000" refParamName="" useRefParam="false" />
      </Event>
    </Track>
  </Action>
</Project>