﻿<?xml version="1.0" encoding="utf-8"?>
<Project>
  <TemplateObjectList>
    <TemplateObject id="0" objectName="self" isTemp="false" />
    <TemplateObject id="1" objectName="target" isTemp="false" />
  </TemplateObjectList>
  <RefParamList>
    <Vector3i name="_TargetDir" x="0" y="0" z="0" refParamName="" useRefParam="false" />
    <Vector3i name="_TargetPos" x="0" y="0" z="0" refParamName="" useRefParam="false" />
  </RefParamList>
  <Action tag="" length="0.500" loop="false">
    <Track trackName="FilterTargetType0" eventType="FilterTargetType" guid="efdb163c-b41c-4d39-b682-49e0e463281a" enabled="true" useRefParam="false" refParamName="" r="0.000" g="0.000" b="0.000" execOnForceStopped="false" execOnActionCompleted="false" stopAfterLastEvent="true">
      <Event eventName="FilterTargetType" time="0.000" isDuration="false" guid="889e0318-5b5c-4326-b568-507a2d82d00b">
        <TemplateObject name="targetId" id="1" objectName="target" isTemp="false" refParamName="" useRefParam="false" />
        <bool name="bFilterHero" value="true" refParamName="" useRefParam="false" />
        <bool name="bFilterMonter" value="false" refParamName="" useRefParam="false" />
        <bool name="bFilterBoss" value="true" refParamName="" useRefParam="false" />
        <bool name="bFilterOrgan" value="true" refParamName="" useRefParam="false" />
        <bool name="bFilterChest" value="false" refParamName="" useRefParam="false" />
        <bool name="bFilterEye" value="false" refParamName="" useRefParam="false" />
        <bool name="bFilterPet" value="false" refParamName="" useRefParam="false" />
        <bool name="bFilterMajorMonster" value="false" refParamName="" useRefParam="false" />
        <bool name="bFilterMinorMonster" value="false" refParamName="" useRefParam="false" />
        <bool name="bFilterSoldier" value="false" refParamName="" useRefParam="false" />
        <bool name="bFilterOtherMonster" value="false" refParamName="" useRefParam="false" />
        <bool name="bFilterSameCamp" value="false" refParamName="" useRefParam="false" />
        <bool name="bFilterDiffCamp" value="false" refParamName="" useRefParam="false" />
        <bool name="bWatchingAvaild" value="false" refParamName="" useRefParam="false" />
        <bool name="bFilterCampWithTarget" value="false" refParamName="" useRefParam="false" />
        <TemplateObject name="filterObjID" id="-1" objectName="None" isTemp="false" refParamName="" useRefParam="false" />
        <bool name="bFilterSameCampWithTarget" value="false" refParamName="" useRefParam="false" />
        <bool name="bFilterDiffCampWithTarget" value="false" refParamName="" useRefParam="false" />
        <bool name="bOnlySelf" value="false" refParamName="" useRefParam="false" />
        <bool name="bOnlyHostHero" value="false" refParamName="" useRefParam="false" />
        <bool name="bImmediateRevive" value="false" refParamName="" useRefParam="false" />
        <Enum name="attackType" value="0" EnumValue="所有英雄" refParamName="" useRefParam="false" />
        <bool name="bSelectJob" value="false" refParamName="" useRefParam="false" />
        <Enum name="jobType" value="0" EnumValue="jobType_Enum_Value_0" refParamName="" useRefParam="false" />
        <bool name="bFilterGrouped" value="false" refParamName="" useRefParam="false" />
        <bool name="bFilterSelf" value="false" refParamName="" useRefParam="false" />
        <bool name="bFilterTarget" value="false" refParamName="" useRefParam="false" />
        <bool name="bInverse" value="false" refParamName="" useRefParam="false" />
        <int name="groupActorType" value="0" refParamName="" useRefParam="false" />
        <int name="groupRadius" value="10000" refParamName="" useRefParam="false" />
        <bool name="bFilterInTeam" value="false" refParamName="" useRefParam="false" />
        <int name="teamHeroID" value="0" refParamName="" useRefParam="false" />
        <bool name="bFilterDiffTeam" value="false" refParamName="" useRefParam="false" />
        <int name="diffTeamHeroID" value="0" refParamName="" useRefParam="false" />
        <bool name="bFilterMonsterType" value="false" refParamName="" useRefParam="false" />
        <int name="monsterTypeMask" value="0" refParamName="" useRefParam="false" />
        <int name="soldierTypeMask" value="0" refParamName="" useRefParam="false" />
        <String name="soliderTypeMaskStr" value="" refParamName="" useRefParam="false" />
        <bool name="bFilterSkillFunc" value="false" refParamName="" useRefParam="false" />
        <Enum name="bFilterSkillFuncType" value="0" EnumValue="物理伤害" refParamName="" useRefParam="false" />
        <bool name="bFilterLane" value="false" refParamName="" useRefParam="false" />
        <Enum name="laneType" value="0" EnumValue="laneType_Enum_Value_0" refParamName="" useRefParam="false" />
        <bool name="bFilterTargetPropertyTypeDecreased" value="false" refParamName="" useRefParam="false" />
        <Enum name="decreasedPropertyType" value="0" EnumValue="无" refParamName="" useRefParam="false" />
      </Event>
    </Track>
    <Track trackName="SetBehaviourModeTick0" eventType="SetBehaviourModeTick" guid="53e062a5-ebd1-4b49-83fe-4b2026e48ae4" enabled="true" useRefParam="false" refParamName="" r="0.000" g="0.000" b="0.000" execOnForceStopped="false" execOnActionCompleted="false" stopAfterLastEvent="true">
      <Condition id="0" guid="efdb163c-b41c-4d39-b682-49e0e463281a" status="true" />
      <Event eventName="SetBehaviourModeTick" time="0.000" isDuration="false" guid="99f27e79-453d-4163-8000-7a6c17e573b9">
        <TemplateObject name="targetId" id="1" objectName="target" isTemp="false" refParamName="" useRefParam="false" />
        <bool name="stopMove" value="true" refParamName="" useRefParam="false" />
        <bool name="clearMove" value="true" refParamName="" useRefParam="false" />
        <bool name="IsClearSkillCache" value="false" refParamName="" useRefParam="false" />
        <Enum name="eAbortLevel" value="0" EnumValue="不打断" refParamName="" useRefParam="false" />
        <bool name="stopCurSkill" value="true" refParamName="" useRefParam="false" />
        <bool name="delayStopCurSkill" value="false" refParamName="" useRefParam="false" />
        <bool name="deadControl" value="false" refParamName="" useRefParam="false" />
        <bool name="abortFilterSkill0" value="false" refParamName="" useRefParam="false" />
        <bool name="abortFilterSkill1" value="false" refParamName="" useRefParam="false" />
        <bool name="abortFilterSkill2" value="false" refParamName="" useRefParam="false" />
        <bool name="abortFilterSkill3" value="false" refParamName="" useRefParam="false" />
        <bool name="abortFilterSkill4" value="false" refParamName="" useRefParam="false" />
        <bool name="abortFilterSkill5" value="false" refParamName="" useRefParam="false" />
        <bool name="abortFilterSkill7" value="false" refParamName="" useRefParam="false" />
        <bool name="abortFilterSkill8" value="false" refParamName="" useRefParam="false" />
        <bool name="abortFilterSkill9" value="false" refParamName="" useRefParam="false" />
        <bool name="abortFilterSkill10" value="false" refParamName="" useRefParam="false" />
        <bool name="abortFilterSkill11" value="false" refParamName="" useRefParam="false" />
        <bool name="abortFilterSkill0Delay" value="false" refParamName="" useRefParam="false" />
        <bool name="abortFilterSkill1Delay" value="false" refParamName="" useRefParam="false" />
        <bool name="abortFilterSkill2Delay" value="false" refParamName="" useRefParam="false" />
        <bool name="abortFilterSkill3Delay" value="false" refParamName="" useRefParam="false" />
        <bool name="abortFilterSkill4Delay" value="false" refParamName="" useRefParam="false" />
        <bool name="abortFilterSkill5Delay" value="false" refParamName="" useRefParam="false" />
        <bool name="abortFilterSkill7Delay" value="false" refParamName="" useRefParam="false" />
        <bool name="abortFilterSkill8Delay" value="false" refParamName="" useRefParam="false" />
        <bool name="abortFilterSkill9Delay" value="false" refParamName="" useRefParam="false" />
        <bool name="abortFilterSkill10Delay" value="false" refParamName="" useRefParam="false" />
        <bool name="abortFilterSkill11Delay" value="false" refParamName="" useRefParam="false" />
        <bool name="interuptAutoAttack" value="false" refParamName="" useRefParam="false" />
      </Event>
    </Track>
    <Track trackName="CheckSkinIdVirtualTick2" eventType="CheckSkinIdVirtualTick" guid="7195de23-fec0-42f7-9965-48bd16abbd0f" enabled="true" useRefParam="false" refParamName="" r="0.000" g="0.000" b="0.000" execOnForceStopped="false" execOnActionCompleted="false" stopAfterLastEvent="true">
      <Event eventName="CheckSkinIdVirtualTick" time="0.000" isDuration="false" guid="2ae0a596-0d86-42ef-9ddc-8ebd49c73455">
        <TemplateObject name="targetId" id="0" objectName="self" isTemp="false" refParamName="" useRefParam="false" />
        <int name="skinId" value="13112" refParamName="" useRefParam="false" />
        <bool name="useNegateValue" value="false" refParamName="" useRefParam="false" />
        <Array name="skinIdArray" refParamName="" useRefParam="false" type="int" />
      </Event>
    </Track>
    <Track trackName="TriggerParticleTick0" eventType="TriggerParticleTick" guid="a66c0c5d-659b-4258-b6f7-6630f5046041" enabled="true" useRefParam="false" refParamName="" r="0.000" g="0.000" b="0.000" execOnForceStopped="false" execOnActionCompleted="false" stopAfterLastEvent="true">
      <Condition id="2" guid="7195de23-fec0-42f7-9965-48bd16abbd0f" status="false" />
      <Event eventName="TriggerParticleTick" time="0.000" isDuration="false" guid="a723dec8-e576-413a-9edb-c1ee8aa39a3b">
        <TemplateObject name="targetId" id="1" objectName="target" isTemp="false" refParamName="" useRefParam="false" />
        <TemplateObject name="objectSpaceId" id="1" objectName="target" isTemp="false" refParamName="" useRefParam="false" />
        <bool name="bForceShowParticle" value="false" refParamName="" useRefParam="false" />
        <uint name="RefLiteBulletID" value="0" refParamName="" useRefParam="false" />
        <bool name="bDonotAttackToMesh" value="false" refParamName="" useRefParam="false" />
        <String name="parentResourceName" value="" refParamName="" useRefParam="false" />
        <String name="resourceName" value="prefab_skill_effects/hero_skill_effects/131_libai/libai_hurt_01" refParamName="" useRefParam="false" />
        <String name="resourceName2" value="" refParamName="" useRefParam="false" />
        <String name="resourceName3" value="" refParamName="" useRefParam="false" />
        <int name="resConfigId1" value="0" refParamName="" useRefParam="false" />
        <int name="resConfigId2" value="0" refParamName="" useRefParam="false" />
        <int name="resConfigId3" value="0" refParamName="" useRefParam="false" />
        <float name="lifeTime" value="1.000" refParamName="" useRefParam="false" />
        <String name="bindPointName" value="" refParamName="" useRefParam="false" />
        <bool name="dontShowIfNoBindPoint" value="false" refParamName="" useRefParam="false" />
        <Vector3 name="bindPosOffset" x="0.000" y="1.000" z="0.000" refParamName="" useRefParam="false" />
        <bool name="bIsBindPosYRelateBeHitHeight" value="false" refParamName="" useRefParam="false" />
        <EulerAngle name="bindRotOffset" x="0.000" y="0.000" z="0.000" refParamName="" useRefParam="false" />
        <Vector3 name="scaling" x="1.000" y="1.000" z="1.000" refParamName="" useRefParam="false" />
        <bool name="useScalingInt" value="false" refParamName="" useRefParam="false" />
        <Vector3i name="scalingInt" x="10000" y="10000" z="10000" refParamName="" useRefParam="false" />
        <bool name="bUseRealScaling" value="false" refParamName="" useRefParam="false" />
        <bool name="bOnlyScaleRoot" value="false" refParamName="" useRefParam="false" />
        <bool name="bEnableOptCull" value="true" refParamName="" useRefParam="false" />
        <bool name="bBullerPosDir" value="false" refParamName="" useRefParam="false" />
        <bool name="bUseHeroLocalForward" value="false" refParamName="" useRefParam="false" />
        <TemplateObject name="lookTargetId" id="-1" objectName="None" isTemp="false" refParamName="" useRefParam="false" />
        <bool name="applyActionSpeedToParticle" value="true" refParamName="" useRefParam="false" />
        <bool name="applyActionSpeedToAnimation" value="true" refParamName="" useRefParam="false" />
        <int name="extend" value="10" refParamName="" useRefParam="false" />
        <bool name="bOnlyFollowPos" value="false" refParamName="" useRefParam="false" />
        <bool name="b1stTickParentRot" value="false" refParamName="" useRefParam="false" />
        <bool name="bRotateFollowCamera" value="false" refParamName="" useRefParam="false" />
        <bool name="bRandomRotation" value="false" refParamName="" useRefParam="false" />
        <EulerAngle name="randRotBegin" x="0.000" y="0.000" z="0.000" refParamName="" useRefParam="false" />
        <EulerAngle name="randRotEnd" x="0.000" y="0.000" z="0.000" refParamName="" useRefParam="false" />
        <bool name="bUseTargetSkinEffect" value="false" refParamName="" useRefParam="false" />
        <bool name="bBulletPos" value="false" refParamName="" useRefParam="false" />
        <bool name="bBulletDir" value="false" refParamName="" useRefParam="false" />
        <int name="particleScaleGrow" value="0" refParamName="" useRefParam="false" />
        <Enum name="ReplacementUsage" value="0" EnumValue="无" refParamName="" useRefParam="false" />
        <Enum name="ReplacementSubUsage" value="0" EnumValue="无" refParamName="" useRefParam="false" />
        <bool name="bNoDynamicLod" value="false" refParamName="" useRefParam="false" />
        <bool name="bMeshResouce" value="false" refParamName="" useRefParam="false" />
        <bool name="bAllowEmptyEffect" value="false" refParamName="" useRefParam="false" />
        <bool name="bActionCtrlObjs" value="false" refParamName="" useRefParam="false" />
        <bool name="bInvisibleSelf" value="false" refParamName="" useRefParam="false" />
        <bool name="bInvisibleEnemy" value="false" refParamName="" useRefParam="false" />
        <bool name="bInvisibleTeamNotSelf" value="false" refParamName="" useRefParam="false" />
        <bool name="bReverseXWhenCameraMirro" value="false" refParamName="" useRefParam="false" />
        <bool name="bNewbieCombatSkillGuideOnly" value="false" refParamName="" useRefParam="false" />
        <bool name="bUseMasterSkinId" value="false" refParamName="" useRefParam="false" />
        <bool name="bForceIngoreCull" value="false" refParamName="" useRefParam="false" />
        <bool name="bRevertZIn5v5" value="false" refParamName="" useRefParam="false" />
        <bool name="bAttachToParentWhenBindPointNameIsNull" value="false" refParamName="" useRefParam="false" />
      </Event>
    </Track>
    <Track trackName="TriggerParticleTick0" eventType="TriggerParticleTick" guid="42f54ad0-6326-4d5b-96be-128592f0f738" enabled="true" useRefParam="false" refParamName="" r="0.000" g="0.000" b="0.000" execOnForceStopped="false" execOnActionCompleted="false" stopAfterLastEvent="true">
      <Condition id="2" guid="7195de23-fec0-42f7-9965-48bd16abbd0f" status="true" />
      <Event eventName="TriggerParticleTick" time="0.000" isDuration="false" guid="f034297e-dc46-4caf-9ee1-573160580289">
        <TemplateObject name="targetId" id="1" objectName="target" isTemp="false" refParamName="" useRefParam="false" />
        <TemplateObject name="objectSpaceId" id="1" objectName="target" isTemp="false" refParamName="" useRefParam="false" />
        <bool name="bForceShowParticle" value="false" refParamName="" useRefParam="false" />
        <uint name="RefLiteBulletID" value="0" refParamName="" useRefParam="false" />
        <bool name="bDonotAttackToMesh" value="false" refParamName="" useRefParam="false" />
        <String name="parentResourceName" value="" refParamName="" useRefParam="false" />
        <String name="resourceName" value="prefab_skill_effects/hero_skill_effects/131_libai/libai_hurt_02" refParamName="" useRefParam="false" />
        <String name="resourceName2" value="" refParamName="" useRefParam="false" />
        <String name="resourceName3" value="" refParamName="" useRefParam="false" />
        <int name="resConfigId1" value="0" refParamName="" useRefParam="false" />
        <int name="resConfigId2" value="0" refParamName="" useRefParam="false" />
        <int name="resConfigId3" value="0" refParamName="" useRefParam="false" />
        <float name="lifeTime" value="1.000" refParamName="" useRefParam="false" />
        <String name="bindPointName" value="" refParamName="" useRefParam="false" />
        <bool name="dontShowIfNoBindPoint" value="false" refParamName="" useRefParam="false" />
        <Vector3 name="bindPosOffset" x="0.000" y="1.000" z="0.000" refParamName="" useRefParam="false" />
        <bool name="bIsBindPosYRelateBeHitHeight" value="false" refParamName="" useRefParam="false" />
        <EulerAngle name="bindRotOffset" x="0.000" y="0.000" z="0.000" refParamName="" useRefParam="false" />
        <Vector3 name="scaling" x="1.000" y="1.000" z="1.000" refParamName="" useRefParam="false" />
        <bool name="useScalingInt" value="false" refParamName="" useRefParam="false" />
        <Vector3i name="scalingInt" x="10000" y="10000" z="10000" refParamName="" useRefParam="false" />
        <bool name="bUseRealScaling" value="false" refParamName="" useRefParam="false" />
        <bool name="bOnlyScaleRoot" value="false" refParamName="" useRefParam="false" />
        <bool name="bEnableOptCull" value="true" refParamName="" useRefParam="false" />
        <bool name="bBullerPosDir" value="false" refParamName="" useRefParam="false" />
        <bool name="bUseHeroLocalForward" value="false" refParamName="" useRefParam="false" />
        <TemplateObject name="lookTargetId" id="-1" objectName="None" isTemp="false" refParamName="" useRefParam="false" />
        <bool name="applyActionSpeedToParticle" value="true" refParamName="" useRefParam="false" />
        <bool name="applyActionSpeedToAnimation" value="true" refParamName="" useRefParam="false" />
        <int name="extend" value="10" refParamName="" useRefParam="false" />
        <bool name="bOnlyFollowPos" value="false" refParamName="" useRefParam="false" />
        <bool name="b1stTickParentRot" value="false" refParamName="" useRefParam="false" />
        <bool name="bRotateFollowCamera" value="false" refParamName="" useRefParam="false" />
        <bool name="bRandomRotation" value="false" refParamName="" useRefParam="false" />
        <EulerAngle name="randRotBegin" x="0.000" y="0.000" z="0.000" refParamName="" useRefParam="false" />
        <EulerAngle name="randRotEnd" x="0.000" y="0.000" z="0.000" refParamName="" useRefParam="false" />
        <bool name="bUseTargetSkinEffect" value="false" refParamName="" useRefParam="false" />
        <bool name="bBulletPos" value="false" refParamName="" useRefParam="false" />
        <bool name="bBulletDir" value="false" refParamName="" useRefParam="false" />
        <int name="particleScaleGrow" value="0" refParamName="" useRefParam="false" />
        <Enum name="ReplacementUsage" value="0" EnumValue="无" refParamName="" useRefParam="false" />
        <Enum name="ReplacementSubUsage" value="0" EnumValue="无" refParamName="" useRefParam="false" />
        <bool name="bNoDynamicLod" value="false" refParamName="" useRefParam="false" />
        <bool name="bMeshResouce" value="false" refParamName="" useRefParam="false" />
        <bool name="bAllowEmptyEffect" value="false" refParamName="" useRefParam="false" />
        <bool name="bActionCtrlObjs" value="false" refParamName="" useRefParam="false" />
        <bool name="bInvisibleSelf" value="false" refParamName="" useRefParam="false" />
        <bool name="bInvisibleEnemy" value="false" refParamName="" useRefParam="false" />
        <bool name="bInvisibleTeamNotSelf" value="false" refParamName="" useRefParam="false" />
        <bool name="bReverseXWhenCameraMirro" value="false" refParamName="" useRefParam="false" />
        <bool name="bNewbieCombatSkillGuideOnly" value="false" refParamName="" useRefParam="false" />
        <bool name="bUseMasterSkinId" value="false" refParamName="" useRefParam="false" />
        <bool name="bForceIngoreCull" value="false" refParamName="" useRefParam="false" />
        <bool name="bRevertZIn5v5" value="false" refParamName="" useRefParam="false" />
        <bool name="bAttachToParentWhenBindPointNameIsNull" value="false" refParamName="" useRefParam="false" />
      </Event>
    </Track>
    <Track trackName="13118" eventType="CheckSkinIdVirtualTick" guid="ad2845f0-d1da-4959-989f-4bd640bafcb9" enabled="true" useRefParam="false" refParamName="" r="0.000" g="0.000" b="0.000" execOnForceStopped="false" execOnActionCompleted="false" stopAfterLastEvent="true">
      <Event eventName="CheckSkinIdVirtualTick" time="0.000" isDuration="false" guid="269c59d1-665a-4375-b775-8c35959db204">
        <TemplateObject name="targetId" id="0" objectName="self" isTemp="false" refParamName="" useRefParam="false" />
        <int name="skinId" value="13198" refParamName="" useRefParam="false" />
        <bool name="useNegateValue" value="true" refParamName="" useRefParam="false" />
        <Array name="skinIdArray" refParamName="" useRefParam="false" type="int" />
      </Event>
    </Track>
    <Track trackName="TriggerParticleTick0" eventType="TriggerParticleTick" guid="c4ba6982-b03c-4896-b8dd-a1ea2e770779" enabled="true" useRefParam="false" refParamName="" r="0.000" g="0.000" b="0.000" execOnForceStopped="false" execOnActionCompleted="false" stopAfterLastEvent="true">
      <Condition id="5" guid="ad2845f0-d1da-4959-989f-4bd640bafcb9" status="true" />
      <Event eventName="TriggerParticleTick" time="0.000" isDuration="false" guid="fa4ac2bc-27b8-419a-b01d-7e0aa49532a4">
        <TemplateObject name="targetId" id="1" objectName="target" isTemp="false" refParamName="" useRefParam="false" />
        <TemplateObject name="objectSpaceId" id="1" objectName="target" isTemp="false" refParamName="" useRefParam="false" />
        <bool name="bForceShowParticle" value="false" refParamName="" useRefParam="false" />
        <uint name="RefLiteBulletID" value="0" refParamName="" useRefParam="false" />
        <bool name="bDonotAttackToMesh" value="false" refParamName="" useRefParam="false" />
        <String name="parentResourceName" value="" refParamName="" useRefParam="false" />
        <String name="resourceName" value="prefab_skill_effects/hero_skill_effects/131_libai/libai_hurt_01" refParamName="" useRefParam="false" />
        <String name="resourceName2" value="" refParamName="" useRefParam="false" />
        <String name="resourceName3" value="" refParamName="" useRefParam="false" />
        <int name="resConfigId1" value="0" refParamName="" useRefParam="false" />
        <int name="resConfigId2" value="0" refParamName="" useRefParam="false" />
        <int name="resConfigId3" value="0" refParamName="" useRefParam="false" />
        <float name="lifeTime" value="1.000" refParamName="" useRefParam="false" />
        <String name="bindPointName" value="" refParamName="" useRefParam="false" />
        <bool name="dontShowIfNoBindPoint" value="false" refParamName="" useRefParam="false" />
        <Vector3 name="bindPosOffset" x="0.000" y="1.000" z="0.000" refParamName="" useRefParam="false" />
        <bool name="bIsBindPosYRelateBeHitHeight" value="false" refParamName="" useRefParam="false" />
        <EulerAngle name="bindRotOffset" x="0.000" y="0.000" z="0.000" refParamName="" useRefParam="false" />
        <Vector3 name="scaling" x="1.000" y="1.000" z="1.000" refParamName="" useRefParam="false" />
        <bool name="useScalingInt" value="false" refParamName="" useRefParam="false" />
        <Vector3i name="scalingInt" x="10000" y="10000" z="10000" refParamName="" useRefParam="false" />
        <bool name="bUseRealScaling" value="false" refParamName="" useRefParam="false" />
        <bool name="bOnlyScaleRoot" value="false" refParamName="" useRefParam="false" />
        <bool name="bEnableOptCull" value="true" refParamName="" useRefParam="false" />
        <bool name="bBullerPosDir" value="false" refParamName="" useRefParam="false" />
        <bool name="bUseHeroLocalForward" value="false" refParamName="" useRefParam="false" />
        <TemplateObject name="lookTargetId" id="-1" objectName="None" isTemp="false" refParamName="" useRefParam="false" />
        <bool name="applyActionSpeedToParticle" value="true" refParamName="" useRefParam="false" />
        <bool name="applyActionSpeedToAnimation" value="true" refParamName="" useRefParam="false" />
        <int name="extend" value="10" refParamName="" useRefParam="false" />
        <bool name="bOnlyFollowPos" value="false" refParamName="" useRefParam="false" />
        <bool name="b1stTickParentRot" value="false" refParamName="" useRefParam="false" />
        <bool name="bRotateFollowCamera" value="false" refParamName="" useRefParam="false" />
        <bool name="bRandomRotation" value="false" refParamName="" useRefParam="false" />
        <EulerAngle name="randRotBegin" x="0.000" y="0.000" z="0.000" refParamName="" useRefParam="false" />
        <EulerAngle name="randRotEnd" x="0.000" y="0.000" z="0.000" refParamName="" useRefParam="false" />
        <bool name="bUseTargetSkinEffect" value="false" refParamName="" useRefParam="false" />
        <bool name="bBulletPos" value="false" refParamName="" useRefParam="false" />
        <bool name="bBulletDir" value="false" refParamName="" useRefParam="false" />
        <int name="particleScaleGrow" value="0" refParamName="" useRefParam="false" />
        <Enum name="ReplacementUsage" value="0" EnumValue="无" refParamName="" useRefParam="false" />
        <Enum name="ReplacementSubUsage" value="0" EnumValue="无" refParamName="" useRefParam="false" />
        <bool name="bNoDynamicLod" value="false" refParamName="" useRefParam="false" />
        <bool name="bMeshResouce" value="false" refParamName="" useRefParam="false" />
        <bool name="bAllowEmptyEffect" value="false" refParamName="" useRefParam="false" />
        <bool name="bActionCtrlObjs" value="false" refParamName="" useRefParam="false" />
        <bool name="bInvisibleSelf" value="false" refParamName="" useRefParam="false" />
        <bool name="bInvisibleEnemy" value="false" refParamName="" useRefParam="false" />
        <bool name="bInvisibleTeamNotSelf" value="false" refParamName="" useRefParam="false" />
        <bool name="bReverseXWhenCameraMirro" value="false" refParamName="" useRefParam="false" />
        <bool name="bNewbieCombatSkillGuideOnly" value="false" refParamName="" useRefParam="false" />
        <bool name="bUseMasterSkinId" value="false" refParamName="" useRefParam="false" />
        <bool name="bForceIngoreCull" value="false" refParamName="" useRefParam="false" />
        <bool name="bRevertZIn5v5" value="false" refParamName="" useRefParam="false" />
        <bool name="bAttachToParentWhenBindPointNameIsNull" value="false" refParamName="" useRefParam="false" />
      </Event>
    </Track>
    <Track trackName="SkillFuncInstant0" eventType="SkillFuncInstant" guid="8d09eb2f-50ed-4358-a741-27ca7e1a94dd" enabled="true" useRefParam="false" refParamName="" r="0.000" g="0.000" b="0.000" execOnForceStopped="false" execOnActionCompleted="false" stopAfterLastEvent="true">
      <Event eventName="SkillFuncInstant" time="0.000" isDuration="false" guid="4bcf67c3-ab59-4a4e-b094-9ae85e3141e6">
        <Enum name="SkillFuncType" value="0" EnumValue="物理伤害" refParamName="" useRefParam="false" />
        <bool name="bIsOverrideParamsFromXls" value="false" refParamName="" useRefParam="false" />
        <int name="OverrideParam1" value="0" refParamName="" useRefParam="false" />
        <int name="OverrideParam2" value="0" refParamName="" useRefParam="false" />
        <int name="OverrideParam3" value="0" refParamName="" useRefParam="false" />
        <int name="OverrideParam4" value="0" refParamName="" useRefParam="false" />
        <int name="OverrideParam5" value="0" refParamName="" useRefParam="false" />
        <bool name="bImmediateExec" value="false" refParamName="" useRefParam="false" />
      </Event>
    </Track>
    <Track trackName="ForbidAbilityDuration12" eventType="ForbidAbilityDuration" guid="ae7adc4b-a73f-4229-a4f1-dd860c67f460" enabled="true" useRefParam="false" refParamName="" r="0.000" g="0.000" b="0.000" execOnForceStopped="false" execOnActionCompleted="false" stopAfterLastEvent="true">
      <Condition id="0" guid="efdb163c-b41c-4d39-b682-49e0e463281a" status="true" />
      <Event eventName="ForbidAbilityDuration" time="0.000" length="0.500" isDuration="true" guid="39d91be9-f776-4c2a-a9b1-4c793334bff7">
        <TemplateObject name="attackerId" id="1" objectName="target" isTemp="false" refParamName="" useRefParam="false" />
        <bool name="forbidMove" value="true" refParamName="" useRefParam="false" />
        <bool name="forbidSkill" value="true" refParamName="" useRefParam="false" />
        <bool name="forceForbidding" value="false" refParamName="" useRefParam="false" />
        <bool name="forbidSkillAndHideBtn" value="false" refParamName="" useRefParam="false" />
        <Enum name="forbidSkillType" value="0" EnumValue="程序判断age来源" refParamName="" useRefParam="false" />
        <bool name="forbidFilterSkill0" value="false" refParamName="" useRefParam="false" />
        <bool name="forbidFilterSkill1" value="false" refParamName="" useRefParam="false" />
        <bool name="forbidFilterSkill2" value="false" refParamName="" useRefParam="false" />
        <bool name="forbidFilterSkill3" value="false" refParamName="" useRefParam="false" />
        <bool name="forbidFilterSkill4" value="false" refParamName="" useRefParam="false" />
        <bool name="forbidFilterSkill5" value="false" refParamName="" useRefParam="false" />
        <bool name="forbidFilterSkill6" value="false" refParamName="" useRefParam="false" />
        <bool name="forbidFilterSkill7" value="false" refParamName="" useRefParam="false" />
        <bool name="forbidFilterSkill8" value="false" refParamName="" useRefParam="false" />
        <bool name="forbidFilterSkill9" value="false" refParamName="" useRefParam="false" />
        <bool name="forbidFilterSkill10" value="false" refParamName="" useRefParam="false" />
        <bool name="forbidFilterSkill11" value="false" refParamName="" useRefParam="false" />
        <bool name="forbidFilterSkill12" value="false" refParamName="" useRefParam="false" />
        <bool name="forbidFilterSummonerSkill" value="false" refParamName="" useRefParam="false" />
        <bool name="forbidFilterMapSkill" value="false" refParamName="" useRefParam="false" />
        <bool name="forbidFilterEquipActiveSkill" value="false" refParamName="" useRefParam="false" />
        <bool name="forbidFilterActiveSkill" value="false" refParamName="" useRefParam="false" />
        <bool name="forbidFilterCallBoss" value="false" refParamName="" useRefParam="false" />
        <bool name="forbidFilterExtraBtnSlot1" value="false" refParamName="" useRefParam="false" />
        <bool name="forbidSkillAbort" value="true" refParamName="" useRefParam="false" />
        <bool name="abortFilterSkill0" value="false" refParamName="" useRefParam="false" />
        <bool name="abortFilterSkill1" value="false" refParamName="" useRefParam="false" />
        <bool name="abortFilterSkill2" value="false" refParamName="" useRefParam="false" />
        <bool name="abortFilterSkill3" value="false" refParamName="" useRefParam="false" />
        <bool name="abortFilterSkill4" value="false" refParamName="" useRefParam="false" />
        <bool name="abortFilterSkill5" value="false" refParamName="" useRefParam="false" />
        <bool name="abortFilterSkill7" value="false" refParamName="" useRefParam="false" />
        <bool name="abortFilterSkill8" value="false" refParamName="" useRefParam="false" />
        <bool name="abortFilterSkill9" value="false" refParamName="" useRefParam="false" />
        <bool name="abortFilterSkill10" value="false" refParamName="" useRefParam="false" />
        <bool name="abortFilterSkill11" value="false" refParamName="" useRefParam="false" />
        <bool name="abortFilterMove" value="false" refParamName="" useRefParam="false" />
        <bool name="ingoreOnceMoveCmd" value="false" refParamName="" useRefParam="false" />
        <bool name="abortFilterDamage" value="false" refParamName="" useRefParam="false" />
        <bool name="forbidMoveRotate" value="true" refParamName="" useRefParam="false" />
        <Enum name="protectAbortLevel" value="0" EnumValue="不保护" refParamName="" useRefParam="false" />
        <bool name="delaySkillAbort" value="false" refParamName="" useRefParam="false" />
        <bool name="dontDoDelayAbortWhenLeave" value="false" refParamName="" useRefParam="false" />
        <bool name="ImmuneNegative" value="false" refParamName="" useRefParam="false" />
        <bool name="ImmuneControl" value="false" refParamName="" useRefParam="false" />
        <bool name="forbidEnergyRecover" value="false" refParamName="" useRefParam="false" />
        <bool name="MoveIgnoreObstructArea" value="false" refParamName="" useRefParam="false" />
        <bool name="forbidCollisionDetection" value="false" refParamName="" useRefParam="false" />
        <bool name="ImmuneSkillSelect" value="false" refParamName="" useRefParam="false" />
        <bool name="bReplaceHPBarImmuneSelect" value="false" refParamName="" useRefParam="false" />
        <bool name="bForceClearSkillIndicator" value="false" refParamName="" useRefParam="false" />
        <bool name="beRepressed" value="false" refParamName="" useRefParam="false" />
        <bool name="BeCopyActorCanMove" value="false" refParamName="" useRefParam="false" />
      </Event>
    </Track>
    <Track trackName="PlayAnimDuration0" eventType="PlayAnimDuration" guid="4abae504-d3a2-4370-a0a8-255fde6c84d5" enabled="true" useRefParam="false" refParamName="" r="0.000" g="0.000" b="0.000" execOnForceStopped="false" execOnActionCompleted="false" stopAfterLastEvent="true">
      <Condition id="0" guid="efdb163c-b41c-4d39-b682-49e0e463281a" status="true" />
      <Event eventName="PlayAnimDuration" time="0.000" length="0.500" isDuration="true" guid="a33e875b-8a97-4236-bf2d-57738ac4b203">
        <TemplateObject name="targetId" id="1" objectName="target" isTemp="false" refParamName="" useRefParam="false" />
        <String name="clipName" value="Hit" refParamName="" useRefParam="false" />
        <bool name="bDontReplaceSameAnim" value="false" refParamName="" useRefParam="false" />
        <int name="layer" value="1" refParamName="" useRefParam="false" />
        <int name="subLayer" value="0" refParamName="" useRefParam="false" />
        <int name="animatorOverrideLayer" value="-1" refParamName="" useRefParam="false" />
        <bool name="bLoop" value="false" refParamName="" useRefParam="false" />
        <float name="crossFadeTime" value="0.100" refParamName="" useRefParam="false" />
        <bool name="bUseFadeOutTime" value="false" refParamName="" useRefParam="false" />
        <float name="fadeOutTime" value="0.000" refParamName="" useRefParam="false" />
        <float name="startTime" value="0.000" refParamName="" useRefParam="false" />
        <float name="endTime" value="99999.000" refParamName="" useRefParam="false" />
        <bool name="applyActionSpeed" value="false" refParamName="" useRefParam="false" />
        <bool name="alwaysAnimate" value="false" refParamName="" useRefParam="false" />
        <bool name="multiDirectRunMode" value="false" refParamName="" useRefParam="false" />
        <bool name="bKeepOldSpeed" value="false" refParamName="" useRefParam="false" />
        <bool name="bCanNotBeCulled" value="false" refParamName="" useRefParam="false" />
        <String name="beginClipName" value="" refParamName="" useRefParam="false" />
        <bool name="bPlayBeginClipName" value="false" refParamName="" useRefParam="false" />
        <String name="endClipName" value="" refParamName="" useRefParam="false" />
        <bool name="bPlayEndClipName" value="false" refParamName="" useRefParam="false" />
        <bool name="bForcePlay" value="false" refParamName="" useRefParam="false" />
        <float name="animSpeedRate" value="1.000" refParamName="" useRefParam="false" />
        <bool name="bMoveSpell" value="false" refParamName="" useRefParam="false" />
      </Event>
    </Track>
    <Track trackName="SkillFuncInstant1" eventType="SkillFuncInstant" guid="295988f5-4459-427a-b7a3-189ed37e776e" enabled="true" useRefParam="false" refParamName="" r="0.000" g="0.000" b="0.000" execOnForceStopped="false" execOnActionCompleted="false" stopAfterLastEvent="true">
      <Event eventName="SkillFuncInstant" time="0.000" isDuration="false" guid="63433570-b935-42bc-9b55-084f1036311a">
        <Enum name="SkillFuncType" value="29" EnumValue="触发技能印记" refParamName="" useRefParam="false" />
        <bool name="bIsOverrideParamsFromXls" value="false" refParamName="" useRefParam="false" />
        <int name="OverrideParam1" value="0" refParamName="" useRefParam="false" />
        <int name="OverrideParam2" value="0" refParamName="" useRefParam="false" />
        <int name="OverrideParam3" value="0" refParamName="" useRefParam="false" />
        <int name="OverrideParam4" value="0" refParamName="" useRefParam="false" />
        <int name="OverrideParam5" value="0" refParamName="" useRefParam="false" />
        <bool name="bImmediateExec" value="false" refParamName="" useRefParam="false" />
      </Event>
    </Track>
    <Track trackName="PlayHeroSoundTick24" eventType="PlayHeroSoundTick" guid="69f8d293-6325-4b09-97ee-93618712f665" enabled="true" useRefParam="false" refParamName="" r="0.000" g="0.000" b="0.000" execOnForceStopped="false" execOnActionCompleted="false" stopAfterLastEvent="true">
      <Event eventName="PlayHeroSoundTick" time="0.000" isDuration="false" guid="833b6176-251d-4ad4-ae66-3ae385f6922d">
        <TemplateObject name="targetId" id="1" objectName="target" isTemp="false" refParamName="" useRefParam="false" />
        <TemplateObject name="sourceId" id="0" objectName="self" isTemp="false" refParamName="" useRefParam="false" />
        <String name="eventName" value="Play_131_Morad_Skill_B_Hit" refParamName="" useRefParam="false" />
        <bool name="use1P3PSwitch" value="true" refParamName="" useRefParam="false" />
        <bool name="useSkinSwitch" value="true" refParamName="" useRefParam="false" />
        <Array name="extraSkinId" refParamName="" useRefParam="false" type="uint">
          <uint value="11" />
        </Array>
        <bool name="canNotBeCulled" value="false" refParamName="" useRefParam="false" />
        <bool name="useBaseHorizon" value="false" refParamName="" useRefParam="false" />
        <bool name="bUseCopyedOutActors" value="false" refParamName="" useRefParam="false" />
      </Event>
    </Track>
  </Action>
</Project>