﻿<?xml version="1.0" encoding="utf-8"?>
<Project>
  <TemplateObjectList>
    <TemplateObject id="0" objectName="self" isTemp="false" />
    <TemplateObject id="1" objectName="target" isTemp="false" />
    <TemplateObject id="2" objectName="bullet" isTemp="true" />
  </TemplateObjectList>
  <RefParamList>
    <Vector3i name="_BulletDir" x="0" y="0" z="0" refParamName="" useRefParam="false" />
  </RefParamList>
  <Action tag="" length="2.000" loop="false">
    <Track trackName="SkillFuncDuration0" eventType="SkillFuncDuration" guid="81c020e6-6d2c-467a-b120-85352f6e62d8" enabled="true" useRefParam="false" refParamName="" r="0.000" g="0.000" b="0.000" execOnForceStopped="false" execOnActionCompleted="false" stopAfterLastEvent="true" lod="0">
      <Event eventName="SkillFuncDuration" time="0.000" length="2.000" isDuration="true" guid="d7d0a6d8-5513-420f-a03d-a61548c14eae">
        <Enum name="SkillFuncType" value="7" EnumValue="减少移动速度" refParamName="" useRefParam="false" />
        <bool name="bIsOverrideParamsFromXls" value="false" refParamName="" useRefParam="false" />
        <int name="OverrideParam1" value="0" refParamName="" useRefParam="false" />
        <int name="OverrideParam2" value="0" refParamName="" useRefParam="false" />
        <int name="OverrideParam3" value="0" refParamName="" useRefParam="false" />
        <int name="OverrideParam4" value="0" refParamName="" useRefParam="false" />
        <int name="OverrideParam5" value="0" refParamName="" useRefParam="false" />
        <Enum name="EarningsSource" value="6" EnumValue="技能AGE" refParamName="" useRefParam="false" />
        <bool name="bAffectedByDis" value="false" refParamName="" useRefParam="false" />
        <bool name="bReverse" value="false" refParamName="" useRefParam="false" />
        <bool name="bTargetChangedToOriginator" value="false" refParamName="" useRefParam="false" />
        <int name="processDeltaFrame" value="10" refParamName="" useRefParam="false" />
        <int name="maxValidDistance" value="0" refParamName="" useRefParam="false" />
        <int name="minValidDistance" value="0" refParamName="" useRefParam="false" />
        <int name="minEffectValue" value="0" refParamName="" useRefParam="false" />
        <int name="maxEffectValue" value="0" refParamName="" useRefParam="false" />
        <bool name="bImmediateExec" value="false" refParamName="" useRefParam="false" />
        <bool name="OriginatorUseSrcActor" value="false" refParamName="" useRefParam="false" />
        <int name="effectParamIndex" value="-1" refParamName="" useRefParam="false" />
      </Event>
    </Track>
    <Track trackName="TriggerParticle0" eventType="TriggerParticle" guid="29d743c8-b033-4ed7-8c01-b5fcb16cf89e" enabled="true" useRefParam="false" refParamName="" r="0.000" g="0.000" b="0.000" execOnForceStopped="false" execOnActionCompleted="false" stopAfterLastEvent="true">
      <Event eventName="TriggerParticle" time="0.000" length="2.000" isDuration="true" guid="b07dc35c-62b6-4180-b3ff-025427ea2897">
        <TemplateObject name="targetId" id="1" objectName="target" isTemp="false" refParamName="" useRefParam="false" />
        <TemplateObject name="objectSpaceId" id="-1" objectName="None" isTemp="false" refParamName="" useRefParam="false" />
        <uint name="RefLiteBulletID" value="0" refParamName="" useRefParam="false" />
        <bool name="bChooseResourceNameByCamp" value="false" refParamName="" useRefParam="false" />
        <String name="parentResourceName" value="" refParamName="" useRefParam="false" />
        <String name="resourceName" value="Prefab_Skill_Effects/tongyong_effects/Zhuangbei/jiansu_tongyong_qiang" refParamName="" useRefParam="false" />
        <String name="resourceName2" value="" refParamName="" useRefParam="false" />
        <String name="resourceName3" value="" refParamName="" useRefParam="false" />
        <int name="resConfigId1" value="0" refParamName="" useRefParam="false" />
        <int name="resConfigId2" value="0" refParamName="" useRefParam="false" />
        <int name="resConfigId3" value="0" refParamName="" useRefParam="false" />
        <String name="bindPointName" value="" refParamName="" useRefParam="false" />
        <bool name="dontShowIfNoBindPoint" value="false" refParamName="" useRefParam="false" />
        <Vector3 name="bindPosOffset" x="0.000" y="0.000" z="0.000" refParamName="" useRefParam="false" />
        <bool name="bIngoreCameraMirrorPosOffset" value="false" refParamName="" useRefParam="false" />
        <bool name="bIsBindPosYRelateBeHitHeight" value="false" refParamName="" useRefParam="false" />
        <bool name="bBindPosOffsetInWorldSpace" value="false" refParamName="" useRefParam="false" />
        <EulerAngle name="bindRotOffset" x="0.000" y="0.000" z="0.000" refParamName="" useRefParam="false" />
        <Vector3 name="scaling" x="1.000" y="1.000" z="1.000" refParamName="" useRefParam="false" />
        <bool name="useScalingInt" value="false" refParamName="" useRefParam="false" />
        <Vector3i name="scalingInt" x="10000" y="10000" z="10000" refParamName="" useRefParam="false" />
        <bool name="bUseRealScaling" value="true" refParamName="" useRefParam="false" />
        <bool name="bOnlyScaleRoot" value="false" refParamName="" useRefParam="false" />
        <bool name="bEnableOptCull" value="true" refParamName="" useRefParam="false" />
        <bool name="bHeroEffect" value="false" refParamName="" useRefParam="false" />
        <bool name="bBullerPosDir" value="false" refParamName="" useRefParam="false" />
        <TemplateObject name="lookTargetId" id="-1" objectName="None" isTemp="false" refParamName="" useRefParam="false" />
        <bool name="bAlwaysLookTarget" value="false" refParamName="" useRefParam="false" />
        <bool name="bDontUpdateWhenNear" value="false" refParamName="" useRefParam="false" />
        <bool name="bLookTarget" value="false" refParamName="" useRefParam="false" />
        <bool name="applyActionSpeedToParticle" value="true" refParamName="" useRefParam="false" />
        <bool name="applyActionSpeedToAnimation" value="false" refParamName="" useRefParam="false" />
        <int name="extend" value="10" refParamName="" useRefParam="false" />
        <bool name="bOnlyFollowPos" value="false" refParamName="" useRefParam="false" />
        <bool name="b1stTickParentRot" value="false" refParamName="" useRefParam="false" />
        <bool name="bHideWhenDead" value="true" refParamName="" useRefParam="false" />
        <bool name="bIgnoreWhenHideModel" value="false" refParamName="" useRefParam="false" />
        <bool name="bRotateFollowCamera" value="false" refParamName="" useRefParam="false" />
        <bool name="bUse3DUICamera" value="false" refParamName="" useRefParam="false" />
        <bool name="bUseTargetSkinEffect" value="false" refParamName="" useRefParam="false" />
        <bool name="bReplayWhenChangeMesh" value="false" refParamName="" useRefParam="false" />
        <bool name="bTrailProtect" value="false" refParamName="" useRefParam="false" />
        <bool name="bUseClearTrailProtect" value="false" refParamName="" useRefParam="false" />
        <bool name="bKeepChildScale" value="false" refParamName="" useRefParam="false" />
        <int name="iDelayDisappearTime" value="0" refParamName="" useRefParam="false" />
        <bool name="bBulletPos" value="false" refParamName="" useRefParam="false" />
        <bool name="bBulletDir" value="false" refParamName="" useRefParam="false" />
        <int name="particleScaleGrow" value="0" refParamName="" useRefParam="false" />
        <bool name="enableMaxFollowTime" value="false" refParamName="" useRefParam="false" />
        <float name="maxFollowTime" value="0.000" refParamName="" useRefParam="false" />
        <bool name="bindOnHUD" value="false" refParamName="" useRefParam="false" />
        <Enum name="showInStatus" value="0" EnumValue="任意状态" refParamName="" useRefParam="false" />
        <bool name="bExcludeSpecialActor" value="true" refParamName="" useRefParam="false" />
        <Enum name="ReplacementUsage" value="0" EnumValue="无" refParamName="" useRefParam="false" />
        <Enum name="ReplacementSubUsage" value="0" EnumValue="无" refParamName="" useRefParam="false" />
        <bool name="bNoDynamicLod" value="false" refParamName="" useRefParam="false" />
        <bool name="bMeshResouce" value="false" refParamName="" useRefParam="false" />
        <bool name="bAllowEmptyEffect" value="false" refParamName="" useRefParam="false" />
        <bool name="bSpecialBuffEffect" value="false" refParamName="" useRefParam="false" />
        <bool name="bActionCtrlObjs" value="false" refParamName="" useRefParam="false" />
        <bool name="bLayOnNavMesh" value="false" refParamName="" useRefParam="false" />
        <bool name="bInvisibleSelf" value="false" refParamName="" useRefParam="false" />
        <bool name="bInvisibleEnemy" value="false" refParamName="" useRefParam="false" />
        <bool name="bInvisibleTeamNotSelf" value="false" refParamName="" useRefParam="false" />
        <bool name="bInvisibleEnemyForTarget" value="false" refParamName="" useRefParam="false" />
        <String name="syncAnimationName" value="" refParamName="" useRefParam="false" />
        <bool name="bUseRootBoneScaling" value="false" refParamName="" useRefParam="false" />
        <bool name="bReverseXWhenCameraMirror" value="false" refParamName="" useRefParam="false" />
        <bool name="bReverseRotOffsetWhenCameraMirro" value="true" refParamName="" useRefParam="false" />
        <bool name="bApplySpecialEffect" value="false" refParamName="" useRefParam="false" />
        <bool name="bFreezeAnimation" value="false" refParamName="" useRefParam="false" />
        <bool name="bResetHurtColor" value="false" refParamName="" useRefParam="false" />
        <TemplateObject name="specialEffectTarget" id="-1" objectName="None" isTemp="false" refParamName="" useRefParam="false" />
        <bool name="bEnableSkillSpecialEffect" value="false" refParamName="" useRefParam="false" />
        <bool name="bOnlySetAlpha" value="false" refParamName="" useRefParam="false" />
        <bool name="bForceEnableTransluent" value="false" refParamName="" useRefParam="false" />
        <bool name="bSyncActorAnimation" value="false" refParamName="" useRefParam="false" />
        <bool name="bUseMasterSkinId" value="false" refParamName="" useRefParam="false" />
        <bool name="bForceIngoreCull" value="false" refParamName="" useRefParam="false" />
        <String name="customTagName" value="" refParamName="" useRefParam="false" />
        <bool name="bRevertZIn5v5" value="false" refParamName="" useRefParam="false" />
        <bool name="bApplyNormalAtkRangeScale" value="false" refParamName="" useRefParam="false" />
        <bool name="bNeedReConnectAgePerformance" value="false" refParamName="" useRefParam="false" />
        <bool name="bNotUseProxy" value="false" refParamName="" useRefParam="false" />
      </Event>
    </Track>
    <Track trackName="13118" eventType="CheckSkinIdVirtualTick" guid="4a58b949-e74b-4d48-b7d0-20c9a7e7eca1" enabled="true" useRefParam="false" refParamName="" r="0.000" g="0.000" b="0.000" execOnForceStopped="false" execOnActionCompleted="false" stopAfterLastEvent="true">
      <Event eventName="CheckSkinIdVirtualTick" time="0.000" isDuration="false" guid="dff845fb-252a-4a8f-b642-1bc3674c8aa8">
        <TemplateObject name="targetId" id="0" objectName="self" isTemp="false" refParamName="" useRefParam="false" />
        <int name="skinId" value="13192" refParamName="" useRefParam="false" />
        <bool name="useNegateValue" value="true" refParamName="" useRefParam="false" />
        <Array name="skinIdArray" refParamName="" useRefParam="false" type="int" />
      </Event>
    </Track>
    <Track trackName="TriggerParticle0" eventType="TriggerParticle" guid="efd17871-5103-49d0-b22c-3593e0dfb757" enabled="true" useRefParam="false" refParamName="" r="0.000" g="0.000" b="0.000" execOnForceStopped="false" execOnActionCompleted="false" stopAfterLastEvent="true">
      <Condition id="2" guid="4a58b949-e74b-4d48-b7d0-20c9a7e7eca1" status="true" />
      <Event eventName="TriggerParticle" time="0.000" length="2.000" isDuration="true" guid="037d6c9c-5e02-45cd-ac02-8a1256c1b959">
        <TemplateObject name="targetId" id="1" objectName="target" isTemp="false" refParamName="" useRefParam="false" />
        <TemplateObject name="objectSpaceId" id="-1" objectName="None" isTemp="false" refParamName="" useRefParam="false" />
        <uint name="RefLiteBulletID" value="0" refParamName="" useRefParam="false" />
        <bool name="bChooseResourceNameByCamp" value="false" refParamName="" useRefParam="false" />
        <String name="parentResourceName" value="" refParamName="" useRefParam="false" />
        <String name="resourceName" value="prefab_skill_effects/hero_skill_effects/131_libai/Libai_hurt_spell02" refParamName="" useRefParam="false" />
        <String name="resourceName2" value="" refParamName="" useRefParam="false" />
        <String name="resourceName3" value="" refParamName="" useRefParam="false" />
        <int name="resConfigId1" value="0" refParamName="" useRefParam="false" />
        <int name="resConfigId2" value="0" refParamName="" useRefParam="false" />
        <int name="resConfigId3" value="0" refParamName="" useRefParam="false" />
        <String name="bindPointName" value="" refParamName="" useRefParam="false" />
        <bool name="dontShowIfNoBindPoint" value="false" refParamName="" useRefParam="false" />
        <Vector3 name="bindPosOffset" x="0.000" y="0.000" z="0.000" refParamName="" useRefParam="false" />
        <bool name="bIngoreCameraMirrorPosOffset" value="false" refParamName="" useRefParam="false" />
        <bool name="bIsBindPosYRelateBeHitHeight" value="false" refParamName="" useRefParam="false" />
        <bool name="bBindPosOffsetInWorldSpace" value="false" refParamName="" useRefParam="false" />
        <EulerAngle name="bindRotOffset" x="0.000" y="0.000" z="0.000" refParamName="" useRefParam="false" />
        <Vector3 name="scaling" x="1.000" y="1.000" z="1.000" refParamName="" useRefParam="false" />
        <bool name="useScalingInt" value="false" refParamName="" useRefParam="false" />
        <Vector3i name="scalingInt" x="10000" y="10000" z="10000" refParamName="" useRefParam="false" />
        <bool name="bUseRealScaling" value="true" refParamName="" useRefParam="false" />
        <bool name="bOnlyScaleRoot" value="false" refParamName="" useRefParam="false" />
        <bool name="bEnableOptCull" value="true" refParamName="" useRefParam="false" />
        <bool name="bHeroEffect" value="false" refParamName="" useRefParam="false" />
        <bool name="bBullerPosDir" value="false" refParamName="" useRefParam="false" />
        <TemplateObject name="lookTargetId" id="-1" objectName="None" isTemp="false" refParamName="" useRefParam="false" />
        <bool name="bAlwaysLookTarget" value="false" refParamName="" useRefParam="false" />
        <bool name="bDontUpdateWhenNear" value="false" refParamName="" useRefParam="false" />
        <bool name="bLookTarget" value="false" refParamName="" useRefParam="false" />
        <bool name="applyActionSpeedToParticle" value="true" refParamName="" useRefParam="false" />
        <bool name="applyActionSpeedToAnimation" value="false" refParamName="" useRefParam="false" />
        <int name="extend" value="10" refParamName="" useRefParam="false" />
        <bool name="bOnlyFollowPos" value="false" refParamName="" useRefParam="false" />
        <bool name="b1stTickParentRot" value="false" refParamName="" useRefParam="false" />
        <bool name="bHideWhenDead" value="true" refParamName="" useRefParam="false" />
        <bool name="bIgnoreWhenHideModel" value="false" refParamName="" useRefParam="false" />
        <bool name="bRotateFollowCamera" value="false" refParamName="" useRefParam="false" />
        <bool name="bUse3DUICamera" value="false" refParamName="" useRefParam="false" />
        <bool name="bUseTargetSkinEffect" value="false" refParamName="" useRefParam="false" />
        <bool name="bReplayWhenChangeMesh" value="false" refParamName="" useRefParam="false" />
        <bool name="bTrailProtect" value="false" refParamName="" useRefParam="false" />
        <bool name="bUseClearTrailProtect" value="false" refParamName="" useRefParam="false" />
        <bool name="bKeepChildScale" value="false" refParamName="" useRefParam="false" />
        <int name="iDelayDisappearTime" value="0" refParamName="" useRefParam="false" />
        <bool name="bBulletPos" value="false" refParamName="" useRefParam="false" />
        <bool name="bBulletDir" value="false" refParamName="" useRefParam="false" />
        <int name="particleScaleGrow" value="0" refParamName="" useRefParam="false" />
        <bool name="enableMaxFollowTime" value="false" refParamName="" useRefParam="false" />
        <float name="maxFollowTime" value="0.000" refParamName="" useRefParam="false" />
        <bool name="bindOnHUD" value="false" refParamName="" useRefParam="false" />
        <Enum name="showInStatus" value="0" EnumValue="任意状态" refParamName="" useRefParam="false" />
        <bool name="bExcludeSpecialActor" value="true" refParamName="" useRefParam="false" />
        <Enum name="ReplacementUsage" value="0" EnumValue="无" refParamName="" useRefParam="false" />
        <Enum name="ReplacementSubUsage" value="0" EnumValue="无" refParamName="" useRefParam="false" />
        <bool name="bNoDynamicLod" value="false" refParamName="" useRefParam="false" />
        <bool name="bMeshResouce" value="false" refParamName="" useRefParam="false" />
        <bool name="bAllowEmptyEffect" value="false" refParamName="" useRefParam="false" />
        <bool name="bSpecialBuffEffect" value="false" refParamName="" useRefParam="false" />
        <bool name="bActionCtrlObjs" value="false" refParamName="" useRefParam="false" />
        <bool name="bLayOnNavMesh" value="false" refParamName="" useRefParam="false" />
        <bool name="bInvisibleSelf" value="false" refParamName="" useRefParam="false" />
        <bool name="bInvisibleEnemy" value="false" refParamName="" useRefParam="false" />
        <bool name="bInvisibleTeamNotSelf" value="false" refParamName="" useRefParam="false" />
        <bool name="bInvisibleEnemyForTarget" value="false" refParamName="" useRefParam="false" />
        <String name="syncAnimationName" value="" refParamName="" useRefParam="false" />
        <bool name="bUseRootBoneScaling" value="false" refParamName="" useRefParam="false" />
        <bool name="bReverseXWhenCameraMirror" value="false" refParamName="" useRefParam="false" />
        <bool name="bReverseRotOffsetWhenCameraMirro" value="true" refParamName="" useRefParam="false" />
        <bool name="bApplySpecialEffect" value="false" refParamName="" useRefParam="false" />
        <bool name="bFreezeAnimation" value="false" refParamName="" useRefParam="false" />
        <bool name="bResetHurtColor" value="false" refParamName="" useRefParam="false" />
        <TemplateObject name="specialEffectTarget" id="-1" objectName="None" isTemp="false" refParamName="" useRefParam="false" />
        <bool name="bEnableSkillSpecialEffect" value="false" refParamName="" useRefParam="false" />
        <bool name="bOnlySetAlpha" value="false" refParamName="" useRefParam="false" />
        <bool name="bForceEnableTransluent" value="false" refParamName="" useRefParam="false" />
        <bool name="bSyncActorAnimation" value="false" refParamName="" useRefParam="false" />
        <bool name="bUseMasterSkinId" value="false" refParamName="" useRefParam="false" />
        <bool name="bForceIngoreCull" value="false" refParamName="" useRefParam="false" />
        <String name="customTagName" value="" refParamName="" useRefParam="false" />
        <bool name="bRevertZIn5v5" value="false" refParamName="" useRefParam="false" />
        <bool name="bApplyNormalAtkRangeScale" value="false" refParamName="" useRefParam="false" />
        <bool name="bNeedReConnectAgePerformance" value="false" refParamName="" useRefParam="false" />
        <bool name="bNotUseProxy" value="false" refParamName="" useRefParam="false" />
      </Event>
    </Track>
  </Action>
</Project>