﻿<?xml version="1.0" encoding="utf-8"?>
<Project>
  <TemplateObjectList>
    <TemplateObject objectName="self" id="0" isTemp="false" />
    <TemplateObject objectName="target" id="1" isTemp="false" />
    <TemplateObject objectName="bullet" id="2" isTemp="true" />
    <TemplateObject objectName="攻击者" id="3" isTemp="false" />
  </TemplateObjectList>
  <RefParamList>
    <Vector3i name="targetdir" x="0" y="0" z="0" refParamName="" useRefParam="false" />
    <Vector3i name="_BulletPos" x="0" y="0" z="0" refParamName="" useRefParam="false" />
    <Vector3i name="&lt;N/A&gt;" x="0" y="0" z="0" refParamName="" useRefParam="false" />
  </RefParamList>
  <Action tag="" length="5.000" loop="false">
    <Track trackName="CheckSkinIdTick10" eventType="CheckSkinIdTick" guid="22854df9-ca37-49e6-9abf-4b6e3f11f003" enabled="true" useRefParam="false" refParamName="" r="0.000" g="0.000" b="0.000" execOnForceStopped="false" execOnActionCompleted="false" stopAfterLastEvent="true">
      <Event eventName="CheckSkinIdTick" time="0.000" isDuration="false" guid="3bce6ed3-3ecf-4f5e-8378-5dd77e9e9430">
        <TemplateObject name="targetId" objectName="self" id="0" isTemp="false" refParamName="" useRefParam="false" />
        <int name="skinId" value="15296" refParamName="" useRefParam="false" />
        <bool name="bEqual" value="false" refParamName="" useRefParam="false" />
        <bool name="bSkipLogicCheck" value="true" refParamName="" useRefParam="false" />
      </Event>
    </Track>
    <Track trackName="CheckSkinIdTick10" eventType="CheckSkinIdTick" guid="19f452fb-1c3e-428c-bdaf-fe64de7416a5" enabled="true" useRefParam="false" refParamName="" r="0.000" g="0.000" b="0.000" execOnForceStopped="false" execOnActionCompleted="false" stopAfterLastEvent="true">
      <Event eventName="CheckSkinIdTick" time="0.000" isDuration="false" guid="7dbe18eb-5d62-41b5-8410-cc10aae0d6b9">
        <TemplateObject name="targetId" objectName="self" id="0" isTemp="false" refParamName="" useRefParam="false" />
        <int name="skinId" value="15296" refParamName="" useRefParam="false" />
        <bool name="bSkipLogicCheck" value="true" refParamName="" useRefParam="false" />
      </Event>
    </Track>
    <Track trackName="SpawnObjectDuration0" eventType="SpawnObjectDuration" guid="3de710d5-50ef-4ffa-bdd0-e062b1a19011" enabled="true" useRefParam="false" refParamName="" r="0.000" g="0.000" b="0.000" execOnForceStopped="false" execOnActionCompleted="false" stopAfterLastEvent="true">
      <Event eventName="SpawnObjectDuration" time="0.000" length="3.000" isDuration="true" guid="2794b3c9-e76f-4e3d-9858-5ab18eb02f89">
        <TemplateObject name="targetId" objectName="bullet" id="2" isTemp="true" refParamName="" useRefParam="false" />
        <TemplateObject name="objectSpaceId" objectName="self" id="0" isTemp="false" refParamName="" useRefParam="false" />
        <String name="prefabName" value="prefab_characters/commonempty" refParamName="" useRefParam="false" />
        <Vector3i name="translation" x="-900" y="1400" z="-1800" refParamName="" useRefParam="false" />
        <bool name="modifyDirection" value="true" refParamName="" useRefParam="false" />
        <Vector3i name="direction" x="0" y="0" z="0" refParamName="" useRefParam="false" />
        <bool name="modifyScaling" value="true" refParamName="" useRefParam="false" />
        <TemplateObject name="visionActorId" objectName="攻击者" id="3" isTemp="false" refParamName="" useRefParam="false" />
        <bool name="bUseSkin" value="true" refParamName="" useRefParam="false" />
        <TemplateObject name="recordTargeID" objectName="None" id="-1" isTemp="false" refParamName="" useRefParam="false" />
      </Event>
    </Track>
    <Track trackName="SetCollisionTick4" eventType="SetCollisionTick" guid="f50127c0-8154-45ba-96d9-7c7871ddec34" enabled="true" useRefParam="false" refParamName="" r="0.000" g="0.000" b="0.000" execOnForceStopped="false" execOnActionCompleted="false" stopAfterLastEvent="true">
      <Event eventName="SetCollisionTick" time="0.000" isDuration="false" guid="23def335-2466-41a2-8baf-0a6ed1b67295">
        <TemplateObject name="targetId" objectName="bullet" id="2" isTemp="true" refParamName="" useRefParam="false" />
        <Vector3i name="Size" x="2000" y="10000" z="2000" refParamName="" useRefParam="false" />
        <int name="Rotation" value="160" refParamName="" useRefParam="false" />
      </Event>
    </Track>
    <Track trackName="TriggerParticle6" eventType="TriggerParticle" guid="409599dc-e66a-4c1a-b328-f9dfd33d09bb" enabled="true" useRefParam="false" refParamName="" r="0.000" g="0.000" b="0.000" execOnForceStopped="false" execOnActionCompleted="false" stopAfterLastEvent="true">
      <Condition id="1" guid="19f452fb-1c3e-428c-bdaf-fe64de7416a5" status="true" />
      <Event eventName="TriggerParticle" time="0.000" length="1.000" isDuration="true" guid="529cd638-96f1-4143-b2f9-d0b8c8fd41e9">
        <TemplateObject name="targetId" objectName="bullet" id="2" isTemp="true" refParamName="" useRefParam="false" />
        <String name="resourceName" value="prefab_skill_effects/hero_skill_effects/152_wangzhaojun/wangzhaojun_fly_01" refParamName="" useRefParam="false" />
        <String name="syncAnimationName" value="" refParamName="" useRefParam="false" />
        <String name="customTagName" value="" refParamName="" useRefParam="false" />
      </Event>
    </Track>
    <Track trackName="TriggerParticle6" eventType="TriggerParticle" guid="6dbbaa48-0d3e-4caa-8fc9-b7ede0e9eb7b" enabled="true" useRefParam="false" refParamName="" r="0.000" g="0.000" b="0.000" execOnForceStopped="false" execOnActionCompleted="false" stopAfterLastEvent="true">
      <Condition id="0" guid="22854df9-ca37-49e6-9abf-4b6e3f11f003" status="true" />
      <Event eventName="TriggerParticle" time="0.000" length="1.000" isDuration="true" guid="e7169374-e95f-47bb-9b17-4c9f25bdd24d">
        <TemplateObject name="targetId" objectName="bullet" id="2" isTemp="true" refParamName="" useRefParam="false" />
        <String name="resourceName" value="prefab_skill_effects/hero_skill_effects/152_wangzhaojun/wangzhaojun_fly_02" refParamName="" useRefParam="false" />
        <String name="syncAnimationName" value="" refParamName="" useRefParam="false" />
        <String name="customTagName" value="" refParamName="" useRefParam="false" />
      </Event>
    </Track>
    <Track trackName="MoveBulletDuration0" eventType="MoveBulletDuration" guid="916842f8-dbdf-4c22-b9e3-cf11aca77946" enabled="true" useRefParam="false" refParamName="" r="0.000" g="0.000" b="0.000" execOnForceStopped="false" execOnActionCompleted="false" stopAfterLastEvent="true">
      <Event eventName="MoveBulletDuration" time="0.650" length="0.300" isDuration="true" guid="62326cd1-d709-4aae-9076-607f293793e6">
        <TemplateObject name="targetId" objectName="bullet" id="2" isTemp="true" refParamName="" useRefParam="false" />
        <Enum name="MoveType" value="2" EnumValue="指定朝向" refParamName="" useRefParam="false" />
        <TemplateObject name="destId" objectName="target" id="1" isTemp="false" refParamName="" useRefParam="false" />
        <Vector3i name="offsetDir" x="0" y="0" z="0" refParamName="&lt;N/A&gt;" useRefParam="true" />
        <int name="distance" value="7000" refParamName="" useRefParam="false" />
        <int name="velocity" value="25000" refParamName="" useRefParam="false" />
      </Event>
    </Track>
    <Track trackName="TriggerParticle6" eventType="TriggerParticle" guid="061553a2-69f7-4643-8aaf-853a9509faff" enabled="true" useRefParam="false" refParamName="" r="0.000" g="0.000" b="0.000" execOnForceStopped="false" execOnActionCompleted="false" stopAfterLastEvent="true">
      <Condition id="1" guid="19f452fb-1c3e-428c-bdaf-fe64de7416a5" status="true" />
      <Event eventName="TriggerParticle" time="1.000" length="0.500" isDuration="true" guid="9b5747d2-9d47-4691-ba88-b2302bd2713d">
        <TemplateObject name="targetId" objectName="bullet" id="2" isTemp="true" refParamName="" useRefParam="false" />
        <String name="resourceName" value="prefab_skill_effects/hero_skill_effects/152_wangzhaojun/wangzhaojun_fly_deah" refParamName="" useRefParam="false" />
        <String name="syncAnimationName" value="" refParamName="" useRefParam="false" />
        <String name="customTagName" value="" refParamName="" useRefParam="false" />
      </Event>
    </Track>
    <Track trackName="TriggerParticle6" eventType="TriggerParticle" guid="ce3aab0b-34b8-4658-b34a-b696e6fc2955" enabled="true" useRefParam="false" refParamName="" r="0.000" g="0.000" b="0.000" execOnForceStopped="false" execOnActionCompleted="false" stopAfterLastEvent="true">
      <Condition id="0" guid="22854df9-ca37-49e6-9abf-4b6e3f11f003" status="true" />
      <Event eventName="TriggerParticle" time="1.000" length="0.500" isDuration="true" guid="7de09ebf-f062-466a-bed3-16783d65b88b">
        <TemplateObject name="targetId" objectName="bullet" id="2" isTemp="true" refParamName="" useRefParam="false" />
        <String name="resourceName" value="prefab_skill_effects/hero_skill_effects/152_wangzhaojun/wangzhaojun_hurt03" refParamName="" useRefParam="false" />
        <String name="syncAnimationName" value="" refParamName="" useRefParam="false" />
        <String name="customTagName" value="" refParamName="" useRefParam="false" />
      </Event>
    </Track>
  </Action>
</Project>