﻿<?xml version="1.0" encoding="utf-8"?>
<Project>
  <TemplateObjectList>
    <TemplateObject objectName="self" id="0" isTemp="false" />
    <TemplateObject objectName="target" id="1" isTemp="false" />
    <TemplateObject objectName="bullet" id="2" isTemp="true" />
    <TemplateObject objectName="bullet2" id="3" isTemp="true" />
  </TemplateObjectList>
  <RefParamList>
    <Vector3i name="targetdir" x="0" y="0" z="0" refParamName="" useRefParam="false" />
    <Vector3i name="_TargetPos" x="0" y="0" z="0" refParamName="" useRefParam="false" />
  </RefParamList>
  <Action tag="" length="1.200" loop="false">
    <Track trackName="CheckSkinIdTick10" eventType="CheckSkinIdTick" guid="c3c77c37-f65d-40a5-af6d-8e89dda1cb53" enabled="true" useRefParam="false" refParamName="" r="0.000" g="0.000" b="0.000" execOnForceStopped="false" execOnActionCompleted="false" stopAfterLastEvent="true">
      <Event eventName="CheckSkinIdTick" time="0.000" isDuration="false" guid="6ea349eb-1018-4b02-8fff-67d55be4e12d">
        <TemplateObject name="targetId" objectName="self" id="0" isTemp="false" refParamName="" useRefParam="false" />
        <int name="skinId" value="15297" refParamName="" useRefParam="false" />
        <bool name="bEqual" value="false" refParamName="" useRefParam="false" />
        <bool name="bSkipLogicCheck" value="true" refParamName="" useRefParam="false" />
      </Event>
    </Track>
    <Track trackName="CheckSkinIdTick10" eventType="CheckSkinIdTick" guid="2841a634-44f1-4569-a636-6c30e1de0f8e" enabled="true" useRefParam="false" refParamName="" r="0.000" g="0.000" b="0.000" execOnForceStopped="false" execOnActionCompleted="false" stopAfterLastEvent="true">
      <Event eventName="CheckSkinIdTick" time="0.000" isDuration="false" guid="7fcac7b4-a60d-42e2-afb8-1ba413c70d97">
        <TemplateObject name="targetId" objectName="self" id="0" isTemp="false" refParamName="" useRefParam="false" />
        <int name="skinId" value="15298" refParamName="" useRefParam="false" />
        <bool name="bEqual" value="true" refParamName="" useRefParam="false" />
        <bool name="bSkipLogicCheck" value="true" refParamName="" useRefParam="false" />
      </Event>
    </Track>
    <Track trackName="SetBehaviourModeTick0" eventType="SetBehaviourModeTick" guid="884649fb-eee1-4f09-8e8c-136817834eb9" enabled="true" useRefParam="false" refParamName="" r="0.000" g="0.000" b="0.000" execOnForceStopped="false" execOnActionCompleted="false" stopAfterLastEvent="true">
      <Event eventName="SetBehaviourModeTick" time="0.000" isDuration="false" guid="30d6cecd-de41-4550-84d6-98ae33f09315">
        <TemplateObject name="targetId" objectName="self" id="0" isTemp="false" refParamName="" useRefParam="false" />
      </Event>
    </Track>
    <Track trackName="SetAttackDirDuration0" eventType="SetAttackDirDuration" guid="13f98c0c-0c95-4e18-aeb2-1fef43e76e8b" enabled="true" useRefParam="false" refParamName="" r="0.000" g="0.000" b="0.000" execOnForceStopped="false" execOnActionCompleted="false" stopAfterLastEvent="true">
      <Event eventName="SetAttackDirDuration" time="0.000" length="0.066" isDuration="true" guid="80a6846d-8ada-4b53-9254-eff65bfbfc79">
        <TemplateObject name="attackerId" objectName="self" id="0" isTemp="false" refParamName="" useRefParam="false" />
        <bool name="bImmediateRotate" value="true" refParamName="" useRefParam="false" />
      </Event>
    </Track>
    <Track trackName="ForbidAbilityDuration0" eventType="ForbidAbilityDuration" guid="70d891be-ca4c-4c49-af6f-53ed54d35f4b" enabled="true" useRefParam="false" refParamName="" r="0.000" g="0.000" b="0.000" execOnForceStopped="false" execOnActionCompleted="false" stopAfterLastEvent="true">
      <Event eventName="ForbidAbilityDuration" time="0.000" length="0.600" isDuration="true" guid="6c5bc23e-6176-4d6e-87f6-f447f06a9665">
        <TemplateObject name="attackerId" objectName="self" id="0" isTemp="false" refParamName="" useRefParam="false" />
        <bool name="forbidMove" value="true" refParamName="" useRefParam="false" />
        <bool name="delaySkillAbort" value="true" refParamName="" useRefParam="false" />
      </Event>
    </Track>
    <Track trackName="SkillInputCacheDuration0" eventType="SkillInputCacheDuration" guid="43618e12-f288-4877-9d44-4cb1ef89f0a2" enabled="true" useRefParam="false" refParamName="" r="0.000" g="0.000" b="0.000" execOnForceStopped="false" execOnActionCompleted="false" stopAfterLastEvent="true">
      <Event eventName="SkillInputCacheDuration" time="0.000" length="0.600" isDuration="true" guid="effca44b-429e-467c-95ab-8c5cbdc24db7">
        <TemplateObject name="targetId" objectName="self" id="0" isTemp="false" refParamName="" useRefParam="false" />
        <bool name="cacheSkill" value="true" refParamName="" useRefParam="false" />
      </Event>
    </Track>
    <Track trackName="SkillInputCacheDuration0" eventType="SkillInputCacheDuration" guid="fa62a33c-f233-4a4a-ac8d-ceb391095a37" enabled="true" useRefParam="false" refParamName="" r="0.000" g="0.000" b="0.000" execOnForceStopped="false" execOnActionCompleted="false" stopAfterLastEvent="true">
      <Event eventName="SkillInputCacheDuration" time="0.500" length="0.100" isDuration="true" guid="a5e6a0e5-17be-4f01-b981-f7e070a50e74">
        <TemplateObject name="targetId" objectName="self" id="0" isTemp="false" refParamName="" useRefParam="false" />
        <bool name="cacheMove" value="true" refParamName="" useRefParam="false" />
      </Event>
    </Track>
    <Track trackName="PlayAnimDuration0" eventType="PlayAnimDuration" guid="9d243092-f160-4189-a9da-f132595032c9" enabled="true" useRefParam="false" refParamName="" r="0.000" g="0.000" b="0.000" execOnForceStopped="false" execOnActionCompleted="false" stopAfterLastEvent="true" SkinAvatarFilterType="11">
      <Event eventName="PlayAnimDuration" time="0.000" length="1.200" isDuration="true" guid="08601dfb-9085-4bf3-a5e3-52bfa361105a">
        <TemplateObject name="targetId" objectName="self" id="0" isTemp="false" refParamName="" useRefParam="false" />
        <String name="clipName" value="Spell2" refParamName="" useRefParam="false" />
        <float name="crossFadeTime" value="0.100" refParamName="" useRefParam="false" />
        <bool name="bUseFadeOutTime" value="true" refParamName="" useRefParam="false" />
        <float name="fadeOutTime" value="0.300" refParamName="" useRefParam="false" />
        <bool name="applyActionSpeed" value="true" refParamName="" useRefParam="false" />
      </Event>
      <SkinOrAvatarList id="15216" />
      <SkinOrAvatarList id="15200" />
      <SkinOrAvatarList id="15201" />
      <SkinOrAvatarList id="15202" />
      <SkinOrAvatarList id="15203" />
      <SkinOrAvatarList id="15204" />
      <SkinOrAvatarList id="15205" />
      <SkinOrAvatarList id="15206" />
      <SkinOrAvatarList id="15207" />
      <SkinOrAvatarList id="15208" />
      <SkinOrAvatarList id="15209" />
      <SkinOrAvatarList id="15210" />
      <SkinOrAvatarList id="15211" />
      <SkinOrAvatarList id="15212" />
      <SkinOrAvatarList id="15213" />
      <SkinOrAvatarList id="15214" />
      <SkinOrAvatarList id="15215" />
      <SkinOrAvatarList id="15217" />
      <SkinOrAvatarList id="15218" />
      <SkinOrAvatarList id="15219" />
      <SkinOrAvatarList id="15220" />
      <SkinOrAvatarList id="15221" />
      <SkinOrAvatarList id="15222" />
      <SkinOrAvatarList id="15223" />
      <SkinOrAvatarList id="15224" />
    </Track>
    <Track trackName="PlayAnimDuration0" eventType="PlayAnimDuration" guid="9e520c22-4ae2-4bf7-a28b-1b107c7c6ec7" enabled="true" useRefParam="false" refParamName="" r="0.000" g="0.000" b="0.000" execOnForceStopped="false" execOnActionCompleted="false" stopAfterLastEvent="true" SkinAvatarFilterType="9">
      <Event eventName="PlayAnimDuration" time="0.000" length="1.200" isDuration="true" guid="b81e75ff-313b-4f64-a21e-04e35e051eb4">
        <TemplateObject name="targetId" objectName="self" id="0" isTemp="false" refParamName="" useRefParam="false" />
        <String name="clipName" value="Spell2" refParamName="" useRefParam="false" />
        <int name="layer" value="2" refParamName="" useRefParam="false" />
        <float name="crossFadeTime" value="0.100" refParamName="" useRefParam="false" />
        <bool name="bUseFadeOutTime" value="true" refParamName="" useRefParam="false" />
        <float name="fadeOutTime" value="0.300" refParamName="" useRefParam="false" />
        <bool name="applyActionSpeed" value="true" refParamName="" useRefParam="false" />
      </Event>
      <SkinOrAvatarList id="15216" />
      <SkinOrAvatarList id="15200" />
      <SkinOrAvatarList id="15201" />
      <SkinOrAvatarList id="15202" />
      <SkinOrAvatarList id="15203" />
      <SkinOrAvatarList id="15204" />
      <SkinOrAvatarList id="15205" />
      <SkinOrAvatarList id="15206" />
      <SkinOrAvatarList id="15207" />
      <SkinOrAvatarList id="15208" />
      <SkinOrAvatarList id="15209" />
      <SkinOrAvatarList id="15210" />
      <SkinOrAvatarList id="15211" />
      <SkinOrAvatarList id="15212" />
      <SkinOrAvatarList id="15213" />
      <SkinOrAvatarList id="15214" />
      <SkinOrAvatarList id="15215" />
      <SkinOrAvatarList id="15217" />
      <SkinOrAvatarList id="15218" />
      <SkinOrAvatarList id="15219" />
      <SkinOrAvatarList id="15220" />
      <SkinOrAvatarList id="15221" />
      <SkinOrAvatarList id="15222" />
      <SkinOrAvatarList id="15223" />
      <SkinOrAvatarList id="15224" />
    </Track>
    <Track trackName="SpawnBulletTick0" eventType="SpawnBulletTick" guid="f7585e42-aa83-4abe-9984-3794abc1d153" enabled="true" useRefParam="false" refParamName="" r="0.000" g="0.000" b="0.000" execOnForceStopped="false" execOnActionCompleted="false" stopAfterLastEvent="true">
      <Event eventName="SpawnBulletTick" time="0.300" isDuration="false" guid="4a1b52d9-5d8d-4ee4-8e17-9e62c5862ddc">
        <TemplateObject name="targetId" objectName="self" id="0" isTemp="false" refParamName="" useRefParam="false" />
        <String name="ActionName" value="prefab_characters/prefab_hero/152_wangzhaojun/skill/s2b1" refParamName="" useRefParam="false" />
      </Event>
    </Track>
    <Track trackName="SkillCDTriggerTick0" eventType="SkillCDTriggerTick" guid="4d6ee02f-d011-4076-9a7e-aa4d8dd7d42b" enabled="true" useRefParam="false" refParamName="" r="0.000" g="0.000" b="0.000" execOnForceStopped="false" execOnActionCompleted="false" stopAfterLastEvent="true">
      <Event eventName="SkillCDTriggerTick" time="0.000" isDuration="false" guid="f3581446-3f4a-4a59-9b65-4a0ddcdb0dcd">
        <TemplateObject name="targetId" objectName="self" id="0" isTemp="false" refParamName="" useRefParam="false" />
      </Event>
    </Track>
    <Track trackName="SkillUseCacheTick0" eventType="SkillUseCacheTick" guid="53c33571-7838-484f-9f06-7b93d4bc28e0" enabled="true" useRefParam="false" refParamName="" r="0.000" g="0.000" b="0.000" execOnForceStopped="false" execOnActionCompleted="false" stopAfterLastEvent="true">
      <Event eventName="SkillUseCacheTick" time="0.600" isDuration="false" guid="06476ef3-8559-4ead-a206-2b60c50a13cc">
        <TemplateObject name="targetId" objectName="self" id="0" isTemp="false" refParamName="" useRefParam="false" />
        <bool name="excuteMoveCmd" value="true" refParamName="" useRefParam="false" />
      </Event>
    </Track>
    <Track trackName="PlayHeroSoundTick51" eventType="PlayHeroSoundTick" guid="db410e6b-0369-4b89-b1a6-2247fee3c762" enabled="true" useRefParam="false" refParamName="" r="0.000" g="0.000" b="0.000" execOnForceStopped="false" execOnActionCompleted="false" stopAfterLastEvent="true">
      <Event eventName="PlayHeroSoundTick" time="0.071" isDuration="false" guid="6e321bb5-a678-4bda-8102-6ac311261319">
        <TemplateObject name="targetId" objectName="self" id="0" isTemp="false" refParamName="" useRefParam="false" />
        <String name="eventName" value="Play_WangZhaoJun_Skill_B" refParamName="" useRefParam="false" />
        <Array name="extraSkinId" refParamName="" useRefParam="false" type="uint">
          <uint value="11" />
        </Array>
      </Event>
    </Track>
    <Track trackName="TriggerParticle1" eventType="TriggerParticle" guid="bdd00264-cbae-4d69-9886-e1749921d79e" enabled="false" useRefParam="false" refParamName="" r="0.000" g="0.000" b="0.000" execOnForceStopped="false" execOnActionCompleted="false" stopAfterLastEvent="true">
      <Event eventName="TriggerParticle" time="0.000" length="1.200" isDuration="true" guid="4dfabb81-47a4-46b6-8652-313b8647cc0a">
        <TemplateObject name="targetId" objectName="self" id="0" isTemp="false" refParamName="" useRefParam="false" />
        <TemplateObject name="objectSpaceId" objectName="self" id="0" isTemp="false" refParamName="" useRefParam="false" />
        <String name="resourceName" value="prefab_skill_effects/hero_skill_effects/152_wangzhaojun/wangzhaojun_buff_03" refParamName="" useRefParam="false" />
        <String name="bindPointName" value="Weapon" refParamName="" useRefParam="false" />
        <Vector3 name="bindPosOffset" x="0.000" y="0.000" z="1.000" refParamName="" useRefParam="false" />
        <bool name="bUseRealScaling" value="true" refParamName="" useRefParam="false" />
        <String name="syncAnimationName" value="" refParamName="" useRefParam="false" />
        <String name="customTagName" value="" refParamName="" useRefParam="false" />
      </Event>
    </Track>
    <Track trackName="PlayHeroSoundTick1" eventType="PlayHeroSoundTick" guid="1d1cd23d-e66c-48df-8153-38ca7359d6c5" enabled="true" useRefParam="false" refParamName="" r="0.000" g="0.000" b="0.000" execOnForceStopped="false" execOnActionCompleted="false" stopAfterLastEvent="true">
      <Event eventName="PlayHeroSoundTick" time="0.000" isDuration="false" guid="1ace68cd-45fa-4520-9410-becc48b36d2d">
        <TemplateObject name="targetId" objectName="self" id="0" isTemp="false" refParamName="" useRefParam="false" />
        <TemplateObject name="sourceId" objectName="self" id="0" isTemp="false" refParamName="" useRefParam="false" />
        <String name="eventName" value="Play_WangZhaoJun_Voice_Skill_B" refParamName="" useRefParam="false" />
        <Array name="extraSkinId" refParamName="" useRefParam="false" type="uint">
          <uint value="11" />
        </Array>
      </Event>
    </Track>
    <Track trackName="TriggerParticleTick1" eventType="TriggerParticleTick" guid="4e37639a-c375-4f5d-8560-501e797caa60" enabled="true" useRefParam="false" refParamName="" r="0.000" g="0.000" b="0.000" execOnForceStopped="false" execOnActionCompleted="false" stopAfterLastEvent="true">
      <Condition id="1" guid="2841a634-44f1-4569-a636-6c30e1de0f8e" status="true" />
      <Event eventName="TriggerParticleTick" time="0.000" isDuration="false" guid="5e0f6220-9e33-47ae-803d-d0dcff2e46b3">
        <TemplateObject name="targetId" objectName="self" id="0" isTemp="false" refParamName="" useRefParam="false" />
        <String name="resourceName" value="prefab_skill_effects/hero_skill_effects/152_wangzhaojun/wangzhaojun_buff_03" refParamName="" useRefParam="false" />
        <String name="bindPointName" value="Weapon" refParamName="" useRefParam="false" />
        <bool name="bUseRealScaling" value="true" refParamName="" useRefParam="false" />
      </Event>
    </Track>
    <Track trackName="TriggerParticleTick1" eventType="TriggerParticleTick" guid="81ffeaf9-0036-4a72-ba21-7f960d37b390" enabled="true" useRefParam="false" refParamName="" r="0.000" g="0.000" b="0.000" execOnForceStopped="false" execOnActionCompleted="false" stopAfterLastEvent="true">
      <Condition id="0" guid="c3c77c37-f65d-40a5-af6d-8e89dda1cb53" status="true" />
      <Event eventName="TriggerParticleTick" time="0.000" isDuration="false" guid="02e91a6d-b332-49fe-bd62-7c73b606941e">
        <TemplateObject name="targetId" objectName="self" id="0" isTemp="false" refParamName="" useRefParam="false" />
        <String name="resourceName" value="prefab_skill_effects/hero_skill_effects/152_wangzhaojun/wangzhaojun_buff_01" refParamName="" useRefParam="false" />
        <String name="bindPointName" value="Bip001 Prop1" refParamName="" useRefParam="false" />
        <bool name="bUseRealScaling" value="true" refParamName="" useRefParam="false" />
      </Event>
    </Track>
  </Action>
</Project>