﻿<?xml version="1.0" encoding="utf-8"?>
<Project>
  <TemplateObjectList>
    <TemplateObject objectName="self" id="0" isTemp="false" />
    <TemplateObject objectName="target" id="1" isTemp="false" />
    <TemplateObject objectName="bullet" id="2" isTemp="true" />
    <TemplateObject objectName="s2tar" id="3" isTemp="true" />
  </TemplateObjectList>
  <RefParamList>
    <String name="BulletPrefab" value="" refParamName="" useRefParam="false" />
    <Vector3i name="_TargetDir" x="0" y="0" z="0" refParamName="" useRefParam="false" />
    <Vector3i name="_TargetPos" x="0" y="0" z="0" refParamName="" useRefParam="false" />
  </RefParamList>
  <Action tag="" length="5.000" loop="false">
    <Track trackName="GetActorTick0" eventType="GetActorTick" guid="5832acd9-cf7f-466a-b766-ac90aa2ba419" enabled="true" useRefParam="false" refParamName="" r="0.000" g="0.000" b="0.000" execOnForceStopped="false" execOnActionCompleted="false">
      <Event eventName="GetActorTick" time="0.000" isDuration="false" guid="b514fa66-6c99-46e5-948a-5366e2e03303">
        <String name="actorName" value="s2tar" refParamName="" useRefParam="false" />
        <TemplateObject name="GetActorId" objectName="s2tar" id="3" isTemp="true" refParamName="" useRefParam="false" />
        <String name="refParamName" value="" refParamName="" useRefParam="false" />
      </Event>
    </Track>
    <Track trackName="SpawnObjectDuration0" eventType="SpawnObjectDuration" guid="c890e4ed-8300-4e21-8d66-757283ec3cc0" enabled="true" useRefParam="false" refParamName="" r="0.000" g="0.000" b="0.000" execOnForceStopped="false" execOnActionCompleted="false">
      <Condition id="0" guid="5832acd9-cf7f-466a-b766-ac90aa2ba419" status="true" />
      <Event eventName="SpawnObjectDuration" time="0.000" length="5.000" isDuration="true" guid="5830fd34-6ab2-49aa-87d2-3f22a19ebcd1">
        <TemplateObject name="targetId" objectName="bullet" id="2" isTemp="true" refParamName="" useRefParam="false" />
        <TemplateObject name="objectSpaceId" objectName="self" id="0" isTemp="false" refParamName="" useRefParam="false" />
        <String name="prefabName" value="prefab_characters/commonempty" refParamName="" useRefParam="false" />
        <Vector3i name="translation" x="0" y="1200" z="0" refParamName="" useRefParam="false" />
        <bool name="modifyDirection" value="true" refParamName="" useRefParam="false" />
        <Vector3i name="direction" x="0" y="0" z="0" refParamName="" useRefParam="false" />
        <TemplateObject name="materialParentActorId" objectName="self" id="0" isTemp="false" refParamName="" useRefParam="false" />
        <bool name="modifyScaling" value="true" refParamName="" useRefParam="false" />
        <TemplateObject name="visionActorId" objectName="self" id="0" isTemp="false" refParamName="" useRefParam="false" />
        <TemplateObject name="recordTargeID" objectName="None" id="-1" isTemp="false" refParamName="" useRefParam="false" />
      </Event>
    </Track>
    <Track trackName="TriggerParticle6" eventType="TriggerParticle" guid="d1939f1f-84aa-46f2-9322-abcc2231ad1a" enabled="true" useRefParam="false" refParamName="" r="0.000" g="0.000" b="0.000" execOnForceStopped="false" execOnActionCompleted="false">
      <Condition id="0" guid="5832acd9-cf7f-466a-b766-ac90aa2ba419" status="true" />
      <Event eventName="TriggerParticle" time="0.000" length="5.000" isDuration="true" guid="5b7e9008-e295-4976-96e5-3045fa6c738f">
        <TemplateObject name="targetId" objectName="bullet" id="2" isTemp="true" refParamName="" useRefParam="false" />
        <String name="resourceName" value="prefab_skill_effects/hero_skill_effects/109_daji/daji_skill03_bullet01" refParamName="" useRefParam="false" />
        <Vector3i name="scalingInt" x="10000" y="10000" z="10000" refParamName="" useRefParam="false" />
        <String name="syncAnimationName" value="" refParamName="" useRefParam="false" />
        <String name="customTagName" value="" refParamName="" useRefParam="false" />
      </Event>
    </Track>
    <Track trackName="AimMoveBullet" eventType="MoveBulletDuration" guid="09805859-49f5-4ed0-8a41-b9b2b75ce864" enabled="true" useRefParam="false" refParamName="" r="0.000" g="0.000" b="0.000" execOnForceStopped="false" execOnActionCompleted="false">
      <Condition id="0" guid="5832acd9-cf7f-466a-b766-ac90aa2ba419" status="true" />
      <Event eventName="MoveBulletDuration" time="0.000" length="5.000" isDuration="true" guid="5bf9de2a-4d4f-4cfd-831b-4e090314b183">
        <TemplateObject name="targetId" objectName="bullet" id="2" isTemp="true" refParamName="" useRefParam="false" />
        <TemplateObject name="destId" objectName="s2tar" id="3" isTemp="true" refParamName="" useRefParam="false" />
        <int name="distance" value="15000" refParamName="" useRefParam="false" />
      </Event>
    </Track>
    <Track trackName="HitTriggerTick0" eventType="HitTriggerTick" guid="dc043b5b-1904-4324-b585-ade1a217afbf" enabled="true" useRefParam="false" refParamName="" r="0.000" g="0.000" b="0.000" execOnForceStopped="false" execOnActionCompleted="false">
      <Condition id="3" guid="09805859-49f5-4ed0-8a41-b9b2b75ce864" status="true" />
      <Event eventName="HitTriggerTick" time="0.000" isDuration="false" guid="8e876356-d8a6-4a25-87f9-fcd598d20e97">
        <TemplateObject name="targetId" objectName="self" id="0" isTemp="false" refParamName="" useRefParam="false" />
        <TemplateObject name="hitTargetId" objectName="s2tar" id="3" isTemp="true" refParamName="" useRefParam="false" />
        <bool name="lastHit" value="true" refParamName="" useRefParam="false" />
        <int name="TargetSkillCombine_1" value="109008" refParamName="" useRefParam="false" />
        <int name="TargetSkillCombine_3" value="109300" refParamName="" useRefParam="false" />
        <TemplateObject name="triggerId" objectName="None" id="-1" isTemp="false" refParamName="" useRefParam="false" />
      </Event>
    </Track>
    <Track trackName="StopTrack0" eventType="StopTrack" guid="2b06d854-3522-4e37-a3e0-bc101f070ea1" enabled="true" useRefParam="false" refParamName="" r="0.000" g="0.000" b="0.000" execOnForceStopped="false" execOnActionCompleted="false">
      <Condition id="3" guid="09805859-49f5-4ed0-8a41-b9b2b75ce864" status="true" />
      <Event eventName="StopTrack" time="0.000" isDuration="false" guid="682c3d48-ad00-4da2-bafe-9fda639b89f8">
        <TrackObject name="trackId" id="3" guid="09805859-49f5-4ed0-8a41-b9b2b75ce864" refParamName="" useRefParam="false" />
      </Event>
    </Track>
    <Track trackName="StopTrack1" eventType="StopTrack" guid="4ce273d3-51d6-4fe0-8fbe-1ff46fefa576" enabled="true" useRefParam="false" refParamName="" r="0.000" g="0.000" b="0.000" execOnForceStopped="false" execOnActionCompleted="false">
      <Condition id="3" guid="09805859-49f5-4ed0-8a41-b9b2b75ce864" status="true" />
      <Event eventName="StopTrack" time="0.000" isDuration="false" guid="9b8e6373-510b-4489-95d8-8e244b09fb48">
        <TrackObject name="trackId" id="1" guid="c890e4ed-8300-4e21-8d66-757283ec3cc0" refParamName="" useRefParam="false" />
      </Event>
    </Track>
    <Track trackName="StopTrack5" eventType="StopTrack" guid="b3cfc329-c442-4487-ab73-1d5ffcf3a8d7" enabled="true" useRefParam="false" refParamName="" r="0.000" g="0.000" b="0.000" execOnForceStopped="false" execOnActionCompleted="false">
      <Condition id="3" guid="09805859-49f5-4ed0-8a41-b9b2b75ce864" status="true" />
      <Event eventName="StopTrack" time="0.000" isDuration="false" guid="4dbcddef-0424-4115-abfa-2b7b8b4cbfe6">
        <TrackObject name="trackId" id="2" guid="d1939f1f-84aa-46f2-9322-abcc2231ad1a" refParamName="" useRefParam="false" />
      </Event>
    </Track>
    <Track trackName="FilterTargetType0" eventType="FilterTargetType" guid="ea7d3560-9151-42ec-aa5e-8b3560db1555" enabled="true" useRefParam="false" refParamName="" r="0.000" g="0.000" b="0.000" execOnForceStopped="false" execOnActionCompleted="false" SkinAvatarFilterType="9">
      <Event eventName="FilterTargetType" time="0.000" isDuration="false" guid="62ae1735-9ea7-490b-b9a9-7f2090c3586c">
        <TemplateObject name="targetId" objectName="self" id="0" isTemp="false" refParamName="" useRefParam="false" />
        <bool name="bSelectCamp" value="true" refParamName="" useRefParam="false" />
        <Enum name="selectCampCamp" value="1" EnumValue="阵营1" refParamName="" useRefParam="false" />
      </Event>
      <SkinOrAvatarList id="10915" />
      <SkinOrAvatarList id="10900" />
      <SkinOrAvatarList id="10901" />
      <SkinOrAvatarList id="10902" />
      <SkinOrAvatarList id="10903" />
      <SkinOrAvatarList id="10904" />
      <SkinOrAvatarList id="10905" />
      <SkinOrAvatarList id="10906" />
      <SkinOrAvatarList id="10907" />
      <SkinOrAvatarList id="10908" />
      <SkinOrAvatarList id="10909" />
      <SkinOrAvatarList id="10910" />
      <SkinOrAvatarList id="10911" />
      <SkinOrAvatarList id="10912" />
      <SkinOrAvatarList id="10913" />
      <SkinOrAvatarList id="10914" />
      <SkinOrAvatarList id="10916" />
      <SkinOrAvatarList id="10917" />
      <SkinOrAvatarList id="10918" />
      <SkinOrAvatarList id="10919" />
      <SkinOrAvatarList id="10920" />
      <SkinOrAvatarList id="10921" />
      <SkinOrAvatarList id="10922" />
      <SkinOrAvatarList id="10923" />
      <SkinOrAvatarList id="10924" />
    </Track>
    <Track trackName="FilterTargetType0" eventType="FilterTargetType" guid="e4411f43-bd56-4669-a08a-a86b723c4cde" enabled="true" useRefParam="false" refParamName="" r="0.000" g="0.000" b="0.000" execOnForceStopped="false" execOnActionCompleted="false" SkinAvatarFilterType="9">
      <Event eventName="FilterTargetType" time="0.000" isDuration="false" guid="3f19f965-b47f-4ca7-9bd0-c293319279a8">
        <TemplateObject name="targetId" objectName="self" id="0" isTemp="false" refParamName="" useRefParam="false" />
        <bool name="bSelectCamp" value="true" refParamName="" useRefParam="false" />
        <Enum name="selectCampCamp" value="2" EnumValue="阵营2" refParamName="" useRefParam="false" />
      </Event>
      <SkinOrAvatarList id="10915" />
      <SkinOrAvatarList id="10900" />
      <SkinOrAvatarList id="10901" />
      <SkinOrAvatarList id="10902" />
      <SkinOrAvatarList id="10903" />
      <SkinOrAvatarList id="10904" />
      <SkinOrAvatarList id="10905" />
      <SkinOrAvatarList id="10906" />
      <SkinOrAvatarList id="10907" />
      <SkinOrAvatarList id="10908" />
      <SkinOrAvatarList id="10909" />
      <SkinOrAvatarList id="10910" />
      <SkinOrAvatarList id="10911" />
      <SkinOrAvatarList id="10912" />
      <SkinOrAvatarList id="10913" />
      <SkinOrAvatarList id="10914" />
      <SkinOrAvatarList id="10916" />
      <SkinOrAvatarList id="10917" />
      <SkinOrAvatarList id="10918" />
      <SkinOrAvatarList id="10919" />
      <SkinOrAvatarList id="10920" />
      <SkinOrAvatarList id="10921" />
      <SkinOrAvatarList id="10922" />
      <SkinOrAvatarList id="10923" />
      <SkinOrAvatarList id="10924" />
    </Track>
    <Track trackName="TriggerParticleTick3" eventType="TriggerParticleTick" guid="ca298217-0d19-4e00-a942-d848f8f6d43c" enabled="true" useRefParam="false" refParamName="" r="0.000" g="0.000" b="0.000" execOnForceStopped="false" execOnActionCompleted="false" SkinAvatarFilterType="9">
      <Condition id="3" guid="09805859-49f5-4ed0-8a41-b9b2b75ce864" status="true" />
      <Condition id="8" guid="ea7d3560-9151-42ec-aa5e-8b3560db1555" status="true" />
      <Event eventName="TriggerParticleTick" time="0.000" isDuration="false" guid="8e78ce99-6457-40eb-92ce-37b21c693e38">
        <TemplateObject name="targetId" objectName="None" id="-1" isTemp="false" refParamName="" useRefParam="false" />
        <TemplateObject name="objectSpaceId" objectName="target" id="1" isTemp="false" refParamName="" useRefParam="false" />
        <String name="resourceName" value="prefab_skill_effects/hero_skill_effects/109_daji/daji_skill03_hurt05" refParamName="" useRefParam="false" />
        <bool name="bIsBindPosYRelateBeHitHeight" value="true" refParamName="" useRefParam="false" />
        <Vector3i name="scalingInt" x="10000" y="10000" z="10000" refParamName="" useRefParam="false" />
        <bool name="bUseRealScaling" value="true" refParamName="" useRefParam="false" />
        <bool name="applyActionSpeedToAnimation" value="true" refParamName="" useRefParam="false" />
        <bool name="bOnlyFollowPos" value="true" refParamName="" useRefParam="false" />
      </Event>
      <SkinOrAvatarList id="10915" />
      <SkinOrAvatarList id="10900" />
      <SkinOrAvatarList id="10901" />
      <SkinOrAvatarList id="10902" />
      <SkinOrAvatarList id="10903" />
      <SkinOrAvatarList id="10904" />
      <SkinOrAvatarList id="10905" />
      <SkinOrAvatarList id="10906" />
      <SkinOrAvatarList id="10907" />
      <SkinOrAvatarList id="10908" />
      <SkinOrAvatarList id="10909" />
      <SkinOrAvatarList id="10910" />
      <SkinOrAvatarList id="10911" />
      <SkinOrAvatarList id="10912" />
      <SkinOrAvatarList id="10913" />
      <SkinOrAvatarList id="10914" />
      <SkinOrAvatarList id="10916" />
      <SkinOrAvatarList id="10917" />
      <SkinOrAvatarList id="10918" />
      <SkinOrAvatarList id="10919" />
      <SkinOrAvatarList id="10920" />
      <SkinOrAvatarList id="10921" />
      <SkinOrAvatarList id="10922" />
      <SkinOrAvatarList id="10923" />
      <SkinOrAvatarList id="10924" />
    </Track>
    <Track trackName="TriggerParticleTick3" eventType="TriggerParticleTick" guid="ecc5e499-7e62-41fc-85ab-b965ef5dd375" enabled="true" useRefParam="false" refParamName="" r="0.000" g="0.000" b="0.000" execOnForceStopped="false" execOnActionCompleted="false" SkinAvatarFilterType="9">
      <Condition id="3" guid="09805859-49f5-4ed0-8a41-b9b2b75ce864" status="true" />
      <Condition id="9" guid="e4411f43-bd56-4669-a08a-a86b723c4cde" status="true" />
      <Event eventName="TriggerParticleTick" time="0.000" isDuration="false" guid="1c5d8302-c9bb-478f-a24d-f828bbb9ff7b">
        <TemplateObject name="targetId" objectName="None" id="-1" isTemp="false" refParamName="" useRefParam="false" />
        <TemplateObject name="objectSpaceId" objectName="target" id="1" isTemp="false" refParamName="" useRefParam="false" />
        <String name="resourceName" value="prefab_skill_effects/hero_skill_effects/109_daji/daji_skill03_hurt05" refParamName="" useRefParam="false" />
        <bool name="bIsBindPosYRelateBeHitHeight" value="true" refParamName="" useRefParam="false" />
        <EulerAngle name="bindRotOffset" x="0.000" y="180.000" z="0.000" refParamName="" useRefParam="false" />
        <Vector3i name="scalingInt" x="10000" y="10000" z="10000" refParamName="" useRefParam="false" />
        <bool name="bUseRealScaling" value="true" refParamName="" useRefParam="false" />
        <bool name="applyActionSpeedToAnimation" value="true" refParamName="" useRefParam="false" />
        <bool name="bOnlyFollowPos" value="true" refParamName="" useRefParam="false" />
      </Event>
      <SkinOrAvatarList id="10915" />
      <SkinOrAvatarList id="10900" />
      <SkinOrAvatarList id="10901" />
      <SkinOrAvatarList id="10902" />
      <SkinOrAvatarList id="10903" />
      <SkinOrAvatarList id="10904" />
      <SkinOrAvatarList id="10905" />
      <SkinOrAvatarList id="10906" />
      <SkinOrAvatarList id="10907" />
      <SkinOrAvatarList id="10908" />
      <SkinOrAvatarList id="10909" />
      <SkinOrAvatarList id="10910" />
      <SkinOrAvatarList id="10911" />
      <SkinOrAvatarList id="10912" />
      <SkinOrAvatarList id="10913" />
      <SkinOrAvatarList id="10914" />
      <SkinOrAvatarList id="10916" />
      <SkinOrAvatarList id="10917" />
      <SkinOrAvatarList id="10918" />
      <SkinOrAvatarList id="10919" />
      <SkinOrAvatarList id="10920" />
      <SkinOrAvatarList id="10921" />
      <SkinOrAvatarList id="10922" />
      <SkinOrAvatarList id="10923" />
      <SkinOrAvatarList id="10924" />
    </Track>
  </Action>
</Project>