﻿<?xml version="1.0" encoding="utf-8"?>
<Project>
  <TemplateObjectList>
    <TemplateObject objectName="self" id="0" isTemp="false" />
    <TemplateObject objectName="target" id="1" isTemp="false" />
    <TemplateObject objectName="bullet" id="2" isTemp="true" />
    <TemplateObject objectName="s2tar" id="3" isTemp="true" />
  </TemplateObjectList>
  <RefParamList>
    <String name="BulletPrefab" value="" refParamName="" useRefParam="false" />
    <Vector3i name="_TargetDir" x="0" y="0" z="0" refParamName="" useRefParam="false" />
    <Vector3i name="_TargetPos" x="0" y="0" z="0" refParamName="" useRefParam="false" />
    <uint name="109u1b51" value="0" refParamName="" useRefParam="false" />
  </RefParamList>
  <Action tag="" length="5.500" loop="false">
    <Track trackName="SpawnLiteObjDuration0" eventType="SpawnLiteObjDuration" guid="c890e4ed-8300-4e21-8d66-757283ec3cc0" enabled="true" useRefParam="false" refParamName="" r="0.000" g="0.000" b="0.000" execOnForceStopped="false" execOnActionCompleted="false">
      <Event eventName="SpawnLiteObjDuration" time="0.500" length="5.000" isDuration="true" guid="de0a8fba-25f6-4c43-845e-252b58519967">
        <String name="OutputLiteBulletName" value="109u1b51" refParamName="" useRefParam="false" />
        <uint name="ConfigID" value="10906" refParamName="" useRefParam="false" />
        <TemplateObject name="ReferenceID" objectName="self" id="0" isTemp="false" refParamName="" useRefParam="false" />
        <TemplateObject name="TargetID" objectName="target" id="1" isTemp="false" refParamName="" useRefParam="false" />
      </Event>
    </Track>
    <Track trackName="HitTriggerTick0" eventType="HitTriggerTick" guid="b0e2e815-7758-4618-a811-93ce54061f48" enabled="true" useRefParam="false" refParamName="" r="0.000" g="0.000" b="0.000" execOnForceStopped="false" execOnActionCompleted="false">
      <Condition id="0" guid="c890e4ed-8300-4e21-8d66-757283ec3cc0" status="true" />
      <Event eventName="HitTriggerTick" time="0.000" isDuration="false" guid="bd8f6e61-2e3b-4717-a3ec-3290e70c08f8">
        <TemplateObject name="targetId" objectName="self" id="0" isTemp="false" refParamName="" useRefParam="false" />
        <bool name="lastHit" value="true" refParamName="" useRefParam="false" />
        <int name="TargetSkillCombine_1" value="109008" refParamName="" useRefParam="false" />
        <int name="TargetSkillCombine_3" value="109300" refParamName="" useRefParam="false" />
        <TemplateObject name="triggerId" objectName="None" id="-1" isTemp="false" refParamName="" useRefParam="false" />
      </Event>
    </Track>
    <Track trackName="StopTrack5" eventType="StopTrack" guid="8f1695ac-edc3-4ca8-ac91-e9e965aaddb6" enabled="true" useRefParam="false" refParamName="" r="0.000" g="0.000" b="0.000" execOnForceStopped="false" execOnActionCompleted="false">
      <Condition id="0" guid="c890e4ed-8300-4e21-8d66-757283ec3cc0" status="true" />
      <Event eventName="StopTrack" time="0.000" isDuration="false" guid="52bcf53c-98df-4e9c-be69-58e9e6a73870">
        <TrackObject name="trackId" id="0" guid="c890e4ed-8300-4e21-8d66-757283ec3cc0" refParamName="" useRefParam="false" />
      </Event>
    </Track>
    <Track trackName="FilterTargetType0" eventType="FilterTargetType" guid="110a914f-cfbf-411c-96e4-45753f49575d" enabled="true" useRefParam="false" refParamName="" r="0.000" g="0.000" b="0.000" execOnForceStopped="false" execOnActionCompleted="false" SkinAvatarFilterType="9">
      <Event eventName="FilterTargetType" time="0.000" isDuration="false" guid="60543a3e-78fa-4e18-9d28-00bef612b37d">
        <TemplateObject name="targetId" objectName="self" id="0" isTemp="false" refParamName="" useRefParam="false" />
        <bool name="bSelectCamp" value="true" refParamName="" useRefParam="false" />
        <Enum name="selectCampCamp" value="1" EnumValue="阵营1" refParamName="" useRefParam="false" />
      </Event>
      <SkinOrAvatarList id="10915" />
      <SkinOrAvatarList id="10900" />
      <SkinOrAvatarList id="10901" />
      <SkinOrAvatarList id="10902" />
      <SkinOrAvatarList id="10903" />
      <SkinOrAvatarList id="10904" />
      <SkinOrAvatarList id="10905" />
      <SkinOrAvatarList id="10906" />
      <SkinOrAvatarList id="10907" />
      <SkinOrAvatarList id="10908" />
      <SkinOrAvatarList id="10909" />
      <SkinOrAvatarList id="10910" />
      <SkinOrAvatarList id="10911" />
      <SkinOrAvatarList id="10912" />
      <SkinOrAvatarList id="10913" />
      <SkinOrAvatarList id="10914" />
      <SkinOrAvatarList id="10916" />
      <SkinOrAvatarList id="10917" />
      <SkinOrAvatarList id="10918" />
      <SkinOrAvatarList id="10919" />
      <SkinOrAvatarList id="10920" />
      <SkinOrAvatarList id="10921" />
      <SkinOrAvatarList id="10922" />
      <SkinOrAvatarList id="10923" />
      <SkinOrAvatarList id="10924" />
    </Track>
    <Track trackName="FilterTargetType0" eventType="FilterTargetType" guid="09ce1bca-78e0-4a42-9bb2-5eb1fcfb3ea7" enabled="true" useRefParam="false" refParamName="" r="0.000" g="0.000" b="0.000" execOnForceStopped="false" execOnActionCompleted="false" SkinAvatarFilterType="9">
      <Event eventName="FilterTargetType" time="0.000" isDuration="false" guid="07032c13-67a6-40d3-9272-13ba743a6251">
        <TemplateObject name="targetId" objectName="self" id="0" isTemp="false" refParamName="" useRefParam="false" />
        <bool name="bSelectCamp" value="true" refParamName="" useRefParam="false" />
        <Enum name="selectCampCamp" value="2" EnumValue="阵营2" refParamName="" useRefParam="false" />
      </Event>
      <SkinOrAvatarList id="10915" />
      <SkinOrAvatarList id="10900" />
      <SkinOrAvatarList id="10901" />
      <SkinOrAvatarList id="10902" />
      <SkinOrAvatarList id="10903" />
      <SkinOrAvatarList id="10904" />
      <SkinOrAvatarList id="10905" />
      <SkinOrAvatarList id="10906" />
      <SkinOrAvatarList id="10907" />
      <SkinOrAvatarList id="10908" />
      <SkinOrAvatarList id="10909" />
      <SkinOrAvatarList id="10910" />
      <SkinOrAvatarList id="10911" />
      <SkinOrAvatarList id="10912" />
      <SkinOrAvatarList id="10913" />
      <SkinOrAvatarList id="10914" />
      <SkinOrAvatarList id="10916" />
      <SkinOrAvatarList id="10917" />
      <SkinOrAvatarList id="10918" />
      <SkinOrAvatarList id="10919" />
      <SkinOrAvatarList id="10920" />
      <SkinOrAvatarList id="10921" />
      <SkinOrAvatarList id="10922" />
      <SkinOrAvatarList id="10923" />
      <SkinOrAvatarList id="10924" />
    </Track>
    <Track trackName="TriggerParticleTick3" eventType="TriggerParticleTick" guid="c2686ab9-0f1e-4c6a-97ab-1e7c7e357db9" enabled="true" useRefParam="false" refParamName="" r="0.000" g="0.000" b="0.000" execOnForceStopped="false" execOnActionCompleted="false" SkinAvatarFilterType="9">
      <Condition id="0" guid="c890e4ed-8300-4e21-8d66-757283ec3cc0" status="true" />
      <Condition id="3" guid="110a914f-cfbf-411c-96e4-45753f49575d" status="true" />
      <Event eventName="TriggerParticleTick" time="0.000" isDuration="false" guid="80f1ff82-6822-4f69-b147-9fff1bf9d74d">
        <TemplateObject name="targetId" objectName="None" id="-1" isTemp="false" refParamName="" useRefParam="false" />
        <TemplateObject name="objectSpaceId" objectName="target" id="1" isTemp="false" refParamName="" useRefParam="false" />
        <String name="resourceName" value="prefab_skill_effects/hero_skill_effects/109_daji/daji_skill03_hurt05" refParamName="" useRefParam="false" />
        <bool name="bIsBindPosYRelateBeHitHeight" value="true" refParamName="" useRefParam="false" />
        <Vector3i name="scalingInt" x="10000" y="10000" z="10000" refParamName="" useRefParam="false" />
        <bool name="bUseRealScaling" value="true" refParamName="" useRefParam="false" />
        <bool name="applyActionSpeedToAnimation" value="true" refParamName="" useRefParam="false" />
        <bool name="bOnlyFollowPos" value="true" refParamName="" useRefParam="false" />
      </Event>
      <SkinOrAvatarList id="10915" />
      <SkinOrAvatarList id="10900" />
      <SkinOrAvatarList id="10901" />
      <SkinOrAvatarList id="10902" />
      <SkinOrAvatarList id="10903" />
      <SkinOrAvatarList id="10904" />
      <SkinOrAvatarList id="10905" />
      <SkinOrAvatarList id="10906" />
      <SkinOrAvatarList id="10907" />
      <SkinOrAvatarList id="10908" />
      <SkinOrAvatarList id="10909" />
      <SkinOrAvatarList id="10910" />
      <SkinOrAvatarList id="10911" />
      <SkinOrAvatarList id="10912" />
      <SkinOrAvatarList id="10913" />
      <SkinOrAvatarList id="10914" />
      <SkinOrAvatarList id="10916" />
      <SkinOrAvatarList id="10917" />
      <SkinOrAvatarList id="10918" />
      <SkinOrAvatarList id="10919" />
      <SkinOrAvatarList id="10920" />
      <SkinOrAvatarList id="10921" />
      <SkinOrAvatarList id="10922" />
      <SkinOrAvatarList id="10923" />
      <SkinOrAvatarList id="10924" />
    </Track>
    <Track trackName="TriggerParticleTick3" eventType="TriggerParticleTick" guid="b6f463ec-952e-4a72-b4f9-d1169402b1f2" enabled="true" useRefParam="false" refParamName="" r="0.000" g="0.000" b="0.000" execOnForceStopped="false" execOnActionCompleted="false" SkinAvatarFilterType="9">
      <Condition id="0" guid="c890e4ed-8300-4e21-8d66-757283ec3cc0" status="true" />
      <Condition id="4" guid="09ce1bca-78e0-4a42-9bb2-5eb1fcfb3ea7" status="true" />
      <Event eventName="TriggerParticleTick" time="0.000" isDuration="false" guid="c8f37b01-30fb-4c3c-8385-3c48223ffc41">
        <TemplateObject name="targetId" objectName="None" id="-1" isTemp="false" refParamName="" useRefParam="false" />
        <TemplateObject name="objectSpaceId" objectName="target" id="1" isTemp="false" refParamName="" useRefParam="false" />
        <String name="resourceName" value="prefab_skill_effects/hero_skill_effects/109_daji/daji_skill03_hurt05" refParamName="" useRefParam="false" />
        <bool name="bIsBindPosYRelateBeHitHeight" value="true" refParamName="" useRefParam="false" />
        <EulerAngle name="bindRotOffset" x="0.000" y="180.000" z="0.000" refParamName="" useRefParam="false" />
        <Vector3i name="scalingInt" x="10000" y="10000" z="10000" refParamName="" useRefParam="false" />
        <bool name="bUseRealScaling" value="true" refParamName="" useRefParam="false" />
        <bool name="applyActionSpeedToAnimation" value="true" refParamName="" useRefParam="false" />
        <bool name="bOnlyFollowPos" value="true" refParamName="" useRefParam="false" />
      </Event>
      <SkinOrAvatarList id="10915" />
      <SkinOrAvatarList id="10900" />
      <SkinOrAvatarList id="10901" />
      <SkinOrAvatarList id="10902" />
      <SkinOrAvatarList id="10903" />
      <SkinOrAvatarList id="10904" />
      <SkinOrAvatarList id="10905" />
      <SkinOrAvatarList id="10906" />
      <SkinOrAvatarList id="10907" />
      <SkinOrAvatarList id="10908" />
      <SkinOrAvatarList id="10909" />
      <SkinOrAvatarList id="10910" />
      <SkinOrAvatarList id="10911" />
      <SkinOrAvatarList id="10912" />
      <SkinOrAvatarList id="10913" />
      <SkinOrAvatarList id="10914" />
      <SkinOrAvatarList id="10916" />
      <SkinOrAvatarList id="10917" />
      <SkinOrAvatarList id="10918" />
      <SkinOrAvatarList id="10919" />
      <SkinOrAvatarList id="10920" />
      <SkinOrAvatarList id="10921" />
      <SkinOrAvatarList id="10922" />
      <SkinOrAvatarList id="10923" />
      <SkinOrAvatarList id="10924" />
    </Track>
  </Action>
</Project>