﻿<?xml version="1.0" encoding="utf-8"?>
<Project>
  <TemplateObjectList>
    <TemplateObject id="0" objectName="self" isTemp="false" />
  </TemplateObjectList>
  <RefParamList />
  <Action tag="" length="4.500" loop="false">
    <Track trackName="12912" eventType="CheckSkinIdVirtualTick" guid="6aad934c-7c92-468e-b4c5-7235e259a851" enabled="true" useRefParam="false" refParamName="" r="0.000" g="0.000" b="0.000" execOnForceStopped="false" execOnActionCompleted="false" stopAfterLastEvent="true">
      <Event eventName="CheckSkinIdVirtualTick" time="0.000" isDuration="false" guid="b95ae1b3-1020-45c3-8631-06f4766ade61">
        <TemplateObject name="targetId" id="0" objectName="self" isTemp="false" refParamName="" useRefParam="false" />
        <int name="skinId" value="12992" refParamName="" useRefParam="false" />
        <bool name="useNegateValue" value="true" refParamName="" useRefParam="false" />
      </Event>
    </Track>
    <Track trackName="非12912" eventType="CheckSkinIdVirtualTick" guid="a3ef067b-15f6-4772-b69a-bca5d2cd95d5" enabled="true" useRefParam="false" refParamName="" r="0.000" g="0.000" b="0.000" execOnForceStopped="false" execOnActionCompleted="false" stopAfterLastEvent="true">
      <Event eventName="CheckSkinIdVirtualTick" time="0.000" isDuration="false" guid="9ac66784-6309-46ca-b86b-b6dd384f1ebf">
        <TemplateObject name="targetId" id="0" objectName="self" isTemp="false" refParamName="" useRefParam="false" />
        <int name="skinId" value="12992" refParamName="" useRefParam="false" />
        <bool name="useNegateValue" value="false" refParamName="" useRefParam="false" />
      </Event>
    </Track>
    <Track trackName="PlayAnimationTick0" eventType="PlayAnimationTick" guid="786f1ad6-fd57-4adc-b724-9b335c23e7ad" enabled="true" useRefParam="false" refParamName="" r="0.000" g="0.000" b="0.000" execOnForceStopped="false" execOnActionCompleted="false" stopAfterLastEvent="true" lod="0">
      <Condition id="0" guid="6aad934c-7c92-468e-b4c5-7235e259a851" status="true" />
      <Event eventName="PlayAnimationTick" time="0.000" isDuration="false" guid="4dd85f42-ec3a-4435-aa62-cfda685bdd8d">
        <TemplateObject name="targetId" id="0" objectName="self" isTemp="false" refParamName="" useRefParam="false" />
        <String name="clipName" value="Dead" refParamName="" useRefParam="false" />
        <float name="crossFadeTime" value="0.100" refParamName="" useRefParam="false" />
        <int name="layer" value="5" refParamName="" useRefParam="false" />
      </Event>
    </Track>
    <Track trackName="PlayAnimationTick0" eventType="PlayAnimationTick" guid="9292bb11-4c34-4132-be13-39c92ac7dfa1" enabled="true" useRefParam="false" refParamName="" r="0.000" g="0.000" b="0.000" execOnForceStopped="false" execOnActionCompleted="false" stopAfterLastEvent="true">
      <Condition id="1" guid="a3ef067b-15f6-4772-b69a-bca5d2cd95d5" status="true" />
      <Event eventName="PlayAnimationTick" time="0.000" isDuration="false" guid="d3fe3535-3944-4b96-916f-36fb8464019c">
        <TemplateObject name="targetId" id="0" objectName="self" isTemp="false" refParamName="" useRefParam="false" />
        <String name="clipName" value="Dead" refParamName="" useRefParam="false" />
        <float name="crossFadeTime" value="0.100" refParamName="" useRefParam="false" />
        <int name="layer" value="0" refParamName="" useRefParam="false" />
      </Event>
    </Track>
    <Track trackName="PlayHeroSoundTick15" eventType="PlayHeroSoundTick" guid="099ca7d5-a6a1-4252-931f-0dcbf62fcc93" enabled="true" useRefParam="false" refParamName="" r="0.000" g="0.000" b="0.000" execOnForceStopped="false" execOnActionCompleted="false" stopAfterLastEvent="true" lod="0">
      <Event eventName="PlayHeroSoundTick" time="0.000" isDuration="false" guid="3fb23802-5023-4c43-8744-5337e7a97cf7">
        <TemplateObject name="targetId" id="0" objectName="self" isTemp="false" refParamName="" useRefParam="false" />
        <String name="eventName" value="Play_DianWei_Voice_Dead" refParamName="" useRefParam="false" />
      </Event>
    </Track>
  </Action>
</Project>