﻿<?xml version="1.0" encoding="utf-8"?>
<Project>
  <TemplateObjectList>
    <TemplateObject objectName="self" id="0" isTemp="false" />
    <TemplateObject objectName="target" id="1" isTemp="false" />
    <TemplateObject objectName="bullet" id="2" isTemp="true" />
  </TemplateObjectList>
  <RefParamList>
    <Vector3i name="targetdir" x="0" y="0" z="0" refParamName="" useRefParam="false" />
    <Vector3i name="_TargetPos" x="0" y="0" z="0" refParamName="" useRefParam="false" />
  </RefParamList>
  <Action tag="" length="1.333" loop="false">
    <Track trackName="SetBehaviourModeTick0" eventType="SetBehaviourModeTick" guid="884649fb-eee1-4f09-8e8c-136817834eb9" enabled="true" useRefParam="false" refParamName="" r="0.000" g="0.000" b="0.000" execOnForceStopped="false" execOnActionCompleted="false" stopAfterLastEvent="true">
      <Event eventName="SetBehaviourModeTick" time="0.000" isDuration="false" guid="bad2b676-28c2-4549-bf11-1f50607fc1af">
        <TemplateObject name="targetId" objectName="self" id="0" isTemp="false" refParamName="" useRefParam="false" />
      </Event>
    </Track>
    <Track trackName="SetAttackDirDuration0" eventType="SetAttackDirDuration" guid="13f98c0c-0c95-4e18-aeb2-1fef43e76e8b" enabled="true" useRefParam="false" refParamName="" r="0.000" g="0.000" b="0.000" execOnForceStopped="false" execOnActionCompleted="false" stopAfterLastEvent="true">
      <Event eventName="SetAttackDirDuration" time="0.000" length="0.066" isDuration="true" guid="b956fac4-4e3e-42bb-8579-c12fa9c8db26">
        <TemplateObject name="attackerId" objectName="self" id="0" isTemp="false" refParamName="" useRefParam="false" />
        <bool name="bImmediateRotate" value="true" refParamName="" useRefParam="false" />
      </Event>
    </Track>
    <Track trackName="ForbidAbilityDuration0" eventType="ForbidAbilityDuration" guid="ef83c52f-dabe-48fc-b788-c62d0b1ef8df" enabled="true" useRefParam="false" refParamName="" r="0.000" g="0.000" b="0.000" execOnForceStopped="false" execOnActionCompleted="false" stopAfterLastEvent="true">
      <Event eventName="ForbidAbilityDuration" time="0.000" length="0.350" isDuration="true" guid="93d7ac5b-28e2-4cbf-b4db-a80d89d1c0db">
        <TemplateObject name="attackerId" objectName="self" id="0" isTemp="false" refParamName="" useRefParam="false" />
        <bool name="forbidMove" value="true" refParamName="" useRefParam="false" />
        <bool name="delaySkillAbort" value="true" refParamName="" useRefParam="false" />
      </Event>
    </Track>
    <Track trackName="ForbidAbilityDuration0" eventType="ForbidAbilityDuration" guid="466e36ab-2dfc-4099-becb-6a7b1582fc14" enabled="true" useRefParam="false" refParamName="" r="0.000" g="0.000" b="0.000" execOnForceStopped="false" execOnActionCompleted="false" stopAfterLastEvent="true">
      <Event eventName="ForbidAbilityDuration" time="0.350" length="0.050" isDuration="true" guid="4cdab078-3a75-4736-adef-a4fc626099fd">
        <TemplateObject name="attackerId" objectName="self" id="0" isTemp="false" refParamName="" useRefParam="false" />
        <bool name="forbidMove" value="true" refParamName="" useRefParam="false" />
        <bool name="abortFilterSkill0" value="true" refParamName="" useRefParam="false" />
        <bool name="abortFilterSkill1" value="true" refParamName="" useRefParam="false" />
        <bool name="abortFilterSkill2" value="true" refParamName="" useRefParam="false" />
        <bool name="abortFilterSkill3" value="true" refParamName="" useRefParam="false" />
        <bool name="abortFilterSkill4" value="true" refParamName="" useRefParam="false" />
        <bool name="delaySkillAbort" value="true" refParamName="" useRefParam="false" />
      </Event>
    </Track>
    <Track trackName="SkillInputCacheDuration16" eventType="SkillInputCacheDuration" guid="1cd36323-6168-4a79-ac9c-a34bdb2986ed" enabled="true" useRefParam="false" refParamName="" r="0.000" g="0.000" b="0.000" execOnForceStopped="false" execOnActionCompleted="false" stopAfterLastEvent="true">
      <Event eventName="SkillInputCacheDuration" time="0.000" length="0.400" isDuration="true" guid="ee0669d1-c34f-467d-8b4d-93bb4f666fc3">
        <TemplateObject name="targetId" objectName="self" id="0" isTemp="false" refParamName="" useRefParam="false" />
        <bool name="cacheSkill" value="true" refParamName="" useRefParam="false" />
      </Event>
    </Track>
    <Track trackName="SkillInputCacheDuration18" eventType="SkillInputCacheDuration" guid="a51eb742-495e-44b2-aa71-d30f761ffcc0" enabled="true" useRefParam="false" refParamName="" r="0.000" g="0.000" b="0.000" execOnForceStopped="false" execOnActionCompleted="false" stopAfterLastEvent="true">
      <Event eventName="SkillInputCacheDuration" time="0.300" length="0.100" isDuration="true" guid="68a1cab2-0d2c-410b-9f32-dc2a1392c4ba">
        <TemplateObject name="targetId" objectName="self" id="0" isTemp="false" refParamName="" useRefParam="false" />
        <bool name="cacheMove" value="true" refParamName="" useRefParam="false" />
      </Event>
    </Track>
    <Track trackName="SetAnimationParamsTick0" eventType="SetAnimationParamsTick" guid="ddc168d6-1018-4f04-8b4a-30cd4e6e8e2e" enabled="true" useRefParam="false" refParamName="" r="0.000" g="0.000" b="0.000" execOnForceStopped="false" execOnActionCompleted="false" stopAfterLastEvent="true">
      <Event eventName="SetAnimationParamsTick" time="0.000" isDuration="false" guid="a0ac5e4e-545c-4380-808b-5252054bedeb">
        <TemplateObject name="targetId" objectName="self" id="0" isTemp="false" refParamName="" useRefParam="false" />
        <Array name="boolNames" refParamName="" useRefParam="false" type="String">
          <String value="run" />
        </Array>
        <Array name="boolValues" refParamName="" useRefParam="false" type="bool">
          <bool value="false" />
        </Array>
      </Event>
    </Track>
    <Track trackName="非15013" eventType="CheckSkinIdTick" guid="4c80a7ff-e734-4c69-90ee-916c0154fac0" enabled="true" useRefParam="false" refParamName="" r="0.000" g="0.000" b="0.000" execOnForceStopped="false" execOnActionCompleted="false" stopAfterLastEvent="true">
      <Event eventName="CheckSkinIdTick" time="0.000" isDuration="false" guid="f7657d02-a641-45fd-ad6f-15aa7f837f77">
        <TemplateObject name="targetId" objectName="self" id="0" isTemp="false" refParamName="" useRefParam="false" />
        <int name="skinId" value="15013" refParamName="" useRefParam="false" />
        <bool name="bEqual" value="false" refParamName="" useRefParam="false" />
        <bool name="bSkipLogicCheck" value="true" refParamName="" useRefParam="false" />
      </Event>
    </Track>
    <Track trackName="PlayAnimDuration0" eventType="PlayAnimDuration" guid="e6fdaa44-99f2-47a6-9982-a826cff841b9" enabled="true" useRefParam="false" refParamName="" r="0.000" g="0.000" b="0.000" execOnForceStopped="false" execOnActionCompleted="false" stopAfterLastEvent="true">
      <Condition id="7" guid="4c80a7ff-e734-4c69-90ee-916c0154fac0" status="true" />
      <Event eventName="PlayAnimDuration" time="0.000" length="1.333" isDuration="true" guid="fd7d8a67-45f7-45a1-b267-740f24fbfce5">
        <TemplateObject name="targetId" objectName="self" id="0" isTemp="false" refParamName="" useRefParam="false" />
        <String name="clipName" value="Spell2_1" refParamName="" useRefParam="false" />
        <int name="layer" value="2" refParamName="" useRefParam="false" />
        <float name="crossFadeTime" value="0.100" refParamName="" useRefParam="false" />
        <bool name="bUseFadeOutTime" value="true" refParamName="" useRefParam="false" />
        <float name="fadeOutTime" value="0.200" refParamName="" useRefParam="false" />
        <bool name="applyActionSpeed" value="true" refParamName="" useRefParam="false" />
      </Event>
    </Track>
    <Track trackName="MoveActorDuration1" eventType="MoveActorDuration" guid="2b40cd9e-245c-40d5-90d3-7ae221ec9ec0" enabled="true" useRefParam="false" refParamName="" r="0.000" g="0.000" b="0.000" execOnForceStopped="false" execOnActionCompleted="false" stopAfterLastEvent="true">
      <Event eventName="MoveActorDuration" time="0.000" length="0.300" isDuration="true" guid="617dde46-e0e4-4c45-aca9-626ab2d29b88">
        <Enum name="moveType" value="2" EnumValue="指定朝向" refParamName="" useRefParam="false" />
        <TemplateObject name="actorId" objectName="self" id="0" isTemp="false" refParamName="" useRefParam="false" />
        <int name="moveDistance" value="-6000" refParamName="" useRefParam="false" />
        <int name="moveSpeed" value="-30000" refParamName="" useRefParam="false" />
        <bool name="enableRotate" value="true" refParamName="" useRefParam="false" />
        <bool name="IgnoreCollision" value="true" refParamName="" useRefParam="false" />
      </Event>
    </Track>
    <Track trackName="SkillCDTriggerTick0" eventType="SkillCDTriggerTick" guid="411601eb-eb52-4144-9d40-b22cf57ccc52" enabled="true" useRefParam="false" refParamName="" r="0.000" g="0.000" b="0.000" execOnForceStopped="false" execOnActionCompleted="false" stopAfterLastEvent="true">
      <Event eventName="SkillCDTriggerTick" time="0.000" isDuration="false" guid="2803946c-c0bd-43e4-a84b-6ff7246d46a2">
        <TemplateObject name="targetId" objectName="self" id="0" isTemp="false" refParamName="" useRefParam="false" />
      </Event>
    </Track>
    <Track trackName="SkillUseCacheTick4" eventType="SkillUseCacheTick" guid="3360bac9-6bfd-4b58-980b-97919ced37ce" enabled="true" useRefParam="false" refParamName="" r="0.000" g="0.000" b="0.000" execOnForceStopped="false" execOnActionCompleted="false" stopAfterLastEvent="true">
      <Event eventName="SkillUseCacheTick" time="0.400" isDuration="false" guid="96d6f6fd-06fd-40fe-be1d-bd306aed3076">
        <TemplateObject name="targetId" objectName="self" id="0" isTemp="false" refParamName="" useRefParam="false" />
      </Event>
    </Track>
    <Track trackName="ChangeSkillTriggerTick4" eventType="ChangeSkillTriggerTick" guid="cf748d66-b284-4a2c-9e97-dfef7072cc90" enabled="true" useRefParam="false" refParamName="" r="0.000" g="0.000" b="0.000" execOnForceStopped="false" execOnActionCompleted="false" stopAfterLastEvent="true">
      <Event eventName="ChangeSkillTriggerTick" time="0.000" isDuration="false" guid="d41e384c-4fbc-4775-8345-0115775f15ec">
        <TemplateObject name="targetId" objectName="self" id="0" isTemp="false" refParamName="" useRefParam="false" />
        <int name="effectTime" value="3000" refParamName="" useRefParam="false" />
        <int name="recoverSkillID" value="15000" refParamName="" useRefParam="false" />
        <bool name="bOvertimeCD" value="false" refParamName="" useRefParam="false" />
        <int name="changeSkillID" value="15021" refParamName="" useRefParam="false" />
      </Event>
    </Track>
    <Track trackName="15013" eventType="CheckSkinIdTick" guid="0ba75381-3d32-4aa6-9e9f-7fc5a2488448" enabled="true" useRefParam="false" refParamName="" r="0.000" g="0.000" b="0.000" execOnForceStopped="false" execOnActionCompleted="false" stopAfterLastEvent="true">
      <Event eventName="CheckSkinIdTick" time="0.000" isDuration="false" guid="9a926423-fcd8-44e0-908b-787a8efb6d11">
        <TemplateObject name="targetId" objectName="self" id="0" isTemp="false" refParamName="" useRefParam="false" />
        <int name="skinId" value="15013" refParamName="" useRefParam="false" />
        <bool name="bSkipLogicCheck" value="true" refParamName="" useRefParam="false" />
      </Event>
    </Track>
    <Track trackName="15013逻辑层" eventType="CheckSkinIdTick" guid="b73050c0-0afc-4e3b-98e2-6ffe12d3d489" enabled="true" useRefParam="false" refParamName="" r="0.000" g="0.000" b="0.000" execOnForceStopped="false" execOnActionCompleted="false" stopAfterLastEvent="true">
      <Event eventName="CheckSkinIdTick" time="0.000" isDuration="false" guid="d5b0ee5e-3b90-4386-9cc3-dc2690f24c1b">
        <TemplateObject name="targetId" objectName="self" id="0" isTemp="false" refParamName="" useRefParam="false" />
        <int name="skinId" value="15013" refParamName="" useRefParam="false" />
      </Event>
    </Track>
    <Track trackName="检测蓝buff" eventType="CheckSkillCombineConditionTick" guid="84b2cbba-51cc-4673-adab-a3624a854953" enabled="true" useRefParam="false" refParamName="" r="0.000" g="0.000" b="0.000" execOnForceStopped="false" execOnActionCompleted="false" stopAfterLastEvent="true">
      <Event eventName="CheckSkillCombineConditionTick" time="0.000" isDuration="false" guid="602b03c0-89a5-49da-8056-da98dd7ea5a1">
        <TemplateObject name="targetId" objectName="self" id="0" isTemp="false" refParamName="" useRefParam="false" />
        <int name="skillCombineId" value="7902120" refParamName="" useRefParam="false" />
        <Enum name="checkOPType" value="5" EnumValue="大等于" refParamName="" useRefParam="false" />
        <int name="skillCombineLevel" value="1" refParamName="" useRefParam="false" />
      </Event>
    </Track>
    <Track trackName="StopTrack0" eventType="StopTrack" guid="89e9fe10-5e42-48ab-9645-51638a7d13dd" enabled="true" useRefParam="false" refParamName="" r="0.000" g="0.000" b="0.000" execOnForceStopped="false" execOnActionCompleted="false" stopAfterLastEvent="true">
      <Condition id="14" guid="b73050c0-0afc-4e3b-98e2-6ffe12d3d489" status="true" />
      <Condition id="15" guid="84b2cbba-51cc-4673-adab-a3624a854953" status="true" />
      <Event eventName="StopTrack" time="0.000" isDuration="false" guid="c7f81f69-cac1-46eb-b141-e1c4677590e2">
        <TrackObject name="trackId" id="17" guid="28731359-1129-431c-813e-30ce1e9a0e30" refParamName="" useRefParam="false" />
        <bool name="alsoStopNotStartedTrack" value="true" refParamName="" useRefParam="false" />
      </Event>
    </Track>
    <Track trackName="TriggerParticle0" eventType="TriggerParticle" guid="28731359-1129-431c-813e-30ce1e9a0e30" enabled="true" useRefParam="false" refParamName="" r="0.000" g="0.000" b="0.000" execOnForceStopped="false" execOnActionCompleted="false" stopAfterLastEvent="true">
      <Condition id="13" guid="0ba75381-3d32-4aa6-9e9f-7fc5a2488448" status="true" />
      <Condition id="15" guid="84b2cbba-51cc-4673-adab-a3624a854953" status="false" />
      <Event eventName="TriggerParticle" time="0.000" length="1.200" isDuration="true" guid="089e83d9-1fd1-4070-820a-79feba93a630">
        <TemplateObject name="targetId" objectName="self" id="0" isTemp="false" refParamName="" useRefParam="false" />
        <TemplateObject name="objectSpaceId" objectName="self" id="0" isTemp="false" refParamName="" useRefParam="false" />
        <String name="resourceName" value="prefab_skill_effects/hero_skill_effects/150_hanxin/hanxin_attack01_spell05" refParamName="" useRefParam="false" />
        <EulerAngle name="bindRotOffset" x="0.000" y="180.000" z="0.000" refParamName="" useRefParam="false" />
        <Vector3i name="scalingInt" x="10000" y="10000" z="10000" refParamName="" useRefParam="false" />
        <String name="syncAnimationName" value="" refParamName="" useRefParam="false" />
        <String name="customTagName" value="" refParamName="" useRefParam="false" />
      </Event>
    </Track>
    <Track trackName="TriggerParticle0" eventType="TriggerParticle" guid="52e00d67-26d7-42f0-93b5-93e7b22c7660" enabled="true" useRefParam="false" refParamName="" r="0.000" g="0.000" b="0.000" execOnForceStopped="false" execOnActionCompleted="false" stopAfterLastEvent="true">
      <Condition id="15" guid="84b2cbba-51cc-4673-adab-a3624a854953" status="true" />
      <Condition id="13" guid="0ba75381-3d32-4aa6-9e9f-7fc5a2488448" status="true" />
      <Event eventName="TriggerParticle" time="0.000" length="1.200" isDuration="true" guid="654eae1f-107c-43a6-ac1c-62aa6e33c4b6">
        <TemplateObject name="targetId" objectName="self" id="0" isTemp="false" refParamName="" useRefParam="false" />
        <TemplateObject name="objectSpaceId" objectName="self" id="0" isTemp="false" refParamName="" useRefParam="false" />
        <String name="resourceName" value="prefab_skill_effects/hero_skill_effects/150_hanxin/hanxin_attack01_spell05_1" refParamName="" useRefParam="false" />
        <EulerAngle name="bindRotOffset" x="0.000" y="180.000" z="0.000" refParamName="" useRefParam="false" />
        <Vector3i name="scalingInt" x="10000" y="10000" z="10000" refParamName="" useRefParam="false" />
        <String name="syncAnimationName" value="" refParamName="" useRefParam="false" />
        <String name="customTagName" value="" refParamName="" useRefParam="false" />
      </Event>
    </Track>
    <Track trackName="15015" eventType="CheckSkinIdTick" guid="724de831-fd0f-439a-a459-0a1335ffef46" enabled="true" useRefParam="false" refParamName="" r="0.000" g="0.000" b="0.000" execOnForceStopped="false" execOnActionCompleted="false" stopAfterLastEvent="true">
      <Event eventName="CheckSkinIdTick" time="0.000" isDuration="false" guid="c0c49060-fc95-4692-ba9f-a2eb75bbe9c3">
        <TemplateObject name="targetId" objectName="self" id="0" isTemp="false" refParamName="" useRefParam="false" />
        <int name="skinId" value="15015" refParamName="" useRefParam="false" />
      </Event>
    </Track>
    <Track trackName="15015" eventType="TriggerParticleTick" guid="e7226a7f-ad02-480e-94ac-a421310a2024" enabled="false" useRefParam="false" refParamName="" r="0.000" g="0.000" b="0.000" execOnForceStopped="false" execOnActionCompleted="false" stopAfterLastEvent="true">
      <Condition id="19" guid="724de831-fd0f-439a-a459-0a1335ffef46" status="true" />
      <Event eventName="TriggerParticleTick" time="0.000" isDuration="false" guid="78ab279a-01bd-4ac6-88f4-f9c86745462b">
        <TemplateObject name="targetId" objectName="None" id="-1" isTemp="false" refParamName="" useRefParam="false" />
        <TemplateObject name="objectSpaceId" objectName="self" id="0" isTemp="false" refParamName="" useRefParam="false" />
        <String name="resourceName" value="prefab_skill_effects/hero_skill_effects/150_hanxin/hanxin_attack01_spell05" refParamName="" useRefParam="false" />
        <float name="lifeTime" value="1.200" refParamName="" useRefParam="false" />
        <EulerAngle name="bindRotOffset" x="0.000" y="180.000" z="0.000" refParamName="" useRefParam="false" />
        <Vector3i name="scalingInt" x="10000" y="10000" z="10000" refParamName="" useRefParam="false" />
      </Event>
    </Track>
    <Track trackName="SpawnBulletTick0" eventType="SpawnBulletTick" guid="0257db41-7b49-4f1b-a294-96f6d19bf012" enabled="true" useRefParam="false" refParamName="" r="0.000" g="0.000" b="0.000" execOnForceStopped="false" execOnActionCompleted="false" stopAfterLastEvent="true">
      <Condition id="19" guid="724de831-fd0f-439a-a459-0a1335ffef46" status="true" />
      <Event eventName="SpawnBulletTick" time="0.000" isDuration="false" guid="3f567dd6-78d5-4b3b-bcfc-14a7acea34af">
        <TemplateObject name="targetId" objectName="self" id="0" isTemp="false" refParamName="" useRefParam="false" />
        <String name="ActionName" value="prefab_characters/prefab_hero/150_hanxin/skill/15015" refParamName="" useRefParam="false" />
        <bool name="bDeadRemove" value="true" refParamName="" useRefParam="false" />
      </Event>
    </Track>
    <Track trackName="StopTrack0" eventType="StopTrack" guid="5de3e721-826a-4786-938e-a3a5d5921488" enabled="true" useRefParam="false" refParamName="" r="0.000" g="0.000" b="0.000" execOnForceStopped="false" execOnActionCompleted="false" stopAfterLastEvent="true">
      <Condition id="19" guid="724de831-fd0f-439a-a459-0a1335ffef46" status="true" />
      <Event eventName="StopTrack" time="0.000" isDuration="false" guid="6d3b55b6-cf2b-4444-bb6e-623a2adce080">
        <TrackObject name="trackId" id="24" guid="9b9a99b0-d05b-4100-9e34-edd6a8def82d" refParamName="" useRefParam="false" />
      </Event>
    </Track>
    <Track trackName="非15013" eventType="CheckSkinIdTick" guid="f296e00e-8b53-47d5-87b6-65dfec7ef718" enabled="true" useRefParam="false" refParamName="" r="0.000" g="0.000" b="0.000" execOnForceStopped="false" execOnActionCompleted="false" stopAfterLastEvent="true">
      <Event eventName="CheckSkinIdTick" time="0.000" isDuration="false" guid="7bf74240-c800-453b-a34d-7fda028d047a">
        <TemplateObject name="targetId" objectName="self" id="0" isTemp="false" refParamName="" useRefParam="false" />
        <int name="skinId" value="15013" refParamName="" useRefParam="false" />
        <bool name="bEqual" value="false" refParamName="" useRefParam="false" />
        <bool name="bSkipLogicCheck" value="true" refParamName="" useRefParam="false" />
      </Event>
    </Track>
    <Track trackName="TriggerParticle0" eventType="TriggerParticle" guid="9b9a99b0-d05b-4100-9e34-edd6a8def82d" enabled="true" useRefParam="false" refParamName="" r="0.000" g="0.000" b="0.000" execOnForceStopped="false" execOnActionCompleted="false" stopAfterLastEvent="true">
      <Condition id="23" guid="f296e00e-8b53-47d5-87b6-65dfec7ef718" status="true" />
      <Event eventName="TriggerParticle" time="0.000" length="1.200" isDuration="true" guid="c903085f-d2ff-4b33-a204-e9850a4e2022">
        <TemplateObject name="targetId" objectName="None" id="-1" isTemp="false" refParamName="" useRefParam="false" />
        <TemplateObject name="objectSpaceId" objectName="self" id="0" isTemp="false" refParamName="" useRefParam="false" />
        <String name="resourceName" value="prefab_skill_effects/hero_skill_effects/150_hanxin/hanxin_attack01_spell05" refParamName="" useRefParam="false" />
        <EulerAngle name="bindRotOffset" x="0.000" y="180.000" z="0.000" refParamName="" useRefParam="false" />
        <Vector3i name="scalingInt" x="10000" y="10000" z="10000" refParamName="" useRefParam="false" />
        <String name="syncAnimationName" value="" refParamName="" useRefParam="false" />
        <String name="customTagName" value="" refParamName="" useRefParam="false" />
      </Event>
    </Track>
    <Track trackName="SpawnObjectDuration2" eventType="SpawnObjectDuration" guid="3d8a6548-59d9-467c-b1be-d0aff407e978" enabled="true" useRefParam="false" refParamName="" r="0.000" g="0.000" b="0.000" execOnForceStopped="false" execOnActionCompleted="false" stopAfterLastEvent="true">
      <Event eventName="SpawnObjectDuration" time="0.000" length="0.400" isDuration="true" guid="4f002aea-02f7-4b42-81a5-f0aee8de13be">
        <TemplateObject name="targetId" objectName="bullet" id="2" isTemp="true" refParamName="" useRefParam="false" />
        <TemplateObject name="objectSpaceId" objectName="self" id="0" isTemp="false" refParamName="" useRefParam="false" />
        <String name="prefabName" value="prefab_characters/commonempty" refParamName="" useRefParam="false" />
        <bool name="modifyDirection" value="true" refParamName="" useRefParam="false" />
        <Vector3i name="direction" x="0" y="0" z="0" refParamName="" useRefParam="false" />
        <TemplateObject name="materialParentActorId" objectName="None" id="-1" isTemp="false" refParamName="" useRefParam="false" />
        <bool name="bSameVisibleAsAttacker" value="true" refParamName="" useRefParam="false" />
        <TemplateObject name="visionActorId" objectName="self" id="0" isTemp="false" refParamName="" useRefParam="false" />
        <bool name="bRefreshVision" value="true" refParamName="" useRefParam="false" />
        <TemplateObject name="recordTargeID" objectName="None" id="-1" isTemp="false" refParamName="" useRefParam="false" />
      </Event>
    </Track>
    <Track trackName="TriggerParticle1" eventType="TriggerParticle" guid="7321eb67-5dd1-4a2e-b29f-bb8e5f844b41" enabled="true" useRefParam="false" refParamName="" r="0.000" g="0.000" b="0.000" execOnForceStopped="false" execOnActionCompleted="false" stopAfterLastEvent="true">
      <Event eventName="TriggerParticle" time="0.000" length="0.400" isDuration="true" guid="156fda8f-e243-489d-95dd-c2183bb39ce9">
        <TemplateObject name="targetId" objectName="bullet" id="2" isTemp="true" refParamName="" useRefParam="false" />
        <TemplateObject name="objectSpaceId" objectName="bullet" id="2" isTemp="true" refParamName="" useRefParam="false" />
        <String name="resourceName" value="prefab_skill_effects/hero_skill_effects/150_hanxin/hanxin_attack01_spell05_ne" refParamName="" useRefParam="false" />
        <Vector3i name="scalingInt" x="10000" y="10000" z="10000" refParamName="" useRefParam="false" />
        <bool name="bAllowEmptyEffect" value="true" refParamName="" useRefParam="false" />
        <String name="syncAnimationName" value="" refParamName="" useRefParam="false" />
        <String name="customTagName" value="" refParamName="" useRefParam="false" />
      </Event>
    </Track>
    <Track trackName="TriggerParticleTick0" eventType="TriggerParticleTick" guid="9ed63244-fdc5-4347-a5b9-f18ee5f76de7" enabled="false" useRefParam="false" refParamName="" r="0.000" g="0.000" b="0.000" execOnForceStopped="false" execOnActionCompleted="false" stopAfterLastEvent="true">
      <Event eventName="TriggerParticleTick" time="0.000" isDuration="false" guid="83146a8a-138b-4df4-b344-0b915067b8cd">
        <TemplateObject name="targetId" objectName="None" id="-1" isTemp="false" refParamName="" useRefParam="false" />
        <TemplateObject name="objectSpaceId" objectName="self" id="0" isTemp="false" refParamName="" useRefParam="false" />
        <String name="resourceName" value="prefab_skill_effects/hero_skill_effects/150_hanxin/hanxin_attack01_spell05_ne" refParamName="" useRefParam="false" />
        <Vector3i name="scalingInt" x="10000" y="10000" z="10000" refParamName="" useRefParam="false" />
      </Event>
    </Track>
    <Track trackName="PlayHeroSoundTick2" eventType="PlayHeroSoundTick" guid="5bdf8b72-a611-478e-b098-3723b818c83b" enabled="true" useRefParam="false" refParamName="" r="0.000" g="0.000" b="0.000" execOnForceStopped="false" execOnActionCompleted="false" stopAfterLastEvent="true">
      <Event eventName="PlayHeroSoundTick" time="0.000" isDuration="false" guid="1313a609-ddf4-4219-9cda-95288a411a58">
        <TemplateObject name="targetId" objectName="self" id="0" isTemp="false" refParamName="" useRefParam="false" />
        <TemplateObject name="sourceId" objectName="self" id="0" isTemp="false" refParamName="" useRefParam="false" />
        <String name="eventName" value="Play_HanXin_Skill_B" refParamName="" useRefParam="false" />
        <Array name="extraSkinId" refParamName="" useRefParam="false" type="uint">
          <uint value="35" />
          <uint value="36" />
          <uint value="37" />
        </Array>
      </Event>
    </Track>
    <Track trackName="PlayHeroSoundTick2" eventType="PlayHeroSoundTick" guid="ff463ee5-f005-41b8-9e6e-3bb932768367" enabled="true" useRefParam="false" refParamName="" r="0.000" g="0.000" b="0.000" execOnForceStopped="false" execOnActionCompleted="false" stopAfterLastEvent="true">
      <Event eventName="PlayHeroSoundTick" time="0.061" isDuration="false" guid="ff12ea64-36da-4b4a-a633-8c313b8648bd">
        <TemplateObject name="targetId" objectName="self" id="0" isTemp="false" refParamName="" useRefParam="false" />
        <TemplateObject name="sourceId" objectName="self" id="0" isTemp="false" refParamName="" useRefParam="false" />
        <String name="eventName" value="Play_HanXin_VOX_Skill_B" refParamName="" useRefParam="false" />
        <Array name="extraSkinId" refParamName="" useRefParam="false" type="uint">
          <uint value="35" />
          <uint value="36" />
          <uint value="37" />
        </Array>
      </Event>
    </Track>
    <Track trackName="HitTriggerTick0" eventType="HitTriggerTick" guid="112344d7-484c-41b0-a6d8-2f8684b75ea4" enabled="true" useRefParam="false" refParamName="" r="0.000" g="0.000" b="0.000" execOnForceStopped="false" execOnActionCompleted="false" stopAfterLastEvent="true">
      <Event eventName="HitTriggerTick" time="0.300" isDuration="false" guid="b0cda49a-5317-4ca8-8005-6f090eb587f7">
        <TemplateObject name="targetId" objectName="self" id="0" isTemp="false" refParamName="" useRefParam="false" />
        <int name="SelfSkillCombineID_1" value="150900" refParamName="" useRefParam="false" />
        <TemplateObject name="triggerId" objectName="self" id="0" isTemp="false" refParamName="" useRefParam="false" />
      </Event>
    </Track>
    <Track trackName="CheckSkinIdTick8" eventType="CheckSkinIdTick" guid="480c3711-677a-4c70-ab8a-1517ff662adc" enabled="true" useRefParam="false" refParamName="" r="0.000" g="0.000" b="0.000" execOnForceStopped="false" execOnActionCompleted="false" stopAfterLastEvent="true">
      <Event eventName="CheckSkinIdTick" time="0.000" isDuration="false" guid="c1e4aa01-9117-4a4e-8168-70bd28bb9904">
        <TemplateObject name="targetId" objectName="self" id="0" isTemp="false" refParamName="" useRefParam="false" />
        <int name="skinId" value="15097" refParamName="" useRefParam="false" />
		<bool name="bEqual" value="false" refParamName="" useRefParam="false" />
      </Event>
    </Track>
    <Track trackName="SetActorNodeActiveDuration0" eventType="SetActorNodeActiveDuration" guid="2dfdb2b6-58e3-4e7c-ab90-e8e7defcfe77" enabled="true" useRefParam="false" refParamName="" r="0.000" g="0.000" b="0.000" execOnForceStopped="false" execOnActionCompleted="false" stopAfterLastEvent="true">
      <Condition id="31" guid="480c3711-677a-4c70-ab8a-1517ff662adc" status="true" />
      <Event eventName="SetActorNodeActiveDuration" time="0.000" length="1.333" isDuration="true" guid="ebda7ee0-68f6-4253-ae3e-c24250184b53">
        <TemplateObject name="targetId" objectName="self" id="0" isTemp="false" refParamName="" useRefParam="false" />
        <String name="node" value="Bip001/Bip001 Prop1" refParamName="" useRefParam="false" />
        <bool name="enabled" value="false" refParamName="" useRefParam="false" />
      </Event>
    </Track>
    <Track trackName="SetActorNodeActiveDuration0" eventType="SetActorNodeActiveDuration" guid="ea66e8fd-b097-40d2-8da8-c21146c1e153" enabled="true" useRefParam="false" refParamName="" r="0.000" g="0.000" b="0.000" execOnForceStopped="false" execOnActionCompleted="false" stopAfterLastEvent="true">
      <Condition id="31" guid="480c3711-677a-4c70-ab8a-1517ff662adc" status="true" />
      <Event eventName="SetActorNodeActiveDuration" time="0.005" length="1.328" isDuration="true" guid="6778c4fe-39e4-42e3-ab7e-85750ad5dab2">
        <TemplateObject name="targetId" objectName="self" id="0" isTemp="false" refParamName="" useRefParam="false" />
        <String name="node" value="Bip001/Bip001 Prop2" refParamName="" useRefParam="false" />
        <bool name="enabled" value="false" refParamName="" useRefParam="false" />
      </Event>
    </Track>
    <Track trackName="次元突破专属" eventType="CheckSkinIdTick" guid="43a55f8c-d501-4f09-9e6d-479da9cff389" enabled="true" useRefParam="false" refParamName="" r="0.000" g="0.000" b="0.000" execOnForceStopped="false" execOnActionCompleted="false" stopAfterLastEvent="true">
      <Event eventName="CheckSkinIdTick" time="0.000" isDuration="false" guid="97aad9bb-3487-4cf9-a91e-25cbd36ec0a6">
        <TemplateObject name="targetId" objectName="self" id="0" isTemp="false" refParamName="" useRefParam="false" />
        <int name="skinId" value="15009" refParamName="" useRefParam="false" />
        <bool name="bSkipLogicCheck" value="true" refParamName="" useRefParam="false" />
      </Event>
    </Track>
    <Track trackName="T2专属" eventType="SpawnBulletTick" guid="936dbdac-40c3-4b48-89d8-29e2d66a7db6" enabled="true" useRefParam="false" refParamName="" r="0.000" g="0.000" b="0.000" execOnForceStopped="false" execOnActionCompleted="false" stopAfterLastEvent="true">
      <Condition id="34" guid="43a55f8c-d501-4f09-9e6d-479da9cff389" status="true" />
      <Event eventName="SpawnBulletTick" time="0.000" isDuration="false" guid="37bdf4fe-77bf-4872-b278-ca30d352a23f">
        <TemplateObject name="targetId" objectName="self" id="0" isTemp="false" refParamName="" useRefParam="false" />
        <String name="ActionName" value="prefab_characters/prefab_hero/150_hanxin/skill/15009t2" refParamName="" useRefParam="false" />
        <bool name="bDeadRemove" value="true" refParamName="" useRefParam="false" />
        <int name="bulletTypeId" value="150091" refParamName="" useRefParam="false" />
      </Event>
    </Track>
    <Track trackName="AutoY" eventType="HitTriggerTick" guid="9555d35a-d48f-4020-91e5-beccf8aae54f" enabled="true" useRefParam="false" refParamName="" r="0.000" g="0.000" b="0.000" execOnForceStopped="false" execOnActionCompleted="false" stopAfterLastEvent="true">
      <Event eventName="HitTriggerTick" time="0.000" isDuration="false" guid="1c2df6e9-1978-432f-868a-5fd02cda210e">
        <TemplateObject name="targetId" objectName="self" id="0" isTemp="false" refParamName="" useRefParam="false" />
        <int name="SelfSkillCombineID_1" value="150901" refParamName="" useRefParam="false" />
        <TemplateObject name="triggerId" objectName="self" id="0" isTemp="false" refParamName="" useRefParam="false" />
      </Event>
    </Track>
    <Track trackName="穿墙检测" eventType="CheckActorPositionDuration" guid="173653f1-8aaf-47ee-84a3-92cf343f6711" enabled="true" useRefParam="false" refParamName="" r="0.000" g="0.000" b="0.000" execOnForceStopped="false" execOnActionCompleted="false" stopAfterLastEvent="true">
      <Condition id="14" guid="b73050c0-0afc-4e3b-98e2-6ffe12d3d489" status="true" />
      <Event eventName="CheckActorPositionDuration" time="0.000" length="0.067" isDuration="true" guid="e1a580e7-4bd0-4366-bd72-dfc502fe08aa">
        <TemplateObject name="targetId" objectName="self" id="0" isTemp="false" refParamName="" useRefParam="false" />
        <bool name="bCheckActorOutOfNavMesh" value="true" refParamName="" useRefParam="false" />
        <bool name="bCheckActorInDynamicObstacle" value="true" refParamName="" useRefParam="false" />
        <bool name="bSweptShapeDetect" value="true" refParamName="" useRefParam="false" />
        <int name="sensitivity2" value="10000" refParamName="" useRefParam="false" />
        <int name="forwardCheckOffset" value="-4000" refParamName="" useRefParam="false" />
        <int name="checkWidth" value="30" refParamName="" useRefParam="false" />
      </Event>
    </Track>
    <Track trackName="combo1标志" eventType="HitTriggerTick" guid="20bc71d4-b49e-44a2-a23e-a44e663ba943" enabled="true" useRefParam="false" refParamName="" r="0.000" g="0.000" b="0.000" execOnForceStopped="false" execOnActionCompleted="false" stopAfterLastEvent="true">
      <Condition id="14" guid="b73050c0-0afc-4e3b-98e2-6ffe12d3d489" status="true" />
      <Event eventName="HitTriggerTick" time="0.000" isDuration="false" guid="7efc6f5f-c734-4c32-ba20-244b435076f9">
        <TemplateObject name="targetId" objectName="self" id="0" isTemp="false" refParamName="" useRefParam="false" />
        <TemplateObject name="hitTargetId" objectName="self" id="0" isTemp="false" refParamName="" useRefParam="false" />
        <int name="SelfSkillCombineID_1" value="150899" refParamName="" useRefParam="false" />
      </Event>
    </Track>
    <Track trackName="SetAnimationParamsTick0" eventType="SetAnimationParamsTick" guid="5006012f-c7cf-484b-943b-4b0350bbd0b0" enabled="true" useRefParam="false" refParamName="" r="0.000" g="0.000" b="0.000" execOnForceStopped="false" execOnActionCompleted="false" stopAfterLastEvent="true">
      <Condition id="37" guid="173653f1-8aaf-47ee-84a3-92cf343f6711" status="false" />
      <Condition id="14" guid="b73050c0-0afc-4e3b-98e2-6ffe12d3d489" status="true" />
      <Event eventName="SetAnimationParamsTick" time="0.000" isDuration="false" guid="fce8eefc-2203-4a25-a3ce-c92ec7b4c35f">
        <TemplateObject name="targetId" objectName="self" id="0" isTemp="false" refParamName="" useRefParam="false" />
        <Array name="floatNames" refParamName="" useRefParam="false" type="String">
          <String value="RandomSpell2" />
        </Array>
        <Array name="floatValues" refParamName="" useRefParam="false" type="float">
          <float value="0.000" />
        </Array>
      </Event>
    </Track>
    <Track trackName="CreateRandomNumTick1" eventType="CreateRandomNumTick" guid="37f0bc81-36cd-4f9f-a0ab-803e561e77d4" enabled="true" useRefParam="false" refParamName="" r="0.000" g="0.000" b="0.000" execOnForceStopped="false" execOnActionCompleted="false" stopAfterLastEvent="true">
      <Condition id="37" guid="173653f1-8aaf-47ee-84a3-92cf343f6711" status="true" />
      <Condition id="14" guid="b73050c0-0afc-4e3b-98e2-6ffe12d3d489" status="true" />
      <Event eventName="CreateRandomNumTick" time="0.000" isDuration="false" guid="6530ea44-5d0f-48a5-9098-dddb5d5ac325">
        <int name="randomRangeEnd" value="2" refParamName="" useRefParam="false" />
        <String name="preCreateRandonNumName" value="spell2rand" refParamName="" useRefParam="false" />
      </Event>
    </Track>
    <Track trackName="0" eventType="CheckRandomRangeTick" guid="a8a348b5-aa7c-4d2d-a19c-297310da390f" enabled="true" useRefParam="false" refParamName="" r="0.000" g="0.000" b="0.000" execOnForceStopped="false" execOnActionCompleted="false" stopAfterLastEvent="true">
      <Condition id="37" guid="173653f1-8aaf-47ee-84a3-92cf343f6711" status="true" />
      <Condition id="14" guid="b73050c0-0afc-4e3b-98e2-6ffe12d3d489" status="true" />
      <Event eventName="CheckRandomRangeTick" time="0.000" isDuration="false" guid="3d3eacf9-4cb3-45d1-a897-cfbde519b1c5">
        <bool name="bUsePreCreateRandonNum" value="true" refParamName="" useRefParam="false" />
        <String name="preCreateRandonNumName" value="spell2rand" refParamName="" useRefParam="false" />
      </Event>
    </Track>
    <Track trackName="1" eventType="CheckRandomRangeTick" guid="6f610653-dd1d-49fd-9828-e0f34ae6581f" enabled="true" useRefParam="false" refParamName="" r="0.000" g="0.000" b="0.000" execOnForceStopped="false" execOnActionCompleted="false" stopAfterLastEvent="true">
      <Condition id="37" guid="173653f1-8aaf-47ee-84a3-92cf343f6711" status="true" />
      <Condition id="14" guid="b73050c0-0afc-4e3b-98e2-6ffe12d3d489" status="true" />
      <Event eventName="CheckRandomRangeTick" time="0.000" isDuration="false" guid="77209c14-4ff6-4dfc-b8e7-745ea71619d1">
        <int name="checkRangeBegin" value="1" refParamName="" useRefParam="false" />
        <int name="checkRangeEnd" value="1" refParamName="" useRefParam="false" />
        <bool name="bUsePreCreateRandonNum" value="true" refParamName="" useRefParam="false" />
        <String name="preCreateRandonNumName" value="spell2rand" refParamName="" useRefParam="false" />
      </Event>
    </Track>
    <Track trackName="SetAnimationParamsTick0" eventType="SetAnimationParamsTick" guid="ecc440c2-8021-4dc0-958a-b812278d2407" enabled="true" useRefParam="false" refParamName="" r="0.000" g="0.000" b="0.000" execOnForceStopped="false" execOnActionCompleted="false" stopAfterLastEvent="true">
      <Condition id="37" guid="173653f1-8aaf-47ee-84a3-92cf343f6711" status="true" />
      <Condition id="-1" guid="" status="true" />
      <Condition id="41" guid="a8a348b5-aa7c-4d2d-a19c-297310da390f" status="true" />
      <Condition id="14" guid="b73050c0-0afc-4e3b-98e2-6ffe12d3d489" status="true" />
      <Event eventName="SetAnimationParamsTick" time="0.000" isDuration="false" guid="f2d3828f-602b-4092-9a2c-7c139d7be8c4">
        <TemplateObject name="targetId" objectName="self" id="0" isTemp="false" refParamName="" useRefParam="false" />
        <Array name="floatNames" refParamName="" useRefParam="false" type="String">
          <String value="RandomSpell2" />
        </Array>
        <Array name="floatValues" refParamName="" useRefParam="false" type="float">
          <float value="0.500" />
        </Array>
      </Event>
    </Track>
    <Track trackName="SetAnimationParamsTick0" eventType="SetAnimationParamsTick" guid="c9aaad9b-ad9e-43c3-b0ab-89b1e3d30a52" enabled="true" useRefParam="false" refParamName="" r="0.000" g="0.000" b="0.000" execOnForceStopped="false" execOnActionCompleted="false" stopAfterLastEvent="true">
      <Condition id="37" guid="173653f1-8aaf-47ee-84a3-92cf343f6711" status="true" />
      <Condition id="-1" guid="" status="false" />
      <Condition id="42" guid="6f610653-dd1d-49fd-9828-e0f34ae6581f" status="true" />
      <Condition id="14" guid="b73050c0-0afc-4e3b-98e2-6ffe12d3d489" status="true" />
      <Event eventName="SetAnimationParamsTick" time="0.000" isDuration="false" guid="1563d485-8559-40fa-957d-ac2349496bc3">
        <TemplateObject name="targetId" objectName="self" id="0" isTemp="false" refParamName="" useRefParam="false" />
        <Array name="floatNames" refParamName="" useRefParam="false" type="String">
          <String value="RandomSpell2" />
        </Array>
        <Array name="floatValues" refParamName="" useRefParam="false" type="float">
          <float value="1.000" />
        </Array>
      </Event>
    </Track>
    <Track trackName="PlayAnimDuration0" eventType="PlayAnimDuration" guid="168c95cc-b546-43eb-ad48-ba2452205289" enabled="true" useRefParam="false" refParamName="" r="0.000" g="0.000" b="0.000" execOnForceStopped="false" execOnActionCompleted="false" stopAfterLastEvent="true">
      <Condition id="13" guid="0ba75381-3d32-4aa6-9e9f-7fc5a2488448" status="true" />
      <Event eventName="PlayAnimDuration" time="0.000" length="1.333" isDuration="true" guid="b7058e9f-c65c-4fe3-bc1a-49dbd81d15eb">
        <TemplateObject name="targetId" objectName="self" id="0" isTemp="false" refParamName="" useRefParam="false" />
        <String name="clipName" value="Spell2_1" refParamName="" useRefParam="false" />
        <int name="layer" value="3" refParamName="" useRefParam="false" />
        <float name="crossFadeTime" value="0.100" refParamName="" useRefParam="false" />
        <float name="fadeOutTime" value="0.200" refParamName="" useRefParam="false" />
        <bool name="applyActionSpeed" value="true" refParamName="" useRefParam="false" />
      </Event>
    </Track>
  </Action>
</Project>