﻿<?xml version="1.0" encoding="utf-8"?>
<Project>
  <TemplateObjectList>
    <TemplateObject objectName="self" id="0" isTemp="false" />
    <TemplateObject objectName="target" id="1" isTemp="false" />
    <TemplateObject objectName="bullet" id="2" isTemp="true" />
    <TemplateObject objectName="bullet2" id="3" isTemp="true" />
    <TemplateObject objectName="bullet1" id="4" isTemp="true" />
    <TemplateObject objectName="bullet3" id="5" isTemp="true" />
  </TemplateObjectList>
  <RefParamList>
    <Vector3i name="targetdir" x="0" y="0" z="0" refParamName="" useRefParam="false" />
    <Vector3i name="_TargetPos" x="0" y="0" z="0" refParamName="" useRefParam="false" />
  </RefParamList>
  <Action tag="" length="2.333" loop="false">
    <Track trackName="SetBehaviourModeTick0" eventType="SetBehaviourModeTick" guid="884649fb-eee1-4f09-8e8c-136817834eb9" enabled="true" useRefParam="false" refParamName="" r="0.000" g="0.000" b="0.000" execOnForceStopped="false" execOnActionCompleted="false" stopAfterLastEvent="true">
      <Event eventName="SetBehaviourModeTick" time="0.000" isDuration="false" guid="72b79433-21e4-46f0-98a9-fac7a68956d5">
        <TemplateObject name="targetId" objectName="self" id="0" isTemp="false" refParamName="" useRefParam="false" />
      </Event>
    </Track>
    <Track trackName="SetAttackDirDuration0" eventType="SetAttackDirDuration" guid="8dd4791a-4e7a-41eb-b85c-17eb52defa84" enabled="true" useRefParam="false" refParamName="" r="0.000" g="0.000" b="0.000" execOnForceStopped="false" execOnActionCompleted="false" stopAfterLastEvent="true">
      <Event eventName="SetAttackDirDuration" time="0.000" length="0.066" isDuration="true" guid="34d4d2be-bc3f-4d32-a328-a367a7eb38a8">
        <TemplateObject name="attackerId" objectName="self" id="0" isTemp="false" refParamName="" useRefParam="false" />
        <bool name="bImmediateRotate" value="true" refParamName="" useRefParam="false" />
      </Event>
    </Track>
    <Track trackName="HitTriggerTick0" eventType="HitTriggerTick" guid="4f95ef76-7e2b-40ec-a75e-6911210387db" enabled="true" useRefParam="false" refParamName="" r="0.000" g="0.000" b="0.000" execOnForceStopped="false" execOnActionCompleted="false" stopAfterLastEvent="true">
      <Event eventName="HitTriggerTick" time="0.000" isDuration="false" guid="df2922be-5a41-488a-a841-b0f398a57601">
        <TemplateObject name="targetId" objectName="self" id="0" isTemp="false" refParamName="" useRefParam="false" />
        <int name="SelfSkillCombineID_1" value="150350" refParamName="" useRefParam="false" />
        <TemplateObject name="triggerId" objectName="None" id="-1" isTemp="false" refParamName="" useRefParam="false" />
      </Event>
    </Track>
    <Track trackName="ForbidAbilityDuration0" eventType="ForbidAbilityDuration" guid="ef83c52f-dabe-48fc-b788-c62d0b1ef8df" enabled="true" useRefParam="false" refParamName="" r="0.000" g="0.000" b="0.000" execOnForceStopped="false" execOnActionCompleted="false" stopAfterLastEvent="true">
      <Event eventName="ForbidAbilityDuration" time="0.000" length="1.200" isDuration="true" guid="2cf30add-fd14-48f7-9e57-25e2e9256062">
        <TemplateObject name="attackerId" objectName="self" id="0" isTemp="false" refParamName="" useRefParam="false" />
        <bool name="forbidMove" value="true" refParamName="" useRefParam="false" />
        <bool name="delaySkillAbort" value="true" refParamName="" useRefParam="false" />
      </Event>
    </Track>
    <Track trackName="SkillInputCacheDuration48" eventType="SkillInputCacheDuration" guid="86746fb8-0b63-47e0-90d2-b05dcabe1a32" enabled="true" useRefParam="false" refParamName="" r="0.000" g="0.000" b="0.000" execOnForceStopped="false" execOnActionCompleted="false" stopAfterLastEvent="true">
      <Event eventName="SkillInputCacheDuration" time="0.000" length="1.200" isDuration="true" guid="927fc4cf-dfd9-4bbc-9367-1af23caec37e">
        <TemplateObject name="targetId" objectName="self" id="0" isTemp="false" refParamName="" useRefParam="false" />
        <bool name="cacheSkill" value="true" refParamName="" useRefParam="false" />
      </Event>
    </Track>
    <Track trackName="非15013" eventType="CheckSkinIdTick" guid="3957d4ac-eb9a-40e7-a12e-01a0ed0c2754" enabled="true" useRefParam="false" refParamName="" r="0.000" g="0.000" b="0.000" execOnForceStopped="false" execOnActionCompleted="false" stopAfterLastEvent="true">
      <Event eventName="CheckSkinIdTick" time="0.000" isDuration="false" guid="4c40caeb-934e-4023-8ed7-93e9b91f5ce8">
        <TemplateObject name="targetId" objectName="self" id="0" isTemp="false" refParamName="" useRefParam="false" />
        <int name="skinId" value="15013" refParamName="" useRefParam="false" />
        <bool name="bEqual" value="false" refParamName="" useRefParam="false" />
        <bool name="bSkipLogicCheck" value="true" refParamName="" useRefParam="false" />
      </Event>
    </Track>
    <Track trackName="PlayAnimDuration0" eventType="PlayAnimDuration" guid="a5a33785-02a8-4020-bf22-825997227fc1" enabled="true" useRefParam="false" refParamName="" r="0.000" g="0.000" b="0.000" execOnForceStopped="false" execOnActionCompleted="false" stopAfterLastEvent="true">
      <Condition id="5" guid="3957d4ac-eb9a-40e7-a12e-01a0ed0c2754" status="true" />
      <Event eventName="PlayAnimDuration" time="0.000" length="2.333" isDuration="true" guid="174bee9c-c659-4883-8eb9-c7cc12a853a3">
        <TemplateObject name="targetId" objectName="self" id="0" isTemp="false" refParamName="" useRefParam="false" />
        <String name="clipName" value="Spell3" refParamName="" useRefParam="false" />
        <int name="layer" value="2" refParamName="" useRefParam="false" />
        <float name="crossFadeTime" value="0.200" refParamName="" useRefParam="false" />
        <bool name="bUseFadeOutTime" value="true" refParamName="" useRefParam="false" />
        <float name="fadeOutTime" value="0.200" refParamName="" useRefParam="false" />
      </Event>
    </Track>
    <Track trackName="SkillCDTriggerTick0" eventType="SkillCDTriggerTick" guid="77be38f1-1321-4220-939c-9ac91f01675c" enabled="true" useRefParam="false" refParamName="" r="0.000" g="0.000" b="0.000" execOnForceStopped="false" execOnActionCompleted="false" stopAfterLastEvent="true">
      <Event eventName="SkillCDTriggerTick" time="0.000" isDuration="false" guid="75267cb3-6cb8-4054-85f7-c3c35de56245">
        <TemplateObject name="targetId" objectName="self" id="0" isTemp="false" refParamName="" useRefParam="false" />
      </Event>
    </Track>
    <Track trackName="SkillUseCacheTick12" eventType="SkillUseCacheTick" guid="f16c1ad3-1ad8-42be-b530-cfc15c0149aa" enabled="true" useRefParam="false" refParamName="" r="0.000" g="0.000" b="0.000" execOnForceStopped="false" execOnActionCompleted="false" stopAfterLastEvent="true">
      <Event eventName="SkillUseCacheTick" time="1.200" isDuration="false" guid="32b47651-8b06-4e1a-a19e-8e2b94540d15">
        <TemplateObject name="targetId" objectName="self" id="0" isTemp="false" refParamName="" useRefParam="false" />
      </Event>
    </Track>
    <Track trackName="TriggerParticle0" eventType="TriggerParticle" guid="76bd308b-9b8e-43e6-9128-eaf5f357ffcf" enabled="true" useRefParam="false" refParamName="" r="0.000" g="0.000" b="0.000" execOnForceStopped="false" execOnActionCompleted="false" stopAfterLastEvent="true">
      <Event eventName="TriggerParticle" time="0.000" length="2.000" isDuration="true" guid="7f2d7372-1a56-4bf0-897a-0f3f34321d65">
        <TemplateObject name="targetId" objectName="self" id="0" isTemp="false" refParamName="" useRefParam="false" />
        <String name="resourceName" value="prefab_skill_effects/hero_skill_effects/150_hanxin/hanxin_attack03_spell05" refParamName="" useRefParam="false" />
        <Vector3i name="scalingInt" x="10000" y="10000" z="10000" refParamName="" useRefParam="false" />
        <bool name="enableMaxFollowTime" value="true" refParamName="" useRefParam="false" />
        <float name="maxFollowTime" value="1.200" refParamName="" useRefParam="false" />
        <bool name="bAllowEmptyEffect" value="true" refParamName="" useRefParam="false" />
        <String name="syncAnimationName" value="" refParamName="" useRefParam="false" />
        <String name="customTagName" value="" refParamName="" useRefParam="false" />
      </Event>
    </Track>
    <Track trackName="SpawnObjectDuration0" eventType="SpawnObjectDuration" guid="24b9b5cc-820b-44a5-a22c-fa33f31ff892" enabled="true" useRefParam="false" refParamName="" r="0.000" g="0.000" b="0.000" execOnForceStopped="false" execOnActionCompleted="false" stopAfterLastEvent="true">
      <Event eventName="SpawnObjectDuration" time="0.000" length="2.333" isDuration="true" guid="2c3152fc-352c-41b7-b53f-af71d847bb11">
        <TemplateObject name="targetId" objectName="bullet" id="2" isTemp="true" refParamName="" useRefParam="false" />
        <TemplateObject name="parentId" objectName="self" id="0" isTemp="false" refParamName="" useRefParam="false" />
        <Vector3i name="targetPosition" x="0" y="0" z="0" refParamName="" useRefParam="true" />
        <String name="prefabName" value="prefab_characters/commonempty" refParamName="" useRefParam="false" />
        <bool name="modifyDirection" value="true" refParamName="" useRefParam="false" />
        <Vector3i name="direction" x="0" y="0" z="0" refParamName="" useRefParam="false" />
        <TemplateObject name="materialParentActorId" objectName="self" id="0" isTemp="false" refParamName="" useRefParam="false" />
        <bool name="modifyScaling" value="true" refParamName="" useRefParam="false" />
        <TemplateObject name="visionActorId" objectName="self" id="0" isTemp="false" refParamName="" useRefParam="false" />
        <TemplateObject name="recordTargeID" objectName="None" id="-1" isTemp="false" refParamName="" useRefParam="false" />
      </Event>
    </Track>
    <Track trackName="SetCollisionTick0" eventType="SetCollisionTick" guid="9a98de2e-15e8-42bf-a112-1d4cdcde4a19" enabled="true" useRefParam="false" refParamName="" r="0.000" g="0.000" b="0.000" execOnForceStopped="false" execOnActionCompleted="false" stopAfterLastEvent="true">
      <Event eventName="SetCollisionTick" time="0.067" isDuration="false" guid="4a39bc7e-f96e-46e9-9ebc-6ba3c3f0a6a3">
        <TemplateObject name="targetId" objectName="bullet" id="2" isTemp="true" refParamName="" useRefParam="false" />
        <Vector3i name="Pos" x="0" y="0" z="2750" refParamName="" useRefParam="false" />
        <Vector3i name="Size" x="6000" y="10000" z="5500" refParamName="" useRefParam="false" />
        <int name="Radius" value="4000" refParamName="" useRefParam="false" />
        <int name="Rotation" value="160" refParamName="" useRefParam="false" />
      </Event>
    </Track>
    <Track trackName="HitTriggerDuration0" eventType="HitTriggerDuration" guid="53e416ff-ad70-4850-8667-43e441737f1c" enabled="true" useRefParam="false" refParamName="" r="0.000" g="0.000" b="0.000" execOnForceStopped="false" execOnActionCompleted="false" stopAfterLastEvent="true">
      <Event eventName="HitTriggerDuration" time="0.067" length="0.300" isDuration="true" guid="e1d75033-1887-405d-954a-49f133e3d983">
        <TemplateObject name="triggerId" objectName="bullet" id="2" isTemp="true" refParamName="" useRefParam="false" />
        <TemplateObject name="attackerId" objectName="self" id="0" isTemp="false" refParamName="" useRefParam="false" />
        <int name="triggerInterval" value="500" refParamName="" useRefParam="false" />
        <int name="TriggerActorInterval" value="500" refParamName="" useRefParam="false" />
        <bool name="bFileterOrgan" value="true" refParamName="" useRefParam="false" />
        <TemplateObject name="bulletID" objectName="None" id="-1" isTemp="false" refParamName="" useRefParam="false" />
        <int name="TriggerActorCount" value="32" refParamName="" useRefParam="false" />
        <int name="CollideMaxCount" value="1" refParamName="" useRefParam="false" />
        <int name="SelfSkillCombineID_1" value="150900" refParamName="" useRefParam="false" />
        <int name="TargetSkillCombine_1" value="150300" refParamName="" useRefParam="false" />
        <String name="BulletActionName" value="" refParamName="" useRefParam="false" />
      </Event>
    </Track>
    <Track trackName="HitTriggerDuration0" eventType="HitTriggerDuration" guid="43ddd10f-7353-4801-aa11-9851dd8882cf" enabled="true" useRefParam="false" refParamName="" r="0.000" g="0.000" b="0.000" execOnForceStopped="false" execOnActionCompleted="false" stopAfterLastEvent="true">
      <Event eventName="HitTriggerDuration" time="0.367" length="0.300" isDuration="true" guid="820d2983-542f-4afe-bfca-aa6cbd1d28bc">
        <TemplateObject name="triggerId" objectName="bullet" id="2" isTemp="true" refParamName="" useRefParam="false" />
        <TemplateObject name="attackerId" objectName="self" id="0" isTemp="false" refParamName="" useRefParam="false" />
        <int name="triggerInterval" value="500" refParamName="" useRefParam="false" />
        <int name="TriggerActorInterval" value="500" refParamName="" useRefParam="false" />
        <bool name="bFileterOrgan" value="true" refParamName="" useRefParam="false" />
        <TemplateObject name="bulletID" objectName="None" id="-1" isTemp="false" refParamName="" useRefParam="false" />
        <int name="TriggerActorCount" value="32" refParamName="" useRefParam="false" />
        <int name="CollideMaxCount" value="1" refParamName="" useRefParam="false" />
        <int name="TargetSkillCombine_1" value="150300" refParamName="" useRefParam="false" />
        <String name="BulletActionName" value="" refParamName="" useRefParam="false" />
      </Event>
    </Track>
    <Track trackName="HitTriggerDuration0" eventType="HitTriggerDuration" guid="8f65dc37-568d-4f4f-918b-078bd95d635e" enabled="true" useRefParam="false" refParamName="" r="0.000" g="0.000" b="0.000" execOnForceStopped="false" execOnActionCompleted="false" stopAfterLastEvent="true">
      <Event eventName="HitTriggerDuration" time="0.667" length="0.300" isDuration="true" guid="252cc528-a7b3-409e-9712-b085b52d4ad8">
        <TemplateObject name="triggerId" objectName="bullet" id="2" isTemp="true" refParamName="" useRefParam="false" />
        <TemplateObject name="attackerId" objectName="self" id="0" isTemp="false" refParamName="" useRefParam="false" />
        <int name="triggerInterval" value="500" refParamName="" useRefParam="false" />
        <int name="TriggerActorInterval" value="500" refParamName="" useRefParam="false" />
        <bool name="bFileterOrgan" value="true" refParamName="" useRefParam="false" />
        <TemplateObject name="bulletID" objectName="None" id="-1" isTemp="false" refParamName="" useRefParam="false" />
        <int name="TriggerActorCount" value="32" refParamName="" useRefParam="false" />
        <int name="CollideMaxCount" value="1" refParamName="" useRefParam="false" />
        <int name="TargetSkillCombine_1" value="150310" refParamName="" useRefParam="false" />
        <String name="BulletActionName" value="" refParamName="" useRefParam="false" />
      </Event>
    </Track>
    <Track trackName="HitTriggerDuration0" eventType="HitTriggerDuration" guid="f293479e-f297-41c4-9e53-7d557a84efe5" enabled="true" useRefParam="false" refParamName="" r="0.000" g="0.000" b="0.000" execOnForceStopped="false" execOnActionCompleted="false" stopAfterLastEvent="true">
      <Event eventName="HitTriggerDuration" time="1.133" length="0.300" isDuration="true" guid="46b146bf-ba4f-420d-b573-40f1d1b7ea23">
        <TemplateObject name="triggerId" objectName="bullet" id="2" isTemp="true" refParamName="" useRefParam="false" />
        <TemplateObject name="attackerId" objectName="self" id="0" isTemp="false" refParamName="" useRefParam="false" />
        <int name="triggerInterval" value="500" refParamName="" useRefParam="false" />
        <int name="TriggerActorInterval" value="500" refParamName="" useRefParam="false" />
        <bool name="bFileterOrgan" value="true" refParamName="" useRefParam="false" />
        <TemplateObject name="bulletID" objectName="None" id="-1" isTemp="false" refParamName="" useRefParam="false" />
        <int name="TriggerActorCount" value="32" refParamName="" useRefParam="false" />
        <int name="CollideMaxCount" value="1" refParamName="" useRefParam="false" />
        <int name="SelfSkillCombineID_1" value="150900" refParamName="" useRefParam="false" />
        <int name="TargetSkillCombine_1" value="150320" refParamName="" useRefParam="false" />
        <int name="TargetSkillCombine_2" value="150390" refParamName="" useRefParam="false" />
        <String name="BulletActionName" value="" refParamName="" useRefParam="false" />
      </Event>
    </Track>
    <Track trackName="CameraShakeDuration0" eventType="CameraShakeDuration" guid="da7c59f8-615c-4aab-9a47-a2bee9b4ae28" enabled="true" useRefParam="false" refParamName="" r="0.000" g="0.000" b="0.000" execOnForceStopped="false" execOnActionCompleted="false" stopAfterLastEvent="true">
      <Event eventName="CameraShakeDuration" time="1.133" length="0.200" isDuration="true" guid="04293dae-ed62-44aa-a153-bb5690041f7a">
        <bool name="useMainCamera" value="true" refParamName="" useRefParam="false" />
        <bool name="filter_self" value="true" refParamName="" useRefParam="false" />
        <bool name="canBeCover" value="false" refParamName="" useRefParam="false" />
        <Vector3 name="shakeRange" x="0.200" y="0.300" z="0.200" refParamName="" useRefParam="false" />
        <String name="curvesPath" value="Prefab_Skill_Assets/CameraShakeCurves/507_sk02" refParamName="" useRefParam="false" />
      </Event>
    </Track>
    <Track trackName="TriggerParticleTick0" eventType="TriggerParticleTick" guid="57036c14-d685-4131-9f93-9a4c65ac9929" enabled="true" useRefParam="false" refParamName="" r="0.000" g="0.000" b="0.000" execOnForceStopped="false" execOnActionCompleted="false" stopAfterLastEvent="true">
      <Event eventName="TriggerParticleTick" time="0.067" isDuration="false" guid="ca1ffb7f-b6a8-4320-b14a-f4f2b6e5084d">
        <TemplateObject name="targetId" objectName="None" id="-1" isTemp="false" refParamName="" useRefParam="false" />
        <TemplateObject name="objectSpaceId" objectName="self" id="0" isTemp="false" refParamName="" useRefParam="false" />
        <String name="resourceName" value="prefab_skill_effects/hero_skill_effects/150_hanxin/hanxin_attack03_spell01" refParamName="" useRefParam="false" />
        <Vector3i name="scalingInt" x="10000" y="10000" z="10000" refParamName="" useRefParam="false" />
      </Event>
    </Track>
    <Track trackName="TriggerParticleTick0" eventType="TriggerParticleTick" guid="5d4a923f-56f2-4670-ac7e-1c6692324f59" enabled="true" useRefParam="false" refParamName="" r="0.000" g="0.000" b="0.000" execOnForceStopped="false" execOnActionCompleted="false" stopAfterLastEvent="true">
      <Event eventName="TriggerParticleTick" time="0.367" isDuration="false" guid="b596efb1-714d-4626-bfed-5d53a538b7e1">
        <TemplateObject name="targetId" objectName="None" id="-1" isTemp="false" refParamName="" useRefParam="false" />
        <TemplateObject name="objectSpaceId" objectName="self" id="0" isTemp="false" refParamName="" useRefParam="false" />
        <String name="resourceName" value="prefab_skill_effects/hero_skill_effects/150_hanxin/hanxin_attack03_spell02" refParamName="" useRefParam="false" />
        <Vector3i name="scalingInt" x="10000" y="10000" z="10000" refParamName="" useRefParam="false" />
        <bool name="bAllowEmptyEffect" value="true" refParamName="" useRefParam="false" />
      </Event>
    </Track>
    <Track trackName="TriggerParticleTick0" eventType="TriggerParticleTick" guid="aaf02147-7a99-4c02-99d8-89b6e16fc5a3" enabled="true" useRefParam="false" refParamName="" r="0.000" g="0.000" b="0.000" execOnForceStopped="false" execOnActionCompleted="false" stopAfterLastEvent="true">
      <Event eventName="TriggerParticleTick" time="0.967" isDuration="false" guid="7fdcb80c-b70e-4561-994b-eaf31b8f27d0">
        <TemplateObject name="targetId" objectName="None" id="-1" isTemp="false" refParamName="" useRefParam="false" />
        <TemplateObject name="objectSpaceId" objectName="self" id="0" isTemp="false" refParamName="" useRefParam="false" />
        <String name="resourceName" value="prefab_skill_effects/hero_skill_effects/150_hanxin/hanxin_attack03_spell03" refParamName="" useRefParam="false" />
        <Vector3i name="scalingInt" x="10000" y="10000" z="10000" refParamName="" useRefParam="false" />
      </Event>
    </Track>
    <Track trackName="TriggerParticleTick0" eventType="TriggerParticleTick" guid="888f2edc-d3a7-4a18-bb56-647f9678cf07" enabled="true" useRefParam="false" refParamName="" r="0.000" g="0.000" b="0.000" execOnForceStopped="false" execOnActionCompleted="false" stopAfterLastEvent="true">
      <Event eventName="TriggerParticleTick" time="0.466" isDuration="false" guid="b6eb7044-1230-47fe-92c3-e017d0694f3e">
        <TemplateObject name="targetId" objectName="None" id="-1" isTemp="false" refParamName="" useRefParam="false" />
        <TemplateObject name="objectSpaceId" objectName="self" id="0" isTemp="false" refParamName="" useRefParam="false" />
        <String name="resourceName" value="prefab_skill_effects/hero_skill_effects/150_hanxin/hanxin_attack03_spell04" refParamName="" useRefParam="false" />
        <Vector3i name="scalingInt" x="10000" y="10000" z="10000" refParamName="" useRefParam="false" />
      </Event>
    </Track>
    <Track trackName="PlayHeroSoundTick3" eventType="PlayHeroSoundTick" guid="5b84dc43-a2f0-4aa0-8ea5-a0e645e58643" enabled="true" useRefParam="false" refParamName="" r="0.000" g="0.000" b="0.000" execOnForceStopped="false" execOnActionCompleted="false" stopAfterLastEvent="true">
      <Event eventName="PlayHeroSoundTick" time="0.000" isDuration="false" guid="4d6746c0-2b1c-46c2-a0bc-09fc45733292">
        <TemplateObject name="targetId" objectName="self" id="0" isTemp="false" refParamName="" useRefParam="false" />
        <TemplateObject name="sourceId" objectName="self" id="0" isTemp="false" refParamName="" useRefParam="false" />
        <String name="eventName" value="Play_HanXin_Skill_C" refParamName="" useRefParam="false" />
        <Array name="extraSkinId" refParamName="" useRefParam="false" type="uint">
          <uint value="35" />
          <uint value="36" />
          <uint value="37" />
        </Array>
      </Event>
    </Track>
    <Track trackName="PlayHeroSoundTick1" eventType="PlayHeroSoundTick" guid="e92a3fae-728b-4150-8263-b20ba2562ec2" enabled="true" useRefParam="false" refParamName="" r="0.000" g="0.000" b="0.000" execOnForceStopped="false" execOnActionCompleted="false" stopAfterLastEvent="true">
      <Event eventName="PlayHeroSoundTick" time="1.000" isDuration="false" guid="a77ec929-90e5-42b0-ab38-8fa4a3a05f6c">
        <TemplateObject name="targetId" objectName="self" id="0" isTemp="false" refParamName="" useRefParam="false" />
        <TemplateObject name="sourceId" objectName="self" id="0" isTemp="false" refParamName="" useRefParam="false" />
        <String name="eventName" value="Play_HanXin_Voice_Anger" refParamName="" useRefParam="false" />
        <Array name="extraSkinId" refParamName="" useRefParam="false" type="uint">
          <uint value="35" />
          <uint value="36" />
          <uint value="37" />
        </Array>
      </Event>
    </Track>
    <Track trackName="SkillTimerProcessBarDuration4" eventType="SkillTimerProcessBarDuration" guid="223441f1-a093-4fea-af17-603a6e42b013" enabled="true" useRefParam="false" refParamName="" r="0.000" g="0.000" b="0.000" execOnForceStopped="false" execOnActionCompleted="false" stopAfterLastEvent="true">
      <Event eventName="SkillTimerProcessBarDuration" time="0.000" length="1.200" isDuration="true" guid="8256f601-c268-4e31-acc3-af4bed905a24">
        <TemplateObject name="targetId" objectName="self" id="0" isTemp="false" refParamName="" useRefParam="false" />
      </Event>
    </Track>
    <Track trackName="PlayHeroSoundTick3" eventType="PlayHeroSoundTick" guid="a2c7f101-5306-4ae2-93d3-0c4cb08525dd" enabled="true" useRefParam="false" refParamName="" r="0.000" g="0.000" b="0.000" execOnForceStopped="false" execOnActionCompleted="false" stopAfterLastEvent="true">
      <Event eventName="PlayHeroSoundTick" time="0.000" isDuration="false" guid="d7607468-3ad2-4b16-872e-de681ec5377d">
        <TemplateObject name="targetId" objectName="self" id="0" isTemp="false" refParamName="" useRefParam="false" />
        <TemplateObject name="sourceId" objectName="self" id="0" isTemp="false" refParamName="" useRefParam="false" />
        <String name="eventName" value="Play_HanXin_VOX_Skill_C" refParamName="" useRefParam="false" />
        <Array name="extraSkinId" refParamName="" useRefParam="false" type="uint">
          <uint value="35" />
          <uint value="36" />
          <uint value="37" />
        </Array>
      </Event>
    </Track>
    <Track trackName="CheckSkinIdTick7" eventType="CheckSkinIdTick" guid="51b4ae45-728e-44bb-9823-329bf1b24fed" enabled="true" useRefParam="false" refParamName="" r="0.000" g="0.000" b="0.000" execOnForceStopped="false" execOnActionCompleted="false" stopAfterLastEvent="true">
      <Event eventName="CheckSkinIdTick" time="0.000" isDuration="false" guid="70e07851-2231-496d-a2de-ea0ac24ff327">
        <TemplateObject name="targetId" objectName="self" id="0" isTemp="false" refParamName="" useRefParam="false" />
        <int name="skinId" value="15097" refParamName="" useRefParam="false" />
        <bool name="bEqual" value="false" refParamName="" useRefParam="false" />
        <bool name="bSkipLogicCheck" value="true" refParamName="" useRefParam="false" />
      </Event>
    </Track>
    <Track trackName="SetActorNodeActiveDuration0" eventType="SetActorNodeActiveDuration" guid="8f55b4fa-db17-40cc-80f2-ccfaf36c69fe" enabled="true" useRefParam="false" refParamName="" r="0.000" g="0.000" b="0.000" execOnForceStopped="false" execOnActionCompleted="false" stopAfterLastEvent="true">
      <Condition id="25" guid="51b4ae45-728e-44bb-9823-329bf1b24fed" status="true" />
      <Event eventName="SetActorNodeActiveDuration" time="0.000" length="2.333" isDuration="true" guid="cf2ee1e3-7874-4636-882c-f2256a1019dc">
        <TemplateObject name="targetId" objectName="self" id="0" isTemp="false" refParamName="" useRefParam="false" />
        <String name="node" value="Bip001/Bip001 Prop1" refParamName="" useRefParam="false" />
        <bool name="enabled" value="false" refParamName="" useRefParam="false" />
      </Event>
    </Track>
    <Track trackName="SetActorNodeActiveDuration0" eventType="SetActorNodeActiveDuration" guid="8a34a996-d0f3-4611-80dd-b440047e6122" enabled="true" useRefParam="false" refParamName="" r="0.000" g="0.000" b="0.000" execOnForceStopped="false" execOnActionCompleted="false" stopAfterLastEvent="true">
      <Condition id="25" guid="51b4ae45-728e-44bb-9823-329bf1b24fed" status="true" />
      <Event eventName="SetActorNodeActiveDuration" time="0.000" length="2.333" isDuration="true" guid="753121ea-ff6a-4277-9814-788559b9d5c8">
        <TemplateObject name="targetId" objectName="self" id="0" isTemp="false" refParamName="" useRefParam="false" />
        <String name="node" value="Bip001/Bip001 Prop2" refParamName="" useRefParam="false" />
        <bool name="enabled" value="false" refParamName="" useRefParam="false" />
      </Event>
    </Track>
    <Track trackName="CreateRandomNumTick0" eventType="CreateRandomNumTick" guid="9de1c405-202e-4de3-9c1c-fae76097543a" enabled="true" useRefParam="false" refParamName="" r="0.000" g="0.000" b="0.000" execOnForceStopped="false" execOnActionCompleted="false" stopAfterLastEvent="true">
      <Event eventName="CreateRandomNumTick" time="0.000" isDuration="false" guid="4e528de0-6e08-47ba-b9e2-9ac2ad0d0639">
        <int name="randomRangeEnd" value="99" refParamName="" useRefParam="false" />
        <String name="preCreateRandonNumName" value="number" refParamName="" useRefParam="false" />
      </Event>
    </Track>
    <Track trackName="第1套特效" eventType="CheckRandomRangeTick" guid="c0b9dcbe-c83f-4a57-b203-70a202308416" enabled="true" useRefParam="false" refParamName="" r="0.000" g="0.000" b="0.000" execOnForceStopped="false" execOnActionCompleted="false" stopAfterLastEvent="true">
      <Event eventName="CheckRandomRangeTick" time="0.000" isDuration="false" guid="3a6da531-3970-46ba-a67a-a28c4f25c7be">
        <int name="checkRangeEnd" value="49" refParamName="" useRefParam="false" />
        <bool name="bUsePreCreateRandonNum" value="true" refParamName="" useRefParam="false" />
        <String name="preCreateRandonNumName" value="number" refParamName="" useRefParam="false" />
      </Event>
    </Track>
    <Track trackName="TriggerParticleTick0" eventType="TriggerParticleTick" guid="a88e9c84-adf2-4b6e-883a-8c53c567a6ef" enabled="true" useRefParam="false" refParamName="" r="0.000" g="0.000" b="0.000" execOnForceStopped="false" execOnActionCompleted="false" stopAfterLastEvent="true">
      <Condition id="29" guid="c0b9dcbe-c83f-4a57-b203-70a202308416" status="true" />
      <Event eventName="TriggerParticleTick" time="0.000" isDuration="false" guid="5c33e306-23ed-47af-a361-06874232bbcc">
        <TemplateObject name="targetId" objectName="None" id="-1" isTemp="false" refParamName="" useRefParam="false" />
        <TemplateObject name="objectSpaceId" objectName="self" id="0" isTemp="false" refParamName="" useRefParam="false" />
        <String name="resourceName" value="prefab_skill_effects/hero_skill_effects/150_hanxin/T2_spell03" refParamName="" useRefParam="false" />
        <float name="lifeTime" value="2.500" refParamName="" useRefParam="false" />
        <Vector3i name="scalingInt" x="10000" y="10000" z="10000" refParamName="" useRefParam="false" />
        <bool name="bAllowEmptyEffect" value="true" refParamName="" useRefParam="false" />
      </Event>
    </Track>
    <Track trackName="TriggerParticleTick0" eventType="TriggerParticleTick" guid="d954384a-1824-450c-a9d3-6a88e14351ba" enabled="true" useRefParam="false" refParamName="" r="0.000" g="0.000" b="0.000" execOnForceStopped="false" execOnActionCompleted="false" stopAfterLastEvent="true">
      <Condition id="29" guid="c0b9dcbe-c83f-4a57-b203-70a202308416" status="true" />
      <Event eventName="TriggerParticleTick" time="0.000" isDuration="false" guid="e7ae7a26-03e8-43cf-8964-c6de5f5e2fcc">
        <TemplateObject name="targetId" objectName="None" id="-1" isTemp="false" refParamName="" useRefParam="false" />
        <TemplateObject name="objectSpaceId" objectName="self" id="0" isTemp="false" refParamName="" useRefParam="false" />
        <String name="resourceName" value="prefab_skill_effects/hero_skill_effects/150_hanxin/T2_spell03_01" refParamName="" useRefParam="false" />
        <float name="lifeTime" value="2.500" refParamName="" useRefParam="false" />
        <Vector3i name="scalingInt" x="10000" y="10000" z="10000" refParamName="" useRefParam="false" />
        <bool name="bAllowEmptyEffect" value="true" refParamName="" useRefParam="false" />
      </Event>
    </Track>
    <Track trackName="TriggerParticleTick0" eventType="TriggerParticleTick" guid="b418bbd8-c3e9-4b3c-b871-2f816ce75e06" enabled="true" useRefParam="false" refParamName="" r="0.000" g="0.000" b="0.000" execOnForceStopped="false" execOnActionCompleted="false" stopAfterLastEvent="true">
      <Condition id="29" guid="c0b9dcbe-c83f-4a57-b203-70a202308416" status="true" />
      <Event eventName="TriggerParticleTick" time="0.000" isDuration="false" guid="53b6fb20-9d73-4199-9555-f3a4d1007b65">
        <TemplateObject name="targetId" objectName="None" id="-1" isTemp="false" refParamName="" useRefParam="false" />
        <TemplateObject name="objectSpaceId" objectName="self" id="0" isTemp="false" refParamName="" useRefParam="false" />
        <String name="resourceName" value="prefab_skill_effects/hero_skill_effects/150_hanxin/T2_spell03_02" refParamName="" useRefParam="false" />
        <float name="lifeTime" value="2.500" refParamName="" useRefParam="false" />
        <Vector3i name="scalingInt" x="10000" y="10000" z="10000" refParamName="" useRefParam="false" />
        <bool name="bAllowEmptyEffect" value="true" refParamName="" useRefParam="false" />
      </Event>
    </Track>
    <Track trackName="TriggerParticleTick0" eventType="TriggerParticleTick" guid="518d5b1b-cc31-4866-9ba3-7251b7e0f654" enabled="true" useRefParam="false" refParamName="" r="0.000" g="0.000" b="0.000" execOnForceStopped="false" execOnActionCompleted="false" stopAfterLastEvent="true">
      <Condition id="29" guid="c0b9dcbe-c83f-4a57-b203-70a202308416" status="true" />
      <Event eventName="TriggerParticleTick" time="0.000" isDuration="false" guid="e7c961fb-0189-4465-afde-228283d90aa0">
        <TemplateObject name="targetId" objectName="None" id="-1" isTemp="false" refParamName="" useRefParam="false" />
        <TemplateObject name="objectSpaceId" objectName="self" id="0" isTemp="false" refParamName="" useRefParam="false" />
        <String name="resourceName" value="prefab_skill_effects/hero_skill_effects/150_hanxin/T2_spell03_03" refParamName="" useRefParam="false" />
        <float name="lifeTime" value="2.500" refParamName="" useRefParam="false" />
        <Vector3i name="scalingInt" x="10000" y="10000" z="10000" refParamName="" useRefParam="false" />
        <bool name="bAllowEmptyEffect" value="true" refParamName="" useRefParam="false" />
      </Event>
    </Track>
    <Track trackName="TriggerParticleTick0" eventType="TriggerParticleTick" guid="8d3f97f2-3ea3-43e6-a873-3b456ba04ea4" enabled="true" useRefParam="false" refParamName="" r="0.000" g="0.000" b="0.000" execOnForceStopped="false" execOnActionCompleted="false" stopAfterLastEvent="true">
      <Condition id="29" guid="c0b9dcbe-c83f-4a57-b203-70a202308416" status="true" />
      <Event eventName="TriggerParticleTick" time="0.000" isDuration="false" guid="6ec91644-9a90-4a04-b356-43ff036a31e4">
        <TemplateObject name="targetId" objectName="None" id="-1" isTemp="false" refParamName="" useRefParam="false" />
        <TemplateObject name="objectSpaceId" objectName="self" id="0" isTemp="false" refParamName="" useRefParam="false" />
        <String name="resourceName" value="prefab_skill_effects/hero_skill_effects/150_hanxin/T2_spell03_04" refParamName="" useRefParam="false" />
        <float name="lifeTime" value="2.500" refParamName="" useRefParam="false" />
        <Vector3i name="scalingInt" x="10000" y="10000" z="10000" refParamName="" useRefParam="false" />
        <bool name="bAllowEmptyEffect" value="true" refParamName="" useRefParam="false" />
      </Event>
    </Track>
    <Track trackName="T2专属" eventType="TriggerParticle" guid="b26d4cd4-3f68-4441-8acc-509c2e61a51d" enabled="false" useRefParam="false" refParamName="" r="0.000" g="0.000" b="0.000" execOnForceStopped="false" execOnActionCompleted="false" stopAfterLastEvent="true">
      <Condition id="29" guid="c0b9dcbe-c83f-4a57-b203-70a202308416" status="true" />
      <Event eventName="TriggerParticle" time="0.000" length="2.333" isDuration="true" guid="5888821c-771a-478d-86a5-e6508a56466e">
        <TemplateObject name="targetId" objectName="self" id="0" isTemp="false" refParamName="" useRefParam="false" />
        <String name="resourceName" value="prefab_skill_effects/hero_skill_effects/150_hanxin/T2_spell03" refParamName="" useRefParam="false" />
        <Vector3i name="scalingInt" x="10000" y="10000" z="10000" refParamName="" useRefParam="false" />
        <bool name="enableMaxFollowTime" value="true" refParamName="" useRefParam="false" />
        <float name="maxFollowTime" value="1.200" refParamName="" useRefParam="false" />
        <bool name="bAllowEmptyEffect" value="true" refParamName="" useRefParam="false" />
        <String name="syncAnimationName" value="" refParamName="" useRefParam="false" />
        <String name="customTagName" value="" refParamName="" useRefParam="false" />
      </Event>
    </Track>
    <Track trackName="T2专属" eventType="TriggerParticle" guid="984cb284-c2bb-45ff-98fe-1bc234bb6da8" enabled="false" useRefParam="false" refParamName="" r="0.000" g="0.000" b="0.000" execOnForceStopped="false" execOnActionCompleted="false" stopAfterLastEvent="true">
      <Condition id="29" guid="c0b9dcbe-c83f-4a57-b203-70a202308416" status="true" />
      <Event eventName="TriggerParticle" time="0.000" length="2.333" isDuration="true" guid="cfb6c646-0396-4508-b655-c56372dc2f75">
        <TemplateObject name="targetId" objectName="self" id="0" isTemp="false" refParamName="" useRefParam="false" />
        <String name="resourceName" value="prefab_skill_effects/hero_skill_effects/150_hanxin/T2_spell03_01" refParamName="" useRefParam="false" />
        <Vector3i name="scalingInt" x="10000" y="10000" z="10000" refParamName="" useRefParam="false" />
        <bool name="enableMaxFollowTime" value="true" refParamName="" useRefParam="false" />
        <float name="maxFollowTime" value="1.200" refParamName="" useRefParam="false" />
        <bool name="bAllowEmptyEffect" value="true" refParamName="" useRefParam="false" />
        <String name="syncAnimationName" value="" refParamName="" useRefParam="false" />
        <String name="customTagName" value="" refParamName="" useRefParam="false" />
      </Event>
    </Track>
    <Track trackName="T2专属" eventType="TriggerParticle" guid="6f384079-7b49-4bba-844f-34923539ae84" enabled="false" useRefParam="false" refParamName="" r="0.000" g="0.000" b="0.000" execOnForceStopped="false" execOnActionCompleted="false" stopAfterLastEvent="true">
      <Condition id="29" guid="c0b9dcbe-c83f-4a57-b203-70a202308416" status="true" />
      <Event eventName="TriggerParticle" time="0.000" length="2.333" isDuration="true" guid="200aee78-688c-414c-81c1-bceb2530f276">
        <TemplateObject name="targetId" objectName="self" id="0" isTemp="false" refParamName="" useRefParam="false" />
        <String name="resourceName" value="prefab_skill_effects/hero_skill_effects/150_hanxin/T2_spell03_02" refParamName="" useRefParam="false" />
        <Vector3i name="scalingInt" x="10000" y="10000" z="10000" refParamName="" useRefParam="false" />
        <bool name="enableMaxFollowTime" value="true" refParamName="" useRefParam="false" />
        <float name="maxFollowTime" value="1.200" refParamName="" useRefParam="false" />
        <bool name="bAllowEmptyEffect" value="true" refParamName="" useRefParam="false" />
        <String name="syncAnimationName" value="" refParamName="" useRefParam="false" />
        <String name="customTagName" value="" refParamName="" useRefParam="false" />
      </Event>
    </Track>
    <Track trackName="T2专属" eventType="TriggerParticle" guid="495006e3-066f-4189-9da9-90c85200ddc7" enabled="false" useRefParam="false" refParamName="" r="0.000" g="0.000" b="0.000" execOnForceStopped="false" execOnActionCompleted="false" stopAfterLastEvent="true">
      <Condition id="29" guid="c0b9dcbe-c83f-4a57-b203-70a202308416" status="true" />
      <Event eventName="TriggerParticle" time="0.000" length="2.333" isDuration="true" guid="f48392d3-ecef-4aef-822c-2396b16e1631">
        <TemplateObject name="targetId" objectName="self" id="0" isTemp="false" refParamName="" useRefParam="false" />
        <String name="resourceName" value="prefab_skill_effects/hero_skill_effects/150_hanxin/T2_spell03_03" refParamName="" useRefParam="false" />
        <Vector3i name="scalingInt" x="10000" y="10000" z="10000" refParamName="" useRefParam="false" />
        <bool name="enableMaxFollowTime" value="true" refParamName="" useRefParam="false" />
        <float name="maxFollowTime" value="1.200" refParamName="" useRefParam="false" />
        <bool name="bAllowEmptyEffect" value="true" refParamName="" useRefParam="false" />
        <String name="syncAnimationName" value="" refParamName="" useRefParam="false" />
        <String name="customTagName" value="" refParamName="" useRefParam="false" />
      </Event>
    </Track>
    <Track trackName="T2专属" eventType="TriggerParticle" guid="af76618e-ef63-42b4-a3b6-6290807abe49" enabled="false" useRefParam="false" refParamName="" r="0.000" g="0.000" b="0.000" execOnForceStopped="false" execOnActionCompleted="false" stopAfterLastEvent="true">
      <Condition id="29" guid="c0b9dcbe-c83f-4a57-b203-70a202308416" status="true" />
      <Event eventName="TriggerParticle" time="0.000" length="2.333" isDuration="true" guid="ccc056f9-77a7-4f17-be96-d7ba4cf8a42e">
        <TemplateObject name="targetId" objectName="self" id="0" isTemp="false" refParamName="" useRefParam="false" />
        <String name="resourceName" value="prefab_skill_effects/hero_skill_effects/150_hanxin/T2_spell03_04" refParamName="" useRefParam="false" />
        <Vector3i name="scalingInt" x="10000" y="10000" z="10000" refParamName="" useRefParam="false" />
        <bool name="enableMaxFollowTime" value="true" refParamName="" useRefParam="false" />
        <float name="maxFollowTime" value="1.200" refParamName="" useRefParam="false" />
        <bool name="bAllowEmptyEffect" value="true" refParamName="" useRefParam="false" />
        <String name="syncAnimationName" value="" refParamName="" useRefParam="false" />
        <String name="customTagName" value="" refParamName="" useRefParam="false" />
      </Event>
    </Track>
    <Track trackName="第2套特效" eventType="CheckRandomRangeTick" guid="6e38b810-2c03-4c25-9331-fd09a03cb2e2" enabled="true" useRefParam="false" refParamName="" r="0.000" g="0.000" b="0.000" execOnForceStopped="false" execOnActionCompleted="false" stopAfterLastEvent="true">
      <Event eventName="CheckRandomRangeTick" time="0.000" isDuration="false" guid="87e25a3e-d50f-4341-96e1-6a8da0c33428">
        <int name="checkRangeBegin" value="50" refParamName="" useRefParam="false" />
        <int name="checkRangeEnd" value="99" refParamName="" useRefParam="false" />
        <bool name="bUsePreCreateRandonNum" value="true" refParamName="" useRefParam="false" />
        <String name="preCreateRandonNumName" value="number" refParamName="" useRefParam="false" />
      </Event>
    </Track>
    <Track trackName="T2专属" eventType="TriggerParticle" guid="74318321-b3d1-46e0-ab05-e9932bbad102" enabled="false" useRefParam="false" refParamName="" r="0.000" g="0.000" b="0.000" execOnForceStopped="false" execOnActionCompleted="false" stopAfterLastEvent="true">
      <Condition id="40" guid="6e38b810-2c03-4c25-9331-fd09a03cb2e2" status="true" />
      <Event eventName="TriggerParticle" time="0.000" length="2.333" isDuration="true" guid="81e95f86-e52f-4f29-a851-924367935e4e">
        <TemplateObject name="targetId" objectName="self" id="0" isTemp="false" refParamName="" useRefParam="false" />
        <String name="resourceName" value="prefab_skill_effects/hero_skill_effects/150_hanxin/T2_spell03_B" refParamName="" useRefParam="false" />
        <Vector3i name="scalingInt" x="10000" y="10000" z="10000" refParamName="" useRefParam="false" />
        <bool name="enableMaxFollowTime" value="true" refParamName="" useRefParam="false" />
        <float name="maxFollowTime" value="1.200" refParamName="" useRefParam="false" />
        <bool name="bAllowEmptyEffect" value="true" refParamName="" useRefParam="false" />
        <String name="syncAnimationName" value="" refParamName="" useRefParam="false" />
        <String name="customTagName" value="" refParamName="" useRefParam="false" />
      </Event>
    </Track>
    <Track trackName="T2专属" eventType="TriggerParticle" guid="1a86dc93-0350-43cf-8c72-693cd7968041" enabled="false" useRefParam="false" refParamName="" r="0.000" g="0.000" b="0.000" execOnForceStopped="false" execOnActionCompleted="false" stopAfterLastEvent="true">
      <Condition id="40" guid="6e38b810-2c03-4c25-9331-fd09a03cb2e2" status="true" />
      <Event eventName="TriggerParticle" time="0.000" length="2.333" isDuration="true" guid="84286ade-493f-4bca-ae53-4f5fc4cd47e9">
        <TemplateObject name="targetId" objectName="self" id="0" isTemp="false" refParamName="" useRefParam="false" />
        <String name="resourceName" value="prefab_skill_effects/hero_skill_effects/150_hanxin/T2_spell03_01_B" refParamName="" useRefParam="false" />
        <Vector3i name="scalingInt" x="10000" y="10000" z="10000" refParamName="" useRefParam="false" />
        <bool name="enableMaxFollowTime" value="true" refParamName="" useRefParam="false" />
        <float name="maxFollowTime" value="1.200" refParamName="" useRefParam="false" />
        <bool name="bAllowEmptyEffect" value="true" refParamName="" useRefParam="false" />
        <String name="syncAnimationName" value="" refParamName="" useRefParam="false" />
        <String name="customTagName" value="" refParamName="" useRefParam="false" />
      </Event>
    </Track>
    <Track trackName="T2专属" eventType="TriggerParticle" guid="409fd2c2-09b1-46fe-bf0c-1b1f15b2d25e" enabled="false" useRefParam="false" refParamName="" r="0.000" g="0.000" b="0.000" execOnForceStopped="false" execOnActionCompleted="false" stopAfterLastEvent="true">
      <Condition id="40" guid="6e38b810-2c03-4c25-9331-fd09a03cb2e2" status="true" />
      <Event eventName="TriggerParticle" time="0.000" length="2.333" isDuration="true" guid="7058a4eb-3593-46c3-89d9-fc9861db5aca">
        <TemplateObject name="targetId" objectName="self" id="0" isTemp="false" refParamName="" useRefParam="false" />
        <String name="resourceName" value="prefab_skill_effects/hero_skill_effects/150_hanxin/T2_spell03_02_B" refParamName="" useRefParam="false" />
        <Vector3i name="scalingInt" x="10000" y="10000" z="10000" refParamName="" useRefParam="false" />
        <bool name="enableMaxFollowTime" value="true" refParamName="" useRefParam="false" />
        <float name="maxFollowTime" value="1.200" refParamName="" useRefParam="false" />
        <bool name="bAllowEmptyEffect" value="true" refParamName="" useRefParam="false" />
        <String name="syncAnimationName" value="" refParamName="" useRefParam="false" />
        <String name="customTagName" value="" refParamName="" useRefParam="false" />
      </Event>
    </Track>
    <Track trackName="T2专属" eventType="TriggerParticle" guid="5824cefb-14c0-4093-b681-f2df297a1b28" enabled="false" useRefParam="false" refParamName="" r="0.000" g="0.000" b="0.000" execOnForceStopped="false" execOnActionCompleted="false" stopAfterLastEvent="true">
      <Condition id="40" guid="6e38b810-2c03-4c25-9331-fd09a03cb2e2" status="true" />
      <Event eventName="TriggerParticle" time="0.000" length="2.333" isDuration="true" guid="803f4a77-bf70-43d3-993e-c289a94393f3">
        <TemplateObject name="targetId" objectName="self" id="0" isTemp="false" refParamName="" useRefParam="false" />
        <String name="resourceName" value="prefab_skill_effects/hero_skill_effects/150_hanxin/T2_spell03_03_B" refParamName="" useRefParam="false" />
        <Vector3i name="scalingInt" x="10000" y="10000" z="10000" refParamName="" useRefParam="false" />
        <bool name="enableMaxFollowTime" value="true" refParamName="" useRefParam="false" />
        <float name="maxFollowTime" value="1.200" refParamName="" useRefParam="false" />
        <bool name="bAllowEmptyEffect" value="true" refParamName="" useRefParam="false" />
        <String name="syncAnimationName" value="" refParamName="" useRefParam="false" />
        <String name="customTagName" value="" refParamName="" useRefParam="false" />
      </Event>
    </Track>
    <Track trackName="T2专属" eventType="TriggerParticle" guid="314d7e4a-c8b5-4cc2-96a7-479088f41d53" enabled="false" useRefParam="false" refParamName="" r="0.000" g="0.000" b="0.000" execOnForceStopped="false" execOnActionCompleted="false" stopAfterLastEvent="true">
      <Condition id="40" guid="6e38b810-2c03-4c25-9331-fd09a03cb2e2" status="true" />
      <Event eventName="TriggerParticle" time="0.000" length="2.333" isDuration="true" guid="86b3750e-41a5-4e8b-bee5-337410464c1e">
        <TemplateObject name="targetId" objectName="self" id="0" isTemp="false" refParamName="" useRefParam="false" />
        <String name="resourceName" value="prefab_skill_effects/hero_skill_effects/150_hanxin/T2_spell03_04_B" refParamName="" useRefParam="false" />
        <Vector3i name="scalingInt" x="10000" y="10000" z="10000" refParamName="" useRefParam="false" />
        <bool name="enableMaxFollowTime" value="true" refParamName="" useRefParam="false" />
        <float name="maxFollowTime" value="1.200" refParamName="" useRefParam="false" />
        <bool name="bAllowEmptyEffect" value="true" refParamName="" useRefParam="false" />
        <String name="syncAnimationName" value="" refParamName="" useRefParam="false" />
        <String name="customTagName" value="" refParamName="" useRefParam="false" />
      </Event>
    </Track>
    <Track trackName="TriggerParticleTick0" eventType="TriggerParticleTick" guid="02c830b9-f913-4f4a-bf03-8ce32ac90358" enabled="true" useRefParam="false" refParamName="" r="0.000" g="0.000" b="0.000" execOnForceStopped="false" execOnActionCompleted="false" stopAfterLastEvent="true">
      <Condition id="40" guid="6e38b810-2c03-4c25-9331-fd09a03cb2e2" status="true" />
      <Event eventName="TriggerParticleTick" time="0.000" isDuration="false" guid="3f416079-83a1-4334-b3ef-147228b80084">
        <TemplateObject name="targetId" objectName="None" id="-1" isTemp="false" refParamName="" useRefParam="false" />
        <TemplateObject name="objectSpaceId" objectName="self" id="0" isTemp="false" refParamName="" useRefParam="false" />
        <String name="resourceName" value="prefab_skill_effects/hero_skill_effects/150_hanxin/T2_spell03_B" refParamName="" useRefParam="false" />
        <float name="lifeTime" value="2.500" refParamName="" useRefParam="false" />
        <Vector3i name="scalingInt" x="10000" y="10000" z="10000" refParamName="" useRefParam="false" />
        <bool name="bAllowEmptyEffect" value="true" refParamName="" useRefParam="false" />
      </Event>
    </Track>
    <Track trackName="TriggerParticleTick0" eventType="TriggerParticleTick" guid="148eb83a-b9b2-402c-b62d-142c3cce0b50" enabled="true" useRefParam="false" refParamName="" r="0.000" g="0.000" b="0.000" execOnForceStopped="false" execOnActionCompleted="false" stopAfterLastEvent="true">
      <Condition id="40" guid="6e38b810-2c03-4c25-9331-fd09a03cb2e2" status="true" />
      <Event eventName="TriggerParticleTick" time="0.000" isDuration="false" guid="91d6f1c8-87ee-4aa8-979b-3846a73838d5">
        <TemplateObject name="targetId" objectName="None" id="-1" isTemp="false" refParamName="" useRefParam="false" />
        <TemplateObject name="objectSpaceId" objectName="self" id="0" isTemp="false" refParamName="" useRefParam="false" />
        <String name="resourceName" value="prefab_skill_effects/hero_skill_effects/150_hanxin/T2_spell03_01_B" refParamName="" useRefParam="false" />
        <float name="lifeTime" value="2.500" refParamName="" useRefParam="false" />
        <Vector3i name="scalingInt" x="10000" y="10000" z="10000" refParamName="" useRefParam="false" />
        <bool name="bAllowEmptyEffect" value="true" refParamName="" useRefParam="false" />
      </Event>
    </Track>
    <Track trackName="TriggerParticleTick0" eventType="TriggerParticleTick" guid="8fe19e4a-3ef0-4b19-a26f-52f4ce0c8aef" enabled="true" useRefParam="false" refParamName="" r="0.000" g="0.000" b="0.000" execOnForceStopped="false" execOnActionCompleted="false" stopAfterLastEvent="true">
      <Condition id="40" guid="6e38b810-2c03-4c25-9331-fd09a03cb2e2" status="true" />
      <Event eventName="TriggerParticleTick" time="0.000" isDuration="false" guid="32800712-b8d5-497f-b7e2-18cf30528c8f">
        <TemplateObject name="targetId" objectName="None" id="-1" isTemp="false" refParamName="" useRefParam="false" />
        <TemplateObject name="objectSpaceId" objectName="self" id="0" isTemp="false" refParamName="" useRefParam="false" />
        <String name="resourceName" value="prefab_skill_effects/hero_skill_effects/150_hanxin/T2_spell03_02_B" refParamName="" useRefParam="false" />
        <float name="lifeTime" value="2.500" refParamName="" useRefParam="false" />
        <Vector3i name="scalingInt" x="10000" y="10000" z="10000" refParamName="" useRefParam="false" />
        <bool name="bAllowEmptyEffect" value="true" refParamName="" useRefParam="false" />
      </Event>
    </Track>
    <Track trackName="TriggerParticleTick0" eventType="TriggerParticleTick" guid="9d31a9e8-30d3-43f7-9557-55615d1def05" enabled="true" useRefParam="false" refParamName="" r="0.000" g="0.000" b="0.000" execOnForceStopped="false" execOnActionCompleted="false" stopAfterLastEvent="true">
      <Condition id="40" guid="6e38b810-2c03-4c25-9331-fd09a03cb2e2" status="true" />
      <Event eventName="TriggerParticleTick" time="0.000" isDuration="false" guid="3f23faf5-f14c-4fe2-89cf-0139c9e6fe0d">
        <TemplateObject name="targetId" objectName="None" id="-1" isTemp="false" refParamName="" useRefParam="false" />
        <TemplateObject name="objectSpaceId" objectName="self" id="0" isTemp="false" refParamName="" useRefParam="false" />
        <String name="resourceName" value="prefab_skill_effects/hero_skill_effects/150_hanxin/T2_spell03_03_B" refParamName="" useRefParam="false" />
        <float name="lifeTime" value="2.500" refParamName="" useRefParam="false" />
        <Vector3i name="scalingInt" x="10000" y="10000" z="10000" refParamName="" useRefParam="false" />
        <bool name="bAllowEmptyEffect" value="true" refParamName="" useRefParam="false" />
      </Event>
    </Track>
    <Track trackName="TriggerParticleTick0" eventType="TriggerParticleTick" guid="a28720eb-521f-48ff-8195-26d3ed076ca8" enabled="true" useRefParam="false" refParamName="" r="0.000" g="0.000" b="0.000" execOnForceStopped="false" execOnActionCompleted="false" stopAfterLastEvent="true">
      <Condition id="40" guid="6e38b810-2c03-4c25-9331-fd09a03cb2e2" status="true" />
      <Event eventName="TriggerParticleTick" time="0.000" isDuration="false" guid="ed32e274-74f5-480e-af54-833726bc831a">
        <TemplateObject name="targetId" objectName="None" id="-1" isTemp="false" refParamName="" useRefParam="false" />
        <TemplateObject name="objectSpaceId" objectName="self" id="0" isTemp="false" refParamName="" useRefParam="false" />
        <String name="resourceName" value="prefab_skill_effects/hero_skill_effects/150_hanxin/T2_spell03_04_B" refParamName="" useRefParam="false" />
        <float name="lifeTime" value="2.500" refParamName="" useRefParam="false" />
        <Vector3i name="scalingInt" x="10000" y="10000" z="10000" refParamName="" useRefParam="false" />
        <bool name="bAllowEmptyEffect" value="true" refParamName="" useRefParam="false" />
      </Event>
    </Track>
    <Track trackName="15013" eventType="CheckSkinIdTick" guid="3a7b53f3-89be-4d09-9edc-c49331526091" enabled="true" useRefParam="false" refParamName="" r="0.000" g="0.000" b="0.000" execOnForceStopped="false" execOnActionCompleted="false" stopAfterLastEvent="true">
      <Event eventName="CheckSkinIdTick" time="0.000" isDuration="false" guid="412831b5-7320-4e0f-b7a2-fa2d5be95f09">
        <TemplateObject name="targetId" objectName="self" id="0" isTemp="false" refParamName="" useRefParam="false" />
        <int name="skinId" value="15013" refParamName="" useRefParam="false" />
        <bool name="bSkipLogicCheck" value="true" refParamName="" useRefParam="false" />
      </Event>
    </Track>
    <Track trackName="15013逻辑层" eventType="CheckSkinIdTick" guid="f26c4a26-9c62-4a8c-b591-5ec8892e38be" enabled="true" useRefParam="false" refParamName="" r="0.000" g="0.000" b="0.000" execOnForceStopped="false" execOnActionCompleted="false" stopAfterLastEvent="true">
      <Event eventName="CheckSkinIdTick" time="0.000" isDuration="false" guid="7b4959f1-08bd-4249-9191-4cb04dd04ae1">
        <TemplateObject name="targetId" objectName="self" id="0" isTemp="false" refParamName="" useRefParam="false" />
        <int name="skinId" value="15013" refParamName="" useRefParam="false" />
      </Event>
    </Track>
    <Track trackName="检测蓝BUFF" eventType="CheckSkillCombineConditionTick" guid="f0de8cc4-f591-428f-a80b-0a93bf7660f1" enabled="true" useRefParam="false" refParamName="" r="0.000" g="0.000" b="0.000" execOnForceStopped="false" execOnActionCompleted="false" stopAfterLastEvent="true">
      <Event eventName="CheckSkillCombineConditionTick" time="0.000" isDuration="false" guid="711219fd-bf7e-41cb-9b29-1a371610ae2d">
        <TemplateObject name="targetId" objectName="self" id="0" isTemp="false" refParamName="" useRefParam="false" />
        <int name="skillCombineId" value="7902120" refParamName="" useRefParam="false" />
        <Enum name="checkOPType" value="1" EnumValue="小于" refParamName="" useRefParam="false" />
        <int name="skillCombineLevel" value="1" refParamName="" useRefParam="false" />
      </Event>
    </Track>
    <Track trackName="StopTrack0" eventType="StopTrack" guid="3274f24e-e53a-4f7d-a4cf-e9bd09f2e6d6" enabled="true" useRefParam="false" refParamName="" r="0.000" g="0.000" b="0.000" execOnForceStopped="false" execOnActionCompleted="false" stopAfterLastEvent="true">
      <Condition id="53" guid="f0de8cc4-f591-428f-a80b-0a93bf7660f1" status="false" />
      <Condition id="52" guid="f26c4a26-9c62-4a8c-b591-5ec8892e38be" status="true" />
      <Event eventName="StopTrack" time="0.000" isDuration="false" guid="8a4c591f-a0c6-4cb6-a0c9-fd7f61e16b1f">
        <TrackObject name="trackId" id="17" guid="57036c14-d685-4131-9f93-9a4c65ac9929" refParamName="" useRefParam="false" />
      </Event>
    </Track>
    <Track trackName="StopTrack0" eventType="StopTrack" guid="473e6e72-28e0-41dc-b08d-815575ebeae4" enabled="true" useRefParam="false" refParamName="" r="0.000" g="0.000" b="0.000" execOnForceStopped="false" execOnActionCompleted="false" stopAfterLastEvent="true">
      <Condition id="53" guid="f0de8cc4-f591-428f-a80b-0a93bf7660f1" status="false" />
      <Condition id="52" guid="f26c4a26-9c62-4a8c-b591-5ec8892e38be" status="true" />
      <Event eventName="StopTrack" time="0.000" isDuration="false" guid="c96cf460-c579-44a1-bb46-b5cd3f94a754">
        <TrackObject name="trackId" id="18" guid="5d4a923f-56f2-4670-ac7e-1c6692324f59" refParamName="" useRefParam="false" />
      </Event>
    </Track>
    <Track trackName="StopTrack0" eventType="StopTrack" guid="632daa32-ecab-4ec4-b2e3-2f7fa4758715" enabled="true" useRefParam="false" refParamName="" r="0.000" g="0.000" b="0.000" execOnForceStopped="false" execOnActionCompleted="false" stopAfterLastEvent="true">
      <Condition id="53" guid="f0de8cc4-f591-428f-a80b-0a93bf7660f1" status="false" />
      <Condition id="52" guid="f26c4a26-9c62-4a8c-b591-5ec8892e38be" status="true" />
      <Event eventName="StopTrack" time="0.000" isDuration="false" guid="a829a329-8b78-4e21-9da1-745b71a793e4">
        <TrackObject name="trackId" id="19" guid="aaf02147-7a99-4c02-99d8-89b6e16fc5a3" refParamName="" useRefParam="false" />
      </Event>
    </Track>
    <Track trackName="StopTrack0" eventType="StopTrack" guid="82d02d18-0f26-4361-85f4-717b4c9603ef" enabled="true" useRefParam="false" refParamName="" r="0.000" g="0.000" b="0.000" execOnForceStopped="false" execOnActionCompleted="false" stopAfterLastEvent="true">
      <Condition id="53" guid="f0de8cc4-f591-428f-a80b-0a93bf7660f1" status="false" />
      <Condition id="52" guid="f26c4a26-9c62-4a8c-b591-5ec8892e38be" status="true" />
      <Event eventName="StopTrack" time="0.000" isDuration="false" guid="b9d31e8d-dd7b-4124-a841-e70509feb074">
        <TrackObject name="trackId" id="20" guid="888f2edc-d3a7-4a18-bb56-647f9678cf07" refParamName="" useRefParam="false" />
      </Event>
    </Track>
    <Track trackName="TriggerParticleTick0" eventType="TriggerParticleTick" guid="1abf8e6b-db89-46c1-93ae-b18ee52466d5" enabled="true" useRefParam="false" refParamName="" r="0.000" g="0.000" b="0.000" execOnForceStopped="false" execOnActionCompleted="false" stopAfterLastEvent="true">
      <Condition id="53" guid="f0de8cc4-f591-428f-a80b-0a93bf7660f1" status="false" />
      <Condition id="51" guid="3a7b53f3-89be-4d09-9edc-c49331526091" status="true" />
      <Event eventName="TriggerParticleTick" time="0.067" isDuration="false" guid="ef23b4bd-154c-4c4f-8208-18719fc6712a">
        <TemplateObject name="targetId" objectName="None" id="-1" isTemp="false" refParamName="" useRefParam="false" />
        <TemplateObject name="objectSpaceId" objectName="self" id="0" isTemp="false" refParamName="" useRefParam="false" />
        <String name="resourceName" value="prefab_skill_effects/hero_skill_effects/150_hanxin/hanxin_attack03_spell01_1" refParamName="" useRefParam="false" />
        <Vector3i name="scalingInt" x="10000" y="10000" z="10000" refParamName="" useRefParam="false" />
      </Event>
    </Track>
    <Track trackName="TriggerParticleTick0" eventType="TriggerParticleTick" guid="6d53f80a-b06e-4a24-802d-bff4844290ed" enabled="true" useRefParam="false" refParamName="" r="0.000" g="0.000" b="0.000" execOnForceStopped="false" execOnActionCompleted="false" stopAfterLastEvent="true">
      <Condition id="53" guid="f0de8cc4-f591-428f-a80b-0a93bf7660f1" status="false" />
      <Condition id="51" guid="3a7b53f3-89be-4d09-9edc-c49331526091" status="true" />
      <Event eventName="TriggerParticleTick" time="0.367" isDuration="false" guid="7cb4b342-2c17-4296-ad47-5a5f0be8e6d9">
        <TemplateObject name="targetId" objectName="None" id="-1" isTemp="false" refParamName="" useRefParam="false" />
        <TemplateObject name="objectSpaceId" objectName="self" id="0" isTemp="false" refParamName="" useRefParam="false" />
        <String name="resourceName" value="prefab_skill_effects/hero_skill_effects/150_hanxin/hanxin_attack03_spell02_1" refParamName="" useRefParam="false" />
        <Vector3i name="scalingInt" x="10000" y="10000" z="10000" refParamName="" useRefParam="false" />
        <bool name="bAllowEmptyEffect" value="true" refParamName="" useRefParam="false" />
      </Event>
    </Track>
    <Track trackName="TriggerParticleTick0" eventType="TriggerParticleTick" guid="6fc6fbd9-2780-4351-9811-b90143257dce" enabled="true" useRefParam="false" refParamName="" r="0.000" g="0.000" b="0.000" execOnForceStopped="false" execOnActionCompleted="false" stopAfterLastEvent="true">
      <Condition id="53" guid="f0de8cc4-f591-428f-a80b-0a93bf7660f1" status="false" />
      <Condition id="51" guid="3a7b53f3-89be-4d09-9edc-c49331526091" status="true" />
      <Event eventName="TriggerParticleTick" time="0.967" isDuration="false" guid="c1356cfe-9f2f-4ed1-be1c-ce27080449cb">
        <TemplateObject name="targetId" objectName="None" id="-1" isTemp="false" refParamName="" useRefParam="false" />
        <TemplateObject name="objectSpaceId" objectName="self" id="0" isTemp="false" refParamName="" useRefParam="false" />
        <String name="resourceName" value="prefab_skill_effects/hero_skill_effects/150_hanxin/hanxin_attack03_spell03_1" refParamName="" useRefParam="false" />
        <Vector3i name="scalingInt" x="10000" y="10000" z="10000" refParamName="" useRefParam="false" />
      </Event>
    </Track>
    <Track trackName="TriggerParticleTick0" eventType="TriggerParticleTick" guid="f2a89e26-0817-40cf-a1ae-090b610f5da3" enabled="true" useRefParam="false" refParamName="" r="0.000" g="0.000" b="0.000" execOnForceStopped="false" execOnActionCompleted="false" stopAfterLastEvent="true">
      <Condition id="53" guid="f0de8cc4-f591-428f-a80b-0a93bf7660f1" status="false" />
      <Condition id="51" guid="3a7b53f3-89be-4d09-9edc-c49331526091" status="true" />
      <Event eventName="TriggerParticleTick" time="0.466" isDuration="false" guid="e7fec45c-e4f5-4916-9e10-954748b8e2d9">
        <TemplateObject name="targetId" objectName="None" id="-1" isTemp="false" refParamName="" useRefParam="false" />
        <TemplateObject name="objectSpaceId" objectName="self" id="0" isTemp="false" refParamName="" useRefParam="false" />
        <String name="resourceName" value="prefab_skill_effects/hero_skill_effects/150_hanxin/hanxin_attack03_spell04_1" refParamName="" useRefParam="false" />
        <Vector3i name="scalingInt" x="10000" y="10000" z="10000" refParamName="" useRefParam="false" />
      </Event>
    </Track>
    <Track trackName="CreateRandomNumTick0" eventType="CreateRandomNumTick" guid="ec7438f5-139a-4357-93d0-2efee3e6d66c" enabled="false" useRefParam="false" refParamName="" r="0.000" g="0.000" b="0.000" execOnForceStopped="false" execOnActionCompleted="false" stopAfterLastEvent="true">
      <Event eventName="CreateRandomNumTick" time="0.000" isDuration="false" guid="6fa74c9f-60a6-42c8-97f8-4b9282535025">
        <int name="randomRangeEnd" value="99" refParamName="" useRefParam="false" />
        <String name="preCreateRandonNumName" value="number" refParamName="" useRefParam="false" />
      </Event>
    </Track>
    <Track trackName="15015" eventType="CheckSkinIdTick" guid="65cc4384-243a-4ae9-b321-e3eeb5f5fdd9" enabled="true" useRefParam="false" refParamName="" r="0.000" g="0.000" b="0.000" execOnForceStopped="false" execOnActionCompleted="false" stopAfterLastEvent="true">
      <Event eventName="CheckSkinIdTick" time="0.000" isDuration="false" guid="23df86c4-4915-42d5-8f82-2ade147e666c">
        <TemplateObject name="targetId" objectName="self" id="0" isTemp="false" refParamName="" useRefParam="false" />
        <int name="skinId" value="15015" refParamName="" useRefParam="false" />
      </Event>
    </Track>
    <Track trackName="第1套特效" eventType="CheckRandomRangeTick" guid="e89a739d-ad18-433f-83c7-ed477652dd8f" enabled="true" useRefParam="false" refParamName="" r="0.000" g="0.000" b="0.000" execOnForceStopped="false" execOnActionCompleted="false" stopAfterLastEvent="true">
      <Condition id="63" guid="65cc4384-243a-4ae9-b321-e3eeb5f5fdd9" status="true" />
      <Event eventName="CheckRandomRangeTick" time="0.000" isDuration="false" guid="6e10d4bd-5ef6-4985-87bc-153527eaf625">
        <int name="checkRangeEnd" value="49" refParamName="" useRefParam="false" />
        <bool name="bUsePreCreateRandonNum" value="true" refParamName="" useRefParam="false" />
        <String name="preCreateRandonNumName" value="number" refParamName="" useRefParam="false" />
      </Event>
    </Track>
    <Track trackName="TriggerParticle1" eventType="TriggerParticle" guid="812cc7ad-c333-460b-9a2d-a9fe79bfec0a" enabled="true" useRefParam="false" refParamName="" r="0.000" g="0.000" b="0.000" execOnForceStopped="false" execOnActionCompleted="false" stopAfterLastEvent="true">
      <Condition id="64" guid="e89a739d-ad18-433f-83c7-ed477652dd8f" status="true" />
      <Event eventName="TriggerParticle" time="0.100" length="2.000" isDuration="true" guid="be9417f3-fff2-41f2-805d-647b366f834c">
        <TemplateObject name="targetId" objectName="self" id="0" isTemp="false" refParamName="" useRefParam="false" />
        <String name="resourceName" value="prefab_skill_effects/hero_skill_effects/150_hanxin/Hanxin_attack03_spell01" refParamName="" useRefParam="false" />
        <Vector3i name="scalingInt" x="10000" y="10000" z="10000" refParamName="" useRefParam="false" />
        <bool name="bAllowEmptyEffect" value="true" refParamName="" useRefParam="false" />
        <String name="syncAnimationName" value="" refParamName="" useRefParam="false" />
        <String name="customTagName" value="" refParamName="" useRefParam="false" />
      </Event>
    </Track>
    <Track trackName="StopTrack0" eventType="StopTrack" guid="c2436d3d-d231-47ad-bd21-0ce7ce676c88" enabled="true" useRefParam="false" refParamName="" r="0.000" g="0.000" b="0.000" execOnForceStopped="false" execOnActionCompleted="false" stopAfterLastEvent="true">
      <Condition id="64" guid="e89a739d-ad18-433f-83c7-ed477652dd8f" status="true" />
      <Event eventName="StopTrack" time="0.000" isDuration="false" guid="734caed8-22a3-4e83-bbbb-ea2116a6ceb8">
        <TrackObject name="trackId" id="17" guid="57036c14-d685-4131-9f93-9a4c65ac9929" refParamName="" useRefParam="false" />
        <bool name="alsoStopNotStartedTrack" value="true" refParamName="" useRefParam="false" />
      </Event>
    </Track>
    <Track trackName="第2套特效" eventType="CheckRandomRangeTick" guid="bf4a4330-412d-4b5e-9a2f-723ba76bdffb" enabled="true" useRefParam="false" refParamName="" r="0.000" g="0.000" b="0.000" execOnForceStopped="false" execOnActionCompleted="false" stopAfterLastEvent="true">
      <Condition id="63" guid="65cc4384-243a-4ae9-b321-e3eeb5f5fdd9" status="true" />
      <Event eventName="CheckRandomRangeTick" time="0.000" isDuration="false" guid="82142bdd-d23e-4b3a-889a-9233d64318c1">
        <int name="checkRangeBegin" value="50" refParamName="" useRefParam="false" />
        <int name="checkRangeEnd" value="99" refParamName="" useRefParam="false" />
        <bool name="bUsePreCreateRandonNum" value="true" refParamName="" useRefParam="false" />
        <String name="preCreateRandonNumName" value="number" refParamName="" useRefParam="false" />
      </Event>
    </Track>
    <Track trackName="TriggerParticle1" eventType="TriggerParticle" guid="4ba448f3-97b2-4763-b956-63a0dcecf458" enabled="true" useRefParam="false" refParamName="" r="0.000" g="0.000" b="0.000" execOnForceStopped="false" execOnActionCompleted="false" stopAfterLastEvent="true">
      <Condition id="67" guid="bf4a4330-412d-4b5e-9a2f-723ba76bdffb" status="true" />
      <Event eventName="TriggerParticle" time="0.100" length="2.000" isDuration="true" guid="0c29a8c5-d7cd-4b8e-b7c8-02ad44aeb5c3">
        <TemplateObject name="targetId" objectName="self" id="0" isTemp="false" refParamName="" useRefParam="false" />
        <String name="resourceName" value="prefab_skill_effects/hero_skill_effects/150_hanxin/Hanxin_attack03_spell01a" refParamName="" useRefParam="false" />
        <Vector3i name="scalingInt" x="10000" y="10000" z="10000" refParamName="" useRefParam="false" />
        <bool name="bAllowEmptyEffect" value="true" refParamName="" useRefParam="false" />
        <String name="syncAnimationName" value="" refParamName="" useRefParam="false" />
        <String name="customTagName" value="" refParamName="" useRefParam="false" />
      </Event>
    </Track>
    <Track trackName="StopTrack0" eventType="StopTrack" guid="50163b32-8190-4f4f-9589-3856b295c017" enabled="true" useRefParam="false" refParamName="" r="0.000" g="0.000" b="0.000" execOnForceStopped="false" execOnActionCompleted="false" stopAfterLastEvent="true">
      <Condition id="67" guid="bf4a4330-412d-4b5e-9a2f-723ba76bdffb" status="true" />
      <Event eventName="StopTrack" time="0.000" isDuration="false" guid="eaed4c9b-0258-4ee9-b80b-020e88c7f364">
        <TrackObject name="trackId" id="17" guid="57036c14-d685-4131-9f93-9a4c65ac9929" refParamName="" useRefParam="false" />
        <bool name="alsoStopNotStartedTrack" value="true" refParamName="" useRefParam="false" />
      </Event>
    </Track>
    <Track trackName="TriggerParticleTick0" eventType="TriggerParticleTick" guid="128c3dc2-2ceb-4c50-845d-540db4c2ea24" enabled="true" useRefParam="false" refParamName="" r="0.000" g="0.000" b="0.000" execOnForceStopped="false" execOnActionCompleted="false" stopAfterLastEvent="true">
      <Condition id="67" guid="bf4a4330-412d-4b5e-9a2f-723ba76bdffb" status="true" />
      <Event eventName="TriggerParticleTick" time="0.967" isDuration="false" guid="f863d83d-0a9f-4e86-b389-3403a9eef30e">
        <TemplateObject name="targetId" objectName="None" id="-1" isTemp="false" refParamName="" useRefParam="false" />
        <TemplateObject name="objectSpaceId" objectName="self" id="0" isTemp="false" refParamName="" useRefParam="false" />
        <String name="resourceName" value="prefab_skill_effects/hero_skill_effects/150_hanxin/hanxin_attack03_spell03a" refParamName="" useRefParam="false" />
        <Vector3i name="scalingInt" x="10000" y="10000" z="10000" refParamName="" useRefParam="false" />
      </Event>
    </Track>
    <Track trackName="StopTrack0" eventType="StopTrack" guid="0c1acb41-8562-47ff-a7e8-571ca83469ef" enabled="true" useRefParam="false" refParamName="" r="0.000" g="0.000" b="0.000" execOnForceStopped="false" execOnActionCompleted="false" stopAfterLastEvent="true">
      <Condition id="67" guid="bf4a4330-412d-4b5e-9a2f-723ba76bdffb" status="true" />
      <Event eventName="StopTrack" time="0.000" isDuration="false" guid="7a26ec68-d0a9-4f95-949d-7448d6b165a0">
        <TrackObject name="trackId" id="19" guid="aaf02147-7a99-4c02-99d8-89b6e16fc5a3" refParamName="" useRefParam="false" />
        <bool name="alsoStopNotStartedTrack" value="true" refParamName="" useRefParam="false" />
      </Event>
    </Track>
    <Track trackName="SetAnimationParamsDuration0" eventType="SetAnimationParamsDuration" guid="ec1e4f35-2611-4b30-872c-da1c818e2c29" enabled="true" useRefParam="false" refParamName="" r="0.000" g="0.000" b="0.000" execOnForceStopped="false" execOnActionCompleted="false" stopAfterLastEvent="true">
      <Condition id="64" guid="e89a739d-ad18-433f-83c7-ed477652dd8f" status="true" />
      <Event eventName="SetAnimationParamsDuration" time="0.000" length="2.330" isDuration="true" guid="6fb1f212-a88d-4671-8904-8b3def9cda85">
        <TemplateObject name="targetId" objectName="self" id="0" isTemp="false" refParamName="" useRefParam="false" />
        <Array name="floatNames" refParamName="" useRefParam="false" type="String">
          <String value="spell3pa" />
        </Array>
        <Array name="floatValues" refParamName="" useRefParam="false" type="float">
          <float value="1.000" />
        </Array>
      </Event>
    </Track>
    <Track trackName="SetAnimationParamsDuration0" eventType="SetAnimationParamsDuration" guid="0416aa0c-c75e-40b7-a2fd-81a6a1cefc75" enabled="true" useRefParam="false" refParamName="" r="0.000" g="0.000" b="0.000" execOnForceStopped="false" execOnActionCompleted="false" stopAfterLastEvent="true">
      <Event eventName="SetAnimationParamsDuration" time="0.000" length="2.330" isDuration="true" guid="69eab933-50cc-4891-91cb-b546eed1c541">
        <TemplateObject name="targetId" objectName="self" id="0" isTemp="false" refParamName="" useRefParam="false" />
        <Array name="floatNames" refParamName="" useRefParam="false" type="String">
          <String value="spell3pa1" />
        </Array>
        <Array name="floatValues" refParamName="" useRefParam="false" type="float">
          <float value="1.000" />
        </Array>
      </Event>
    </Track>
    <Track trackName="CheckSkinIdVirtualTick0" eventType="CheckSkinIdVirtualTick" guid="27e1e652-6d2c-49f6-bc30-dbdb7d0f4b9d" enabled="true" useRefParam="false" refParamName="" r="0.000" g="0.000" b="0.000" execOnForceStopped="false" execOnActionCompleted="false" stopAfterLastEvent="true">
      <Event eventName="CheckSkinIdVirtualTick" time="0.000" isDuration="false" guid="3d3d1d02-02c1-4319-96a1-77abcfe35b10">
        <TemplateObject name="targetId" objectName="self" id="0" isTemp="false" refParamName="" useRefParam="false" />
        <int name="skinId" value="15012" refParamName="" useRefParam="false" />
      </Event>
    </Track>
    <Track trackName="BattleUIAnimationDuration0" eventType="BattleUIAnimationDuration" guid="0ab040ec-173c-492f-87b9-d013fe5acca6" enabled="true" useRefParam="false" refParamName="" r="0.000" g="0.000" b="0.000" execOnForceStopped="false" execOnActionCompleted="false" stopAfterLastEvent="true">
      <Condition id="74" guid="27e1e652-6d2c-49f6-bc30-dbdb7d0f4b9d" status="true" />
      <Event eventName="BattleUIAnimationDuration" time="0.000" length="2.000" isDuration="true" guid="925da456-c95a-4164-8acb-5b86529e53c9">
        <TemplateObject name="targetId" objectName="self" id="0" isTemp="false" refParamName="" useRefParam="false" />
        <String name="prefab" value="prefab_skill_effects/hero_skill_effects/150_Hanxin_spellC_01" refParamName="" useRefParam="false" />
        <String name="animName" value="" refParamName="" useRefParam="false" />
      </Event>
    </Track>
    <Track trackName="TriggerParticle0" eventType="TriggerParticle" guid="a3256551-77bf-4e5f-b117-9087973e5306" enabled="true" useRefParam="false" refParamName="" r="0.000" g="0.000" b="0.000" execOnForceStopped="false" execOnActionCompleted="false" stopAfterLastEvent="true">
      <Condition id="74" guid="27e1e652-6d2c-49f6-bc30-dbdb7d0f4b9d" status="true" />
      <Event eventName="TriggerParticle" time="0.000" length="2.000" isDuration="true" guid="aec68729-dfe6-4d53-afc0-c7f0e3cd37e1">
        <TemplateObject name="targetId" objectName="self" id="0" isTemp="false" refParamName="" useRefParam="false" />
        <String name="resourceName" value="prefab_skill_effects/hero_skill_effects/150_hanxin/T2_qiya_buff_01" refParamName="" useRefParam="false" />
        <Vector3i name="scalingInt" x="10000" y="10000" z="10000" refParamName="" useRefParam="false" />
        <bool name="enableMaxFollowTime" value="true" refParamName="" useRefParam="false" />
        <float name="maxFollowTime" value="1.200" refParamName="" useRefParam="false" />
        <bool name="bAllowEmptyEffect" value="true" refParamName="" useRefParam="false" />
        <String name="syncAnimationName" value="" refParamName="" useRefParam="false" />
        <String name="customTagName" value="" refParamName="" useRefParam="false" />
      </Event>
    </Track>
    <Track trackName="PlayAnimDuration0" eventType="PlayAnimDuration" guid="3fdff307-e447-4575-bfc1-a02698af5f71" enabled="true" useRefParam="false" refParamName="" r="0.000" g="0.000" b="0.000" execOnForceStopped="false" execOnActionCompleted="false" stopAfterLastEvent="true">
      <Condition id="51" guid="3a7b53f3-89be-4d09-9edc-c49331526091" status="true" />
      <Event eventName="PlayAnimDuration" time="0.000" length="2.333" isDuration="true" guid="0b8fc578-7ebb-4bd2-9d23-7f578d2edc71">
        <TemplateObject name="targetId" objectName="self" id="0" isTemp="false" refParamName="" useRefParam="false" />
        <String name="clipName" value="Spell3" refParamName="" useRefParam="false" />
        <int name="layer" value="3" refParamName="" useRefParam="false" />
        <float name="crossFadeTime" value="0.100" refParamName="" useRefParam="false" />
        <float name="fadeOutTime" value="0.200" refParamName="" useRefParam="false" />
      </Event>
    </Track>
    <Track trackName="检测前置强普" eventType="FilterTargetType" guid="ccb28658-0811-40f9-be6d-1d46f1314147" enabled="true" useRefParam="false" refParamName="" r="0.000" g="0.000" b="0.000" execOnForceStopped="false" execOnActionCompleted="false" stopAfterLastEvent="true">
      <Condition id="52" guid="f26c4a26-9c62-4a8c-b591-5ec8892e38be" status="true" />
      <Event eventName="FilterTargetType" time="0.000" isDuration="false" guid="e2da9a57-ed40-4f7c-ad2e-3e092e397c24">
        <TemplateObject name="targetId" objectName="self" id="0" isTemp="false" refParamName="" useRefParam="false" />
        <bool name="bFilterBufferLayers" value="true" refParamName="" useRefParam="false" />
        <int name="buffId" value="150897" refParamName="" useRefParam="false" />
        <Enum name="operatorType" value="3" EnumValue="等于" refParamName="" useRefParam="false" />
        <int name="buffLayers" value="1" refParamName="" useRefParam="false" />
      </Event>
    </Track>
    <Track trackName="播放combo3" eventType="SetAnimationParamsTick" guid="58a2295c-96f5-43e3-b2e8-7602571ccf36" enabled="true" useRefParam="false" refParamName="" r="0.000" g="0.000" b="0.000" execOnForceStopped="false" execOnActionCompleted="false" stopAfterLastEvent="true">
      <Condition id="78" guid="ccb28658-0811-40f9-be6d-1d46f1314147" status="true" />
      <Condition id="52" guid="f26c4a26-9c62-4a8c-b591-5ec8892e38be" status="true" />
      <Event eventName="SetAnimationParamsTick" time="0.000" isDuration="false" guid="26db33d7-289f-4bd8-8ddf-0dcfa0b8375d">
        <TemplateObject name="targetId" objectName="self" id="0" isTemp="false" refParamName="" useRefParam="false" />
        <Array name="boolNames" refParamName="" useRefParam="false" type="String">
          <String value="combo3" />
        </Array>
        <Array name="boolValues" refParamName="" useRefParam="false" type="bool">
          <bool value="true" />
        </Array>
      </Event>
    </Track>
    <Track trackName="播放combo3" eventType="SetAnimationParamsTick" guid="18ea6cac-da24-443f-a5b7-c5e2ea10dc58" enabled="true" useRefParam="false" refParamName="" r="0.000" g="0.000" b="0.000" execOnForceStopped="true" execOnActionCompleted="true" stopAfterLastEvent="true">
      <Condition id="78" guid="ccb28658-0811-40f9-be6d-1d46f1314147" status="true" />
      <Condition id="52" guid="f26c4a26-9c62-4a8c-b591-5ec8892e38be" status="true" />
      <Event eventName="SetAnimationParamsTick" time="0.000" isDuration="false" guid="3212b98d-7343-4fb1-afd3-fc35fb42bd13">
        <TemplateObject name="targetId" objectName="self" id="0" isTemp="false" refParamName="" useRefParam="false" />
        <Array name="boolNames" refParamName="" useRefParam="false" type="String">
          <String value="combo3" />
        </Array>
        <Array name="boolValues" refParamName="" useRefParam="false" type="bool">
          <bool value="false" />
        </Array>
      </Event>
    </Track>
  </Action>
</Project>