<?xml version="1.0" encoding="utf-8"?>
<Project>
  <TemplateObjectList>
    <TemplateObject objectName="攻击者" id="0" isTemp="false" />
    <TemplateObject objectName="target" id="1" isTemp="false" />
    <TemplateObject objectName="bullet" id="2" isTemp="true" />
    <TemplateObject objectName="bullet1" id="3" isTemp="true" />
  </TemplateObjectList>
  <RefParamList>
    <String name="BulletPrefab" value="" refParamName="" useRefParam="false" />
    <Vector3i name="_TargetDir" x="0" y="0" z="0" refParamName="" useRefParam="false" />
  </RefParamList>
  <Action tag="" length="1.500" loop="false">
    <Track trackName="CheckSkinIdTick0" eventType="CheckSkinIdTick" guid="15f89648-7f8f-4124-812e-524afd8650a5" enabled="true" useRefParam="false" refParamName="" r="0.000" g="0.000" b="0.000" execOnForceStopped="false" execOnActionCompleted="false">
      <Event eventName="CheckSkinIdTick" time="0.000" isDuration="false" guid="97f0e567-0837-46a3-8919-fb5c320d3ae7">
        <TemplateObject name="targetId" objectName="攻击者" id="0" isTemp="false" refParamName="" useRefParam="false" />
        <int name="skinId" value="11119" refParamName="" useRefParam="false" />
      </Event>
    </Track>
    <Track trackName="SpawnObjectDuration0" eventType="SpawnObjectDuration" guid="c890e4ed-8300-4e21-8d66-757283ec3cc0" enabled="true" useRefParam="false" refParamName="" r="0.000" g="0.000" b="0.000" execOnForceStopped="false" execOnActionCompleted="false">
      <Condition id="0" guid="15f89648-7f8f-4124-812e-524afd8650a5" status="true" />
      <Event eventName="SpawnObjectDuration" time="0.000" length="0.200" isDuration="true" guid="b1efc583-1c33-416c-aa4c-403b1d81eb12">
        <TemplateObject name="targetId" objectName="bullet" id="2" isTemp="true" refParamName="" useRefParam="false" />
        <TemplateObject name="objectSpaceId" objectName="攻击者" id="0" isTemp="false" refParamName="" useRefParam="false" />
        <String name="prefabName" value="prefab_skill_effects/hero_skill_effects/111_sunshangxiang/11119/sunshangxiang_fly_01b" refParamName="" useRefParam="false" />
        <Vector3i name="translation" x="0" y="750" z="0" refParamName="" useRefParam="false" />
        <bool name="modifyDirection" value="true" refParamName="" useRefParam="false" />
        <Vector3i name="direction" x="0" y="0" z="0" refParamName="" useRefParam="false" />
        <bool name="modifyScaling" value="true" refParamName="" useRefParam="false" />
        <bool name="bUseSkin" value="true" refParamName="" useRefParam="false" />
        <TemplateObject name="materialParentActorId" id="-1" objectName="None" isTemp="false" refParamName="" useRefParam="false" />
        <TemplateObject name="visionActorId" id="-1" objectName="None" isTemp="false" refParamName="" useRefParam="false" />
        <TemplateObject name="recordTargeID" id="-1" objectName="None" isTemp="false" refParamName="" useRefParam="false" />
      </Event>
    </Track>
    <Track trackName="CheckSkinIdTick0" eventType="CheckSkinIdTick" guid="147b18d8-5e6e-4dde-a57f-4e1f1f3b0496" enabled="true" useRefParam="false" refParamName="" r="0.000" g="0.000" b="0.000" execOnForceStopped="false" execOnActionCompleted="false">
      <Event eventName="CheckSkinIdTick" time="0.000" isDuration="false" guid="96d7abbe-d30d-49e3-b054-e5c44b1e9d77">
        <TemplateObject name="targetId" objectName="攻击者" id="0" isTemp="false" refParamName="" useRefParam="false" />
        <int name="skinId" value="11120" refParamName="" useRefParam="false" />
        <bool name="bSkipLogicCheck" value="true" refParamName="" useRefParam="false" />
      </Event>
    </Track>
    <Track trackName="SpawnObjectDuration0" eventType="SpawnObjectDuration" guid="11baf1ed-c5fd-426b-98d3-66f8913dad26" enabled="true" useRefParam="false" refParamName="" r="0.000" g="0.000" b="0.000" execOnForceStopped="false" execOnActionCompleted="false">
      <Condition id="2" guid="147b18d8-5e6e-4dde-a57f-4e1f1f3b0496" status="true" />
      <Event eventName="SpawnObjectDuration" time="0.000" length="0.200" isDuration="true" guid="295aabfb-c7c8-4f0c-b8d6-1b1cf0bfc47d">
        <TemplateObject name="targetId" objectName="bullet" id="2" isTemp="true" refParamName="" useRefParam="false" />
        <TemplateObject name="objectSpaceId" objectName="攻击者" id="0" isTemp="false" refParamName="" useRefParam="false" />
        <String name="prefabName" value="prefab_skill_effects/hero_skill_effects/111_sunshangxiang/11119/11120/sunshangxiang_fly_01b" refParamName="" useRefParam="false" />
        <Vector3i name="translation" x="0" y="800" z="0" refParamName="" useRefParam="false" />
        <bool name="modifyDirection" value="true" refParamName="" useRefParam="false" />
        <Vector3i name="direction" x="0" y="0" z="0" refParamName="" useRefParam="false" />
        <bool name="modifyScaling" value="true" refParamName="" useRefParam="false" />
        <bool name="bUseSkin" value="true" refParamName="" useRefParam="false" />
        <TemplateObject name="materialParentActorId" id="-1" objectName="None" isTemp="false" refParamName="" useRefParam="false" />
        <TemplateObject name="visionActorId" id="-1" objectName="None" isTemp="false" refParamName="" useRefParam="false" />
        <TemplateObject name="recordTargeID" id="-1" objectName="None" isTemp="false" refParamName="" useRefParam="false" />
      </Event>
    </Track>
    <Track trackName="MoveBulletDuration0" eventType="MoveBulletDuration" guid="a4b4420f-87ae-4a8f-8c74-f5b800394aec" enabled="true" useRefParam="false" refParamName="" r="0.000" g="0.000" b="0.000" execOnForceStopped="false" execOnActionCompleted="false">
      <Event eventName="MoveBulletDuration" time="0.000" length="0.200" isDuration="true" guid="054fcee5-f3fa-4f02-a569-4c77bd717828">
        <TemplateObject name="targetId" objectName="bullet" id="2" isTemp="true" refParamName="" useRefParam="false" />
        <Enum name="MoveType" value="2" EnumValue="指定朝向" refParamName="" useRefParam="false" />
        <Vector3i name="offsetDir" x="0" y="0" z="0" refParamName="_TargetDir" useRefParam="true" />
        <int name="distance" value="7000" refParamName="" useRefParam="false" />
        <int name="velocity" value="35000" refParamName="" useRefParam="false" />
      </Event>
    </Track>
    <Track trackName="StopTrack0" eventType="StopTrack" guid="a26ab569-1063-4be4-bd60-dd8ddd601191" enabled="true" useRefParam="false" refParamName="" r="0.000" g="0.000" b="0.000" execOnForceStopped="false" execOnActionCompleted="false">
      <Condition id="4" guid="a4b4420f-87ae-4a8f-8c74-f5b800394aec" status="true" />
      <Event eventName="StopTrack" time="0.000" isDuration="false" guid="fbe1cc10-3d76-4dd4-b6b9-296fc294d873">
        <TrackObject name="trackId" id="1" guid="c890e4ed-8300-4e21-8d66-757283ec3cc0" refParamName="" useRefParam="false" />
      </Event>
    </Track>
    <Track trackName="StopTrack0" eventType="StopTrack" guid="623b21d3-2a9a-488b-8931-4268749328fd" enabled="true" useRefParam="false" refParamName="" r="0.000" g="0.000" b="0.000" execOnForceStopped="false" execOnActionCompleted="false">
      <Condition id="4" guid="a4b4420f-87ae-4a8f-8c74-f5b800394aec" status="true" />
      <Event eventName="StopTrack" time="0.000" isDuration="false" guid="ef13045e-0619-47c4-9525-9c30fbca61b9">
        <TrackObject name="trackId" id="4" guid="a4b4420f-87ae-4a8f-8c74-f5b800394aec" refParamName="" useRefParam="false" />
      </Event>
    </Track>
  </Action>
</Project>