<?xml version="1.0" encoding="utf-8"?>
<Project>
  <TemplateObjectList>
    <TemplateObject objectName="攻击者" id="0" isTemp="false" />
    <TemplateObject objectName="target" id="1" isTemp="false" />
    <TemplateObject objectName="self" id="2" isTemp="false" />
  </TemplateObjectList>
  <RefParamList>
    <Vector3i name="_TargetDir" x="0" y="0" z="0" refParamName="" useRefParam="false" />
    <Vector3i name="_TargetPos" x="0" y="0" z="0" refParamName="" useRefParam="false" />
  </RefParamList>
  <Action tag="" length="1.300" loop="false">
    <Track trackName="SetBehaviourModeTick0" eventType="SetBehaviourModeTick" guid="101b2e41-0c6d-4ac4-8900-a3dd9250b835" enabled="true" useRefParam="false" refParamName="" r="0.000" g="0.000" b="0.000" execOnForceStopped="false" execOnActionCompleted="false">
      <Event eventName="SetBehaviourModeTick" time="0.000" isDuration="false" guid="127b35db-cd6f-4739-bf44-0d31ae241296">
        <TemplateObject name="targetId" objectName="攻击者" id="0" isTemp="false" refParamName="" useRefParam="false" />
      </Event>
    </Track>
    <Track trackName="SetAttackDirDuration0" eventType="SetAttackDirDuration" guid="3f17b9a3-542f-4723-b6f6-1cb400615d75" enabled="true" useRefParam="false" refParamName="" r="0.000" g="0.000" b="0.000" execOnForceStopped="false" execOnActionCompleted="false">
      <Event eventName="SetAttackDirDuration" time="0.000" length="0.066" isDuration="true" guid="67db3c7e-e656-44d4-8e4d-1bcc24174e8f">
        <TemplateObject name="attackerId" objectName="攻击者" id="0" isTemp="false" refParamName="" useRefParam="false" />
        <bool name="bImmediateRotate" value="true" refParamName="" useRefParam="false" />
      </Event>
    </Track>
    <Track trackName="ForbidAbilityDuration0" eventType="ForbidAbilityDuration" guid="dcd3844a-cce9-4cba-b1e1-39e475918c09" enabled="true" useRefParam="false" refParamName="" r="0.000" g="0.000" b="0.000" execOnForceStopped="false" execOnActionCompleted="false">
      <Event eventName="ForbidAbilityDuration" time="0.000" length="0.300" isDuration="true" guid="5c7ddb9f-bd0e-40df-ad74-49b6eca38d7f">
        <TemplateObject name="attackerId" objectName="攻击者" id="0" isTemp="false" refParamName="" useRefParam="false" />
        <bool name="forbidMove" value="true" refParamName="" useRefParam="false" />
        <bool name="abortFilterSkill1" value="true" refParamName="" useRefParam="false" />
        <bool name="abortFilterSkill2" value="true" refParamName="" useRefParam="false" />
        <bool name="abortFilterSkill3" value="true" refParamName="" useRefParam="false" />
      </Event>
    </Track>
    <Track trackName="SkillInputCacheDuration5" eventType="SkillInputCacheDuration" guid="4398e441-dfe1-40bd-8f88-80145443ba4e" enabled="true" useRefParam="false" refParamName="" r="0.000" g="0.000" b="0.000" execOnForceStopped="false" execOnActionCompleted="false">
      <Event eventName="SkillInputCacheDuration" time="0.000" length="0.300" isDuration="true" guid="6316cf60-3e2c-4041-a5b1-a80570484a94">
        <TemplateObject name="targetId" objectName="攻击者" id="0" isTemp="false" refParamName="" useRefParam="false" />
        <bool name="cacheSkill" value="true" refParamName="" useRefParam="false" />
      </Event>
    </Track>
    <Track trackName="PlayAnimDuration0" eventType="PlayAnimDuration" guid="9d3c0607-cf74-4eb7-b5b6-c97fd526b3c4" enabled="true" useRefParam="false" refParamName="" r="0.000" g="0.000" b="0.000" execOnForceStopped="false" execOnActionCompleted="false">
      <Event eventName="PlayAnimDuration" time="0.000" length="1.300" isDuration="true" guid="9aec4c68-86a7-44f3-a779-9c4a7150a509">
        <TemplateObject name="targetId" objectName="攻击者" id="0" isTemp="false" refParamName="" useRefParam="false" />
        <String name="clipName" value="Atk1" refParamName="" useRefParam="false" />
        <float name="crossFadeTime" value="0.100" refParamName="" useRefParam="false" />
        <bool name="bUseFadeOutTime" value="true" refParamName="" useRefParam="false" />
        <float name="fadeOutTime" value="0.200" refParamName="" useRefParam="false" />
        <bool name="applyActionSpeed" value="true" refParamName="" useRefParam="false" />
      </Event>
    </Track>
    <Track trackName="SpawnBulletTick0" eventType="SpawnBulletTick" guid="7d156cb0-f4c6-4875-9281-9b37b2e21f30" enabled="true" useRefParam="false" refParamName="" r="0.000" g="0.000" b="0.000" execOnForceStopped="false" execOnActionCompleted="false">
      <Event eventName="SpawnBulletTick" time="0.195" isDuration="false" guid="37b6bc4d-45bb-4c9f-8cc3-12435e5ef2a0">
        <TemplateObject name="targetId" objectName="攻击者" id="0" isTemp="false" refParamName="" useRefParam="false" />
        <String name="ActionName" value="prefab_characters/prefab_hero/111_sunshangxiang/skill/A4b1" refParamName="" useRefParam="false" />
        <String name="SpecialActionName" value="prefab_characters/prefab_hero/111_sunshangxiang/skill/A4b2" refParamName="" useRefParam="false" />
      </Event>
    </Track>
    <Track trackName="HitTriggerTick1" eventType="HitTriggerTick" guid="5f847da0-bdad-4a06-af46-0c10fd4ea8b4" enabled="false" useRefParam="false" refParamName="" r="0.000" g="0.000" b="0.000" execOnForceStopped="false" execOnActionCompleted="false">
      <Event eventName="HitTriggerTick" time="0.200" isDuration="false" guid="28814334-057d-40d0-84bc-cc4b1fd710bf">
        <TemplateObject name="targetId" objectName="攻击者" id="0" isTemp="false" refParamName="" useRefParam="false" />
        <int name="TargetSkillCombine_1" value="111000" refParamName="" useRefParam="false" />
        <TemplateObject name="triggerId" id="-1" objectName="None" isTemp="false" refParamName="" useRefParam="false" />
      </Event>
    </Track>
    <Track trackName="是11119" eventType="CheckSkinIdVirtualTick" guid="6e7b84a9-5677-4f4d-bcaa-63a9a3365927" enabled="true" useRefParam="false" refParamName="" r="0.000" g="0.000" b="0.000" execOnForceStopped="false" execOnActionCompleted="false">
      <Event eventName="CheckSkinIdVirtualTick" time="0.000" isDuration="false" guid="bdaa1f41-0bc0-43f1-a922-6833c4c770c9">
        <TemplateObject name="targetId" objectName="攻击者" id="0" isTemp="false" refParamName="" useRefParam="false" />
        <int name="skinId" value="11192" refParamName="" useRefParam="false" />
        <bool name="useNegateValue" value="true" refParamName="" useRefParam="false" />
      </Event>
    </Track>
    <Track trackName="枪头开火特效" eventType="TriggerParticleTick" guid="c2dc826c-c841-4d51-9098-dd6f5b524642" enabled="true" useRefParam="false" refParamName="" r="0.000" g="0.000" b="0.000" execOnForceStopped="false" execOnActionCompleted="false">
      <Condition id="7" guid="6e7b84a9-5677-4f4d-bcaa-63a9a3365927" status="true" />
      <Event eventName="TriggerParticleTick" time="0.200" isDuration="false" guid="963b3334-96d0-4ba6-aec6-d80254b8a04b">
        <TemplateObject name="objectSpaceId" objectName="攻击者" id="0" isTemp="false" refParamName="" useRefParam="false" />
        <String name="resourceName" value="prefab_skill_effects/hero_skill_effects/111_sunshangxiang/sunshuangxiang_attack_01" refParamName="" useRefParam="false" />
        <Vector3 name="bindPosOffset" x="0.300" y="0.700" z="0.700" refParamName="" useRefParam="false" />
        <Vector3i name="scalingInt" x="10000" y="10000" z="10000" refParamName="" useRefParam="false" />
        <TemplateObject name="targetId" id="-1" objectName="None" isTemp="false" refParamName="" useRefParam="false" />
      </Event>
    </Track>
    <Track trackName="CheckSkinIdTick0" eventType="CheckSkinIdTick" guid="28a8f681-bd11-4ce9-a1e9-e03c35b598c2" enabled="true" useRefParam="false" refParamName="" r="0.000" g="0.000" b="0.000" execOnForceStopped="false" execOnActionCompleted="false">
      <Event eventName="CheckSkinIdTick" time="0.000" isDuration="false" guid="76b03856-d507-49e0-91fd-bdbfd75cc366">
        <TemplateObject name="targetId" objectName="攻击者" id="0" isTemp="false" refParamName="" useRefParam="false" />
        <int name="skinId" value="11198" refParamName="" useRefParam="false" />
        <bool name="bEqual" value="true" refParamName="" useRefParam="false" />
        <bool name="bSkipLogicCheck" value="true" refParamName="" useRefParam="false" />
      </Event>
    </Track>
    <Track trackName="CheckSkinIdTick0" eventType="CheckSkinIdTick" guid="d2fb1ac3-0956-4cea-8f15-5c31245f1b3b" enabled="true" useRefParam="false" refParamName="" r="0.000" g="0.000" b="0.000" execOnForceStopped="false" execOnActionCompleted="false">
      <Event eventName="CheckSkinIdTick" time="0.000" isDuration="false" guid="f507fb1d-a95f-47cb-a3fa-44402f4b8ab0">
        <TemplateObject name="targetId" objectName="攻击者" id="0" isTemp="false" refParamName="" useRefParam="false" />
        <int name="skinId" value="11120" refParamName="" useRefParam="false" />
        <bool name="bEqual" value="false" refParamName="" useRefParam="false" />
        <bool name="bSkipLogicCheck" value="true" refParamName="" useRefParam="false" />
      </Event>
    </Track>
    <Track trackName="枪头开火特效" eventType="TriggerParticleTick" guid="ad72aea6-dc6c-402d-835b-03e921649c5c" enabled="true" useRefParam="false" refParamName="" r="0.000" g="0.000" b="0.000" execOnForceStopped="false" execOnActionCompleted="false">
      <Condition id="9" guid="28a8f681-bd11-4ce9-a1e9-e03c35b598c2" status="true" />
      <Condition id="10" guid="d2fb1ac3-0956-4cea-8f15-5c31245f1b3b" status="true" />
      <Event eventName="TriggerParticleTick" time="0.200" isDuration="false" guid="4effedb5-f1be-47ff-ad4d-74f92147d4f5">
        <TemplateObject name="objectSpaceId" objectName="攻击者" id="0" isTemp="false" refParamName="" useRefParam="false" />
        <String name="resourceName" value="prefab_skill_effects/hero_skill_effects/111_sunshangxiang/sunshuangxiang_attack_01" refParamName="" useRefParam="false" />
        <Vector3 name="bindPosOffset" x="0.300" y="0.700" z="0.700" refParamName="" useRefParam="false" />
        <Vector3i name="scalingInt" x="10000" y="10000" z="10000" refParamName="" useRefParam="false" />
        <TemplateObject name="targetId" id="-1" objectName="None" isTemp="false" refParamName="" useRefParam="false" />
      </Event>
    </Track>
    <Track trackName="老孙尚香假弹道" eventType="TriggerParticleTick" guid="ab6128d0-1179-4a63-9e6d-b71e6bf2d2d1" enabled="true" useRefParam="false" refParamName="" r="0.000" g="0.000" b="0.000" execOnForceStopped="false" execOnActionCompleted="false">
      <Condition id="9" guid="28a8f681-bd11-4ce9-a1e9-e03c35b598c2" status="true" />
      <Condition id="10" guid="d2fb1ac3-0956-4cea-8f15-5c31245f1b3b" status="true" />
      <Event eventName="TriggerParticleTick" time="0.200" isDuration="false" guid="ae97131d-ecae-4864-9389-86704fd6f9b7">
        <TemplateObject name="objectSpaceId" objectName="攻击者" id="0" isTemp="false" refParamName="" useRefParam="false" />
        <String name="resourceName" value="prefab_skill_effects/hero_skill_effects/111_sunshangxiang/sunshangxiang_fly_01" refParamName="" useRefParam="false" />
        <Vector3 name="bindPosOffset" x="0.300" y="0.700" z="0.700" refParamName="" useRefParam="false" />
        <Vector3i name="scalingInt" x="10000" y="10000" z="10000" refParamName="" useRefParam="false" />
        <TemplateObject name="targetId" id="-1" objectName="None" isTemp="false" refParamName="" useRefParam="false" />
      </Event>
    </Track>
    <Track trackName="CheckSkinIdTick0" eventType="CheckSkinIdTick" guid="b02e1dad-9c82-409d-a9ec-77ba76547285" enabled="true" useRefParam="false" refParamName="" r="0.000" g="0.000" b="0.000" execOnForceStopped="false" execOnActionCompleted="false">
      <Event eventName="CheckSkinIdTick" time="0.000" isDuration="false" guid="d7c764a7-b8f1-4604-842f-e08b2073398d">
        <TemplateObject name="targetId" objectName="攻击者" id="0" isTemp="false" refParamName="" useRefParam="false" />
        <int name="skinId" value="11120" refParamName="" useRefParam="false" />
        <bool name="bSkipLogicCheck" value="true" refParamName="" useRefParam="false" />
      </Event>
    </Track>
    <Track trackName="枪头开火特效" eventType="TriggerParticleTick" guid="d0692a77-7b38-4087-bd40-821249b836c3" enabled="true" useRefParam="false" refParamName="" r="0.000" g="0.000" b="0.000" execOnForceStopped="false" execOnActionCompleted="false">
      <Condition id="13" guid="b02e1dad-9c82-409d-a9ec-77ba76547285" status="true" />
      <Event eventName="TriggerParticleTick" time="0.200" isDuration="false" guid="5b3a9b7e-e534-4fea-9c13-16e2937e707e">
        <TemplateObject name="objectSpaceId" objectName="攻击者" id="0" isTemp="false" refParamName="" useRefParam="false" />
        <String name="resourceName" value="prefab_skill_effects/hero_skill_effects/111_sunshangxiang/sunshuangxiang_attack_02" refParamName="" useRefParam="false" />
        <Vector3 name="bindPosOffset" x="0.300" y="0.700" z="0.700" refParamName="" useRefParam="false" />
        <Vector3i name="scalingInt" x="10000" y="10000" z="10000" refParamName="" useRefParam="false" />
        <TemplateObject name="targetId" id="-1" objectName="None" isTemp="false" refParamName="" useRefParam="false" />
      </Event>
    </Track>
    <Track trackName="ChangeSkillTriggerTick0" eventType="ChangeSkillTriggerTick" guid="da376d20-3761-483c-b95e-bbbb79721964" enabled="true" useRefParam="false" refParamName="" r="0.000" g="0.000" b="0.000" execOnForceStopped="false" execOnActionCompleted="false">
      <Event eventName="ChangeSkillTriggerTick" time="0.000" isDuration="false" guid="8dbf5c14-9769-4e34-bfe4-ef653957ed91">
        <TemplateObject name="targetId" objectName="攻击者" id="0" isTemp="false" refParamName="" useRefParam="false" />
        <int name="effectTime" value="5000" refParamName="" useRefParam="false" />
        <int name="recoverSkillID" value="11100" refParamName="" useRefParam="false" />
        <int name="changeSkillID" value="11101" refParamName="" useRefParam="false" />
        <int name="changeSkillID2" value="11101" refParamName="" useRefParam="false" />
        <int name="changeSkillID3" value="11100" refParamName="" useRefParam="false" />
      </Event>
    </Track>
    <Track trackName="PlayHeroSoundTick86" eventType="PlayHeroSoundTick" guid="eb5bbde6-d5d6-40f5-848c-def4dbd227de" enabled="true" useRefParam="false" refParamName="" r="0.000" g="0.000" b="0.000" execOnForceStopped="false" execOnActionCompleted="false">
      <Event eventName="PlayHeroSoundTick" time="0.200" isDuration="false" guid="b1147250-0122-4ace-86dd-a76ed0949245">
        <TemplateObject name="targetId" objectName="攻击者" id="0" isTemp="false" refParamName="" useRefParam="false" />
        <TemplateObject name="sourceId" objectName="攻击者" id="0" isTemp="false" refParamName="" useRefParam="false" />
        <String name="eventName" value="SunShangXiang_VO_Short" refParamName="" useRefParam="false" />
        <Array name="extraSkinId" refParamName="" useRefParam="false" type="uint">
          <uint value="13" />
          <uint value="14" />
          <uint value="15" />
        </Array>
      </Event>
    </Track>
    <Track trackName="PlayHeroSoundTick86" eventType="PlayHeroSoundTick" guid="701ce198-d503-44e6-819e-e3e6f51f64c9" enabled="true" useRefParam="false" refParamName="" r="0.000" g="0.000" b="0.000" execOnForceStopped="false" execOnActionCompleted="false">
      <Event eventName="PlayHeroSoundTick" time="0.200" isDuration="false" guid="4b84712b-b5e5-487a-a7be-1d84078bece6">
        <TemplateObject name="targetId" objectName="攻击者" id="0" isTemp="false" refParamName="" useRefParam="false" />
        <TemplateObject name="sourceId" objectName="攻击者" id="0" isTemp="false" refParamName="" useRefParam="false" />
        <String name="eventName" value="SunShangXiang_Attack" refParamName="" useRefParam="false" />
        <Array name="extraSkinId" refParamName="" useRefParam="false" type="uint">
          <uint value="13" />
          <uint value="14" />
          <uint value="15" />
        </Array>
      </Event>
    </Track>
    <Track trackName="SkillCDTriggerTick1" eventType="SkillCDTriggerTick" guid="187807db-3d95-4ea1-abbb-6989d73c805b" enabled="true" useRefParam="false" refParamName="" r="0.000" g="0.000" b="0.000" execOnForceStopped="false" execOnActionCompleted="false">
      <Event eventName="SkillCDTriggerTick" time="0.000" isDuration="false" guid="f46dac29-3193-49c9-a25d-92a57acd56c2">
        <TemplateObject name="targetId" objectName="攻击者" id="0" isTemp="false" refParamName="" useRefParam="false" />
      </Event>
    </Track>
    <Track trackName="SkillUseCacheTick1" eventType="SkillUseCacheTick" guid="096a6f77-b412-4bfb-ace0-1b8ab896baa8" enabled="true" useRefParam="false" refParamName="" r="0.000" g="0.000" b="0.000" execOnForceStopped="false" execOnActionCompleted="false">
      <Event eventName="SkillUseCacheTick" time="0.300" isDuration="false" guid="53377b33-bf94-45e2-9068-8c8f4d6320e0">
        <TemplateObject name="targetId" objectName="攻击者" id="0" isTemp="false" refParamName="" useRefParam="false" />
      </Event>
    </Track>
    <Track trackName="ChangeIndicatorTick2" eventType="ChangeIndicatorTick" guid="60928d45-1563-4705-a33d-2496cd6a28f6" enabled="true" useRefParam="false" refParamName="" r="0.000" g="0.000" b="0.000" execOnForceStopped="false" execOnActionCompleted="false">
      <Event eventName="ChangeIndicatorTick" time="0.200" isDuration="false" guid="0a758315-580a-480b-b026-5fcd00e18fe7" />
    </Track>
  </Action>
</Project>