﻿<?xml version="1.0" encoding="utf-8"?>
<Project>
  <TemplateObjectList>
    <TemplateObject objectName="self" id="0" isTemp="false" />
    <TemplateObject objectName="target" id="1" isTemp="false" />
    <TemplateObject objectName="bullet1" id="2" isTemp="true" />
    <TemplateObject objectName="bullet2" id="3" isTemp="true" />
  </TemplateObjectList>
  <RefParamList />
  <Action tag="" length="0.500" loop="false">
    <Track trackName="攻击子弹1" eventType="SpawnObjectDuration" guid="f50ccecd-379b-4d57-a242-5e092be923e2" enabled="true" useRefParam="false" refParamName="" r="0.000" g="0.000" b="0.000" execOnForceStopped="false" execOnActionCompleted="false">
      <Event eventName="SpawnObjectDuration" time="0.000" length="0.500" isDuration="true" guid="f3ffcfbf-3cd8-443d-b782-361e51201a42">
        <TemplateObject name="targetId" objectName="bullet1" id="2" isTemp="true" refParamName="" useRefParam="false" />
        <TemplateObject name="objectSpaceId" objectName="self" id="0" isTemp="false" refParamName="" useRefParam="false" />
        <String name="prefabName" value="prefab_characters/commonempty" refParamName="" useRefParam="false" />
        <bool name="modifyDirection" value="true" refParamName="" useRefParam="false" />
        <Vector3i name="direction" x="0" y="0" z="0" refParamName="" useRefParam="false" />
        <TemplateObject name="materialParentActorId" objectName="None" id="-1" isTemp="false" refParamName="" useRefParam="false" />
        <TemplateObject name="visionActorId" objectName="None" id="-1" isTemp="false" refParamName="" useRefParam="false" />
        <TemplateObject name="recordTargeID" objectName="None" id="-1" isTemp="false" refParamName="" useRefParam="false" />
      </Event>
    </Track>
    <Track trackName="野蔷薇" eventType="SpawnObjectDuration" guid="0f8e1373-9011-4612-a842-90684b157e73" enabled="true" useRefParam="false" refParamName="" r="0.000" g="0.000" b="0.000" execOnForceStopped="false" execOnActionCompleted="false" SkinAvatarFilterType="9">
      <Event eventName="SpawnObjectDuration" time="0.000" length="0.500" isDuration="true" guid="93f9d561-20a8-4205-87c6-ddf98cabf3c2">
        <TemplateObject name="targetId" objectName="bullet2" id="3" isTemp="true" refParamName="" useRefParam="false" />
        <TemplateObject name="objectSpaceId" objectName="self" id="0" isTemp="false" refParamName="" useRefParam="false" />
        <String name="prefabName" value="prefab_skill_effects/hero_skill_effects/11120/111_sunshangxiang/sunshangxiang_attack01_C" refParamName="" useRefParam="false" />
        <Vector3i name="translation" x="0" y="750" z="0" refParamName="" useRefParam="false" />
        <bool name="modifyDirection" value="true" refParamName="" useRefParam="false" />
        <Vector3i name="direction" x="0" y="0" z="0" refParamName="" useRefParam="false" />
        <TemplateObject name="materialParentActorId" objectName="None" id="-1" isTemp="false" refParamName="" useRefParam="false" />
        <TemplateObject name="visionActorId" objectName="None" id="-1" isTemp="false" refParamName="" useRefParam="false" />
        <TemplateObject name="recordTargeID" objectName="None" id="-1" isTemp="false" refParamName="" useRefParam="false" />
      </Event>
      <SkinOrAvatarList id="11120" />
    </Track>
    <Track trackName="龙限子弹" eventType="SpawnObjectDuration" guid="7d00e4cc-d6fb-468c-ae02-96619df46ba8" enabled="true" useRefParam="false" refParamName="" r="0.000" g="0.000" b="0.000" execOnForceStopped="false" execOnActionCompleted="false" SkinAvatarFilterType="9">
      <Event eventName="SpawnObjectDuration" time="0.000" length="0.500" isDuration="true" guid="f77a4fd6-5a9d-40eb-b5fd-409c338fd15d">
        <TemplateObject name="targetId" objectName="bullet2" id="3" isTemp="true" refParamName="" useRefParam="false" />
        <TemplateObject name="objectSpaceId" objectName="self" id="0" isTemp="false" refParamName="" useRefParam="false" />
        <String name="prefabName" value="prefab_skill_effects/hero_skill_effects/111_sunshangxiang/sunshangxiang_attack01_C" refParamName="" useRefParam="false" />
        <Vector3i name="translation" x="0" y="750" z="0" refParamName="" useRefParam="false" />
        <bool name="modifyDirection" value="true" refParamName="" useRefParam="false" />
        <Vector3i name="direction" x="0" y="0" z="0" refParamName="" useRefParam="false" />
        <TemplateObject name="materialParentActorId" objectName="None" id="-1" isTemp="false" refParamName="" useRefParam="false" />
        <TemplateObject name="visionActorId" objectName="None" id="-1" isTemp="false" refParamName="" useRefParam="false" />
        <TemplateObject name="recordTargeID" objectName="None" id="-1" isTemp="false" refParamName="" useRefParam="false" />
      </Event>
      <SkinOrAvatarList id="11119" />
    </Track>
    <Track trackName="MoveBulletDuration0" eventType="MoveBulletDuration" guid="c53c2b2e-e3e1-4e0c-b764-b4de65ac736c" enabled="true" useRefParam="false" refParamName="" r="0.000" g="0.000" b="0.000" execOnForceStopped="false" execOnActionCompleted="false">
      <Event eventName="MoveBulletDuration" time="0.000" length="0.500" isDuration="true" guid="845b3532-fba8-4b62-bf31-6ee6b5194997">
        <TemplateObject name="targetId" objectName="bullet1" id="2" isTemp="true" refParamName="" useRefParam="false" />
        <TemplateObject name="destId" objectName="target" id="1" isTemp="false" refParamName="" useRefParam="false" />
        <int name="distance" value="15000" refParamName="" useRefParam="false" />
        <int name="velocity" value="100000" refParamName="" useRefParam="false" />
      </Event>
    </Track>
    <Track trackName="HitTriggerTick1" eventType="HitTriggerTick" guid="dc7a6d8c-c3ae-4636-888a-d57900b97d39" enabled="true" useRefParam="false" refParamName="" r="0.000" g="0.000" b="0.000" execOnForceStopped="false" execOnActionCompleted="false">
      <Condition id="3" guid="c53c2b2e-e3e1-4e0c-b764-b4de65ac736c" status="true" />
      <Event eventName="HitTriggerTick" time="0.000" isDuration="false" guid="70d254c8-24bc-4e1b-bdc5-1427237c0ff2">
        <TemplateObject name="targetId" objectName="self" id="0" isTemp="false" refParamName="" useRefParam="false" />
        <int name="TargetSkillCombine_1" value="111020" refParamName="" useRefParam="false" />
        <TemplateObject name="triggerId" objectName="None" id="-1" isTemp="false" refParamName="" useRefParam="false" />
      </Event>
    </Track>
    <Track trackName="StopTrack0" eventType="StopTrack" guid="b473f5bf-7dba-4e5f-8d83-f0dea8668159" enabled="true" useRefParam="false" refParamName="" r="0.000" g="0.000" b="0.000" execOnForceStopped="false" execOnActionCompleted="false">
      <Condition id="3" guid="c53c2b2e-e3e1-4e0c-b764-b4de65ac736c" status="true" />
      <Event eventName="StopTrack" time="0.000" isDuration="false" guid="30fbac4a-d4af-44dd-9ce2-114527228c77">
        <TrackObject name="trackId" id="0" guid="f50ccecd-379b-4d57-a242-5e092be923e2" refParamName="" useRefParam="false" />
      </Event>
    </Track>
    <Track trackName="StopTrack0" eventType="StopTrack" guid="706e1e36-0e2a-4bf6-bd74-fba5dd874c04" enabled="true" useRefParam="false" refParamName="" r="0.000" g="0.000" b="0.000" execOnForceStopped="false" execOnActionCompleted="false">
      <Condition id="3" guid="c53c2b2e-e3e1-4e0c-b764-b4de65ac736c" status="true" />
      <Event eventName="StopTrack" time="0.000" isDuration="false" guid="d4cb8770-b93a-4554-85dc-94c6b7098242">
        <TrackObject name="trackId" id="3" guid="c53c2b2e-e3e1-4e0c-b764-b4de65ac736c" refParamName="" useRefParam="false" />
      </Event>
    </Track>
    <Track trackName="MoveBulletDuration0" eventType="MoveBulletDuration" guid="c186d2d0-2ac8-4696-bd28-6d8cdcd3b54e" enabled="true" useRefParam="false" refParamName="" r="0.000" g="0.000" b="0.000" execOnForceStopped="false" execOnActionCompleted="false">
      <Event eventName="MoveBulletDuration" time="0.000" length="0.500" isDuration="true" guid="df70de90-d99e-4fbe-a062-03b474eff856">
        <TemplateObject name="targetId" objectName="bullet2" id="3" isTemp="true" refParamName="" useRefParam="false" />
        <TemplateObject name="destId" objectName="target" id="1" isTemp="false" refParamName="" useRefParam="false" />
        <int name="distance" value="15000" refParamName="" useRefParam="false" />
        <int name="velocity" value="35000" refParamName="" useRefParam="false" />
      </Event>
    </Track>
    <Track trackName="StopTrack0" eventType="StopTrack" guid="8e05606a-d23c-43eb-8a61-a9e3dd4d0a9e" enabled="true" useRefParam="false" refParamName="" r="0.000" g="0.000" b="0.000" execOnForceStopped="false" execOnActionCompleted="false">
      <Condition id="7" guid="c186d2d0-2ac8-4696-bd28-6d8cdcd3b54e" status="true" />
      <Event eventName="StopTrack" time="0.000" isDuration="false" guid="9ec3e64a-603e-471c-b2aa-65407f613d2a">
        <TrackObject name="trackId" id="0" guid="f50ccecd-379b-4d57-a242-5e092be923e2" refParamName="" useRefParam="false" />
      </Event>
    </Track>
    <Track trackName="StopTrack0" eventType="StopTrack" guid="d7285629-5e0d-43d0-b5ba-91fa0202e2fc" enabled="true" useRefParam="false" refParamName="" r="0.000" g="0.000" b="0.000" execOnForceStopped="false" execOnActionCompleted="false">
      <Condition id="7" guid="c186d2d0-2ac8-4696-bd28-6d8cdcd3b54e" status="true" />
      <Event eventName="StopTrack" time="0.000" isDuration="false" guid="da29eaaf-e90b-4821-b5d6-c7006dcfcb32">
        <TrackObject name="trackId" id="2" guid="7d00e4cc-d6fb-468c-ae02-96619df46ba8" refParamName="" useRefParam="false" />
      </Event>
    </Track>
  </Action>
</Project>