﻿<?xml version="1.0" encoding="utf-8"?>
<Project>
  <TemplateObjectList>
    <TemplateObject objectName="self" id="0" isTemp="false" />
    <TemplateObject objectName="target" id="1" isTemp="false" />
    <TemplateObject objectName="bullet" id="2" isTemp="true" />
  </TemplateObjectList>
  <RefParamList>
    <Vector3i name="_BulletPos" x="0" y="0" z="0" refParamName="" useRefParam="false" />
    <Vector3i name="targetdir" x="0" y="0" z="0" refParamName="" useRefParam="false" />
    <Vector3i name="_TargetPos" x="0" y="0" z="0" refParamName="" useRefParam="false" />
  </RefParamList>
  <Action tag="" length="2.000" loop="false">
    <Track trackName="CheckSkillCombineConditionTick0" eventType="CheckSkillCombineConditionTick" guid="fda8b12e-f447-4e2e-b918-f34e534025ca" enabled="true" useRefParam="false" refParamName="" r="0.000" g="0.000" b="0.000" execOnForceStopped="false" execOnActionCompleted="false" stopAfterLastEvent="true" SkinAvatarFilterType="9">
      <Event eventName="CheckSkillCombineConditionTick" time="0.000" isDuration="false" guid="517277be-0f39-4731-9f8c-741232ac3ee2">
        <TemplateObject name="targetId" objectName="self" id="0" isTemp="false" refParamName="" useRefParam="false" />
        <int name="skillCombineId" value="133999" refParamName="" useRefParam="false" />
        <Enum name="checkOPType" value="3" EnumValue="等于" refParamName="" useRefParam="false" />
        <int name="skillCombineLevel" value="1" refParamName="" useRefParam="false" />
      </Event>
      <SkinOrAvatarList id="13314" />
      <SkinOrAvatarList id="13300" />
      <SkinOrAvatarList id="13301" />
      <SkinOrAvatarList id="13302" />
      <SkinOrAvatarList id="13303" />
      <SkinOrAvatarList id="13304" />
      <SkinOrAvatarList id="13305" />
      <SkinOrAvatarList id="13306" />
      <SkinOrAvatarList id="13307" />
      <SkinOrAvatarList id="13308" />
      <SkinOrAvatarList id="13309" />
      <SkinOrAvatarList id="13310" />
      <SkinOrAvatarList id="13311" />
      <SkinOrAvatarList id="13312" />
      <SkinOrAvatarList id="13313" />
      <SkinOrAvatarList id="13315" />
      <SkinOrAvatarList id="13316" />
      <SkinOrAvatarList id="13317" />
      <SkinOrAvatarList id="13318" />
      <SkinOrAvatarList id="13319" />
      <SkinOrAvatarList id="13320" />
      <SkinOrAvatarList id="13321" />
      <SkinOrAvatarList id="13322" />
      <SkinOrAvatarList id="13323" />
      <SkinOrAvatarList id="13324" />
    </Track>
    <Track trackName="常规屏幕效果" eventType="BattleUIAnimationDuration" guid="a70eb047-eff7-4de4-91fb-6c06b41ee868" enabled="true" useRefParam="false" refParamName="" r="0.000" g="0.000" b="0.000" execOnForceStopped="false" execOnActionCompleted="false" stopAfterLastEvent="true" SkinAvatarFilterType="9">
      <Condition id="0" guid="fda8b12e-f447-4e2e-b918-f34e534025ca" status="false" />
      <Event eventName="BattleUIAnimationDuration" time="0.000" length="2.000" isDuration="true" guid="7ae21b7b-dec0-4239-8b19-06090916b28f">
        <TemplateObject name="targetId" objectName="self" id="0" isTemp="false" refParamName="" useRefParam="false" />
        <String name="prefab" value="prefab_skill_effects/hero_skill_effects/133_DiRenJie/13314/DiRenJie_attack_03d_Screen01_1" refParamName="" useRefParam="false" />
        <String name="animName" value="" refParamName="" useRefParam="false" />
      </Event>
      <SkinOrAvatarList id="13314" />
      <SkinOrAvatarList id="13300" />
      <SkinOrAvatarList id="13301" />
      <SkinOrAvatarList id="13302" />
      <SkinOrAvatarList id="13303" />
      <SkinOrAvatarList id="13304" />
      <SkinOrAvatarList id="13305" />
      <SkinOrAvatarList id="13306" />
      <SkinOrAvatarList id="13307" />
      <SkinOrAvatarList id="13308" />
      <SkinOrAvatarList id="13309" />
      <SkinOrAvatarList id="13310" />
      <SkinOrAvatarList id="13311" />
      <SkinOrAvatarList id="13312" />
      <SkinOrAvatarList id="13313" />
      <SkinOrAvatarList id="13315" />
      <SkinOrAvatarList id="13316" />
      <SkinOrAvatarList id="13317" />
      <SkinOrAvatarList id="13318" />
      <SkinOrAvatarList id="13319" />
      <SkinOrAvatarList id="13320" />
      <SkinOrAvatarList id="13321" />
      <SkinOrAvatarList id="13322" />
      <SkinOrAvatarList id="13323" />
      <SkinOrAvatarList id="13324" />
    </Track>
    <Track trackName="魔人屏幕效果" eventType="BattleUIAnimationDuration" guid="97a101eb-0856-4f6c-9104-a0caefc60194" enabled="true" useRefParam="false" refParamName="" r="0.000" g="0.000" b="0.000" execOnForceStopped="false" execOnActionCompleted="false" stopAfterLastEvent="true" SkinAvatarFilterType="9">
      <Condition id="0" guid="fda8b12e-f447-4e2e-b918-f34e534025ca" status="true" />
      <Event eventName="BattleUIAnimationDuration" time="0.000" length="2.000" isDuration="true" guid="bae7774c-41c1-4c54-ab38-78f45d703f89">
        <TemplateObject name="targetId" objectName="self" id="0" isTemp="false" refParamName="" useRefParam="false" />
        <String name="prefab" value="prefab_skill_effects/hero_skill_effects/133_DiRenJie/13314/DiRenJie_attack_03d_Screen02_1" refParamName="" useRefParam="false" />
        <String name="animName" value="" refParamName="" useRefParam="false" />
      </Event>
      <SkinOrAvatarList id="13314" />
      <SkinOrAvatarList id="13300" />
      <SkinOrAvatarList id="13301" />
      <SkinOrAvatarList id="13302" />
      <SkinOrAvatarList id="13303" />
      <SkinOrAvatarList id="13304" />
      <SkinOrAvatarList id="13305" />
      <SkinOrAvatarList id="13306" />
      <SkinOrAvatarList id="13307" />
      <SkinOrAvatarList id="13308" />
      <SkinOrAvatarList id="13309" />
      <SkinOrAvatarList id="13310" />
      <SkinOrAvatarList id="13311" />
      <SkinOrAvatarList id="13312" />
      <SkinOrAvatarList id="13313" />
      <SkinOrAvatarList id="13315" />
      <SkinOrAvatarList id="13316" />
      <SkinOrAvatarList id="13317" />
      <SkinOrAvatarList id="13318" />
      <SkinOrAvatarList id="13319" />
      <SkinOrAvatarList id="13320" />
      <SkinOrAvatarList id="13321" />
      <SkinOrAvatarList id="13322" />
      <SkinOrAvatarList id="13323" />
      <SkinOrAvatarList id="13324" />
    </Track>
    <Track trackName="通用屏幕效果" eventType="BattleUIAnimationDuration" guid="bc8b0049-c754-48b6-9416-be20599da750" enabled="true" useRefParam="false" refParamName="" r="0.000" g="0.000" b="0.000" execOnForceStopped="false" execOnActionCompleted="false" stopAfterLastEvent="true" SkinAvatarFilterType="9">
      <Event eventName="BattleUIAnimationDuration" time="0.000" length="2.000" isDuration="true" guid="067768e3-a52d-4dcd-8269-8f4a3511af13">
        <TemplateObject name="targetId" objectName="self" id="0" isTemp="false" refParamName="" useRefParam="false" />
        <String name="prefab" value="prefab_skill_effects/hero_skill_effects/133_DiRenJie/13314/DiRenJie_attack_03d_Screen02_2" refParamName="" useRefParam="false" />
        <String name="animName" value="" refParamName="" useRefParam="false" />
      </Event>
      <SkinOrAvatarList id="13314" />
      <SkinOrAvatarList id="13300" />
      <SkinOrAvatarList id="13301" />
      <SkinOrAvatarList id="13302" />
      <SkinOrAvatarList id="13303" />
      <SkinOrAvatarList id="13304" />
      <SkinOrAvatarList id="13305" />
      <SkinOrAvatarList id="13306" />
      <SkinOrAvatarList id="13307" />
      <SkinOrAvatarList id="13308" />
      <SkinOrAvatarList id="13309" />
      <SkinOrAvatarList id="13310" />
      <SkinOrAvatarList id="13311" />
      <SkinOrAvatarList id="13312" />
      <SkinOrAvatarList id="13313" />
      <SkinOrAvatarList id="13315" />
      <SkinOrAvatarList id="13316" />
      <SkinOrAvatarList id="13317" />
      <SkinOrAvatarList id="13318" />
      <SkinOrAvatarList id="13319" />
      <SkinOrAvatarList id="13320" />
      <SkinOrAvatarList id="13321" />
      <SkinOrAvatarList id="13322" />
      <SkinOrAvatarList id="13323" />
      <SkinOrAvatarList id="13324" />
    </Track>
  </Action>
</Project>