﻿<?xml version="1.0" encoding="utf-8"?>
<Project>
  <TemplateObjectList>
    <TemplateObject id="0" objectName="self" isTemp="false" />
    <TemplateObject id="1" objectName="target" isTemp="false" />
  </TemplateObjectList>
  <RefParamList>
    <Vector3i name="_BulletDir" x="0" y="0" z="0" refParamName="" useRefParam="false" />
    <Vector3i name="_TargetDir" x="0" y="0" z="0" refParamName="" useRefParam="false" />
    <Vector3i name="_TargetPos" x="0" y="0" z="0" refParamName="" useRefParam="false" />
  </RefParamList>
  <Action tag="" length="0.500" loop="false">
    <Track trackName="FilterTargetType6" eventType="FilterTargetType" guid="20f64bb4-0d0e-40ed-91b4-7ee34475407e" enabled="true" useRefParam="false" refParamName="" r="0.000" g="0.000" b="0.000" execOnForceStopped="false" execOnActionCompleted="false" stopAfterLastEvent="true">
      <Event eventName="FilterTargetType" time="0.000" isDuration="false" guid="8bf90de3-c798-4ab0-9682-78b1f991c7fd">
        <TemplateObject name="targetId" id="1" objectName="target" isTemp="false" refParamName="" useRefParam="false" />
        <bool name="bFilterHero" value="true" refParamName="" useRefParam="false" />
        <bool name="bFilterBoss" value="true" refParamName="" useRefParam="false" />
        <bool name="bFilterOrgan" value="true" refParamName="" useRefParam="false" />
      </Event>
    </Track>
    <Track trackName="SetBehaviourModeTick10" eventType="SetBehaviourModeTick" guid="87baf434-d6ab-4737-b31b-1775742aa4ee" enabled="true" useRefParam="false" refParamName="" r="0.000" g="0.000" b="0.000" execOnForceStopped="false" execOnActionCompleted="false" stopAfterLastEvent="true">
      <Condition id="0" guid="20f64bb4-0d0e-40ed-91b4-7ee34475407e" status="true" />
      <Event eventName="SetBehaviourModeTick" time="0.000" isDuration="false" guid="16b29827-2fa1-403b-a165-655a7715a62b">
        <TemplateObject name="targetId" id="1" objectName="target" isTemp="false" refParamName="" useRefParam="false" />
        <bool name="clearMove" value="true" refParamName="" useRefParam="false" />
        <bool name="stopCurSkill" value="true" refParamName="" useRefParam="false" />
      </Event>
    </Track>
    <Track trackName="非12812" eventType="CheckSkinIdVirtualTick" guid="79a2557e-8e38-4429-8f2e-e0b8b5618fab" enabled="true" useRefParam="false" refParamName="" r="0.000" g="0.000" b="0.000" execOnForceStopped="false" execOnActionCompleted="false" stopAfterLastEvent="true">
      <Event eventName="CheckSkinIdVirtualTick" time="0.000" isDuration="false" guid="792abd7a-b063-464e-95f1-0602ba633049">
        <TemplateObject name="targetId" id="0" objectName="self" isTemp="false" refParamName="" useRefParam="false" />
        <int name="skinId" value="12892" refParamName="" useRefParam="false" />
      </Event>
    </Track>
    <Track trackName="12812" eventType="CheckSkinIdVirtualTick" guid="d725429d-99fa-4ecb-8518-b095f76dcbbb" enabled="true" useRefParam="false" refParamName="" r="0.000" g="0.000" b="0.000" execOnForceStopped="false" execOnActionCompleted="false" stopAfterLastEvent="true">
      <Event eventName="CheckSkinIdVirtualTick" time="0.000" isDuration="false" guid="ce1d1718-6e24-4aba-b697-29d64056332a">
        <TemplateObject name="targetId" id="0" objectName="self" isTemp="false" refParamName="" useRefParam="false" />
        <int name="skinId" value="12892" refParamName="" useRefParam="false" />
        <bool name="useNegateValue" value="true" refParamName="" useRefParam="false" />
      </Event>
    </Track>
    <Track trackName="TriggerParticleTick0" eventType="TriggerParticleTick" guid="a66c0c5d-659b-4258-b6f7-6630f5046041" enabled="true" useRefParam="false" refParamName="" r="0.000" g="0.000" b="0.000" execOnForceStopped="false" execOnActionCompleted="false" stopAfterLastEvent="true">
      <Condition id="2" guid="79a2557e-8e38-4429-8f2e-e0b8b5618fab" status="true" />
      <Event eventName="TriggerParticleTick" time="0.000" isDuration="false" guid="fbfd7dd3-2bec-4be4-8254-22262970a5e0">
        <TemplateObject name="targetId" id="-1" objectName="None" isTemp="false" refParamName="" useRefParam="false" />
        <TemplateObject name="objectSpaceId" id="1" objectName="target" isTemp="false" refParamName="" useRefParam="false" />
        <String name="resourceName" value="prefab_skill_effects/hero_skill_effects/128_caocao/caocao_hurt_atk02" refParamName="" useRefParam="false" />
        <Vector3 name="bindPosOffset" x="0.000" y="1.000" z="0.000" refParamName="" useRefParam="false" />
        <EulerAngle name="bindRotOffset" x="0.000" y="100.000" z="0.000" refParamName="" useRefParam="false" />
        <Vector3i name="scalingInt" x="10000" y="10000" z="10000" refParamName="" useRefParam="false" />
        <TemplateObject name="lookTargetId" id="0" objectName="self" isTemp="false" refParamName="" useRefParam="false" />
        <bool name="applyActionSpeedToAnimation" value="true" refParamName="" useRefParam="false" />
        <bool name="bBulletDir" value="true" refParamName="" useRefParam="false" />
      </Event>
    </Track>
    <Track trackName="TriggerParticleTick0" eventType="TriggerParticleTick" guid="2d413500-741d-4b5a-a6db-7ceeb5cd346a" enabled="true" useRefParam="false" refParamName="" r="0.000" g="0.000" b="0.000" execOnForceStopped="false" execOnActionCompleted="false" stopAfterLastEvent="true">
      <Condition id="3" guid="d725429d-99fa-4ecb-8518-b095f76dcbbb" status="true" />
      <Event eventName="TriggerParticleTick" time="0.000" isDuration="false" guid="5e448598-1b8b-434e-9a59-fb3aa8cf33d4">
        <TemplateObject name="targetId" id="-1" objectName="None" isTemp="false" refParamName="" useRefParam="false" />
        <TemplateObject name="objectSpaceId" id="1" objectName="target" isTemp="false" refParamName="" useRefParam="false" />
        <String name="resourceName" value="prefab_skill_effects/hero_skill_effects/128_caocao/caocao_hurt_atk02" refParamName="" useRefParam="false" />
        <Vector3 name="bindPosOffset" x="0.000" y="1.000" z="0.000" refParamName="" useRefParam="false" />
        <Vector3i name="scalingInt" x="10000" y="10000" z="10000" refParamName="" useRefParam="false" />
        <TemplateObject name="lookTargetId" id="0" objectName="self" isTemp="false" refParamName="" useRefParam="false" />
        <bool name="applyActionSpeedToAnimation" value="true" refParamName="" useRefParam="false" />
        <bool name="bBulletDir" value="true" refParamName="" useRefParam="false" />
      </Event>
    </Track>
    <Track trackName="SkillFuncInstant0" eventType="SkillFuncInstant" guid="8d09eb2f-50ed-4358-a741-27ca7e1a94dd" enabled="true" useRefParam="false" refParamName="" r="0.000" g="0.000" b="0.000" execOnForceStopped="false" execOnActionCompleted="false" stopAfterLastEvent="true">
      <Event eventName="SkillFuncInstant" time="0.000" isDuration="false" guid="229e17de-92ad-4587-b17f-7b3565719e8e" />
    </Track>
    <Track trackName="PlayAnimDuration0" eventType="PlayAnimDuration" guid="054f0381-8ca7-4d6e-8f04-fad5e72ced28" enabled="true" useRefParam="false" refParamName="" r="0.000" g="0.000" b="0.000" execOnForceStopped="false" execOnActionCompleted="false" stopAfterLastEvent="true">
      <Condition id="0" guid="20f64bb4-0d0e-40ed-91b4-7ee34475407e" status="true" />
      <Event eventName="PlayAnimDuration" time="0.000" length="0.500" isDuration="true" guid="9e081b67-e4fa-4763-8108-990fe73f7b56">
        <TemplateObject name="targetId" id="1" objectName="target" isTemp="false" refParamName="" useRefParam="false" />
        <String name="clipName" value="Hit" refParamName="" useRefParam="false" />
        <float name="crossFadeTime" value="0.100" refParamName="" useRefParam="false" />
      </Event>
    </Track>
    <Track trackName="ForbidAbilityDuration0" eventType="ForbidAbilityDuration" guid="ea2e92aa-5f37-46c3-aa5c-46ff03c82106" enabled="true" useRefParam="false" refParamName="" r="0.000" g="0.000" b="0.000" execOnForceStopped="false" execOnActionCompleted="false" stopAfterLastEvent="true">
      <Condition id="0" guid="20f64bb4-0d0e-40ed-91b4-7ee34475407e" status="true" />
      <Event eventName="ForbidAbilityDuration" time="0.000" length="0.500" isDuration="true" guid="28752267-50de-4662-8801-7c25ae0fb789">
        <TemplateObject name="attackerId" id="1" objectName="target" isTemp="false" refParamName="" useRefParam="false" />
        <bool name="forbidMove" value="true" refParamName="" useRefParam="false" />
        <bool name="forbidSkill" value="true" refParamName="" useRefParam="false" />
        <bool name="forbidMoveRotate" value="true" refParamName="" useRefParam="false" />
      </Event>
    </Track>
    <Track trackName="PlayHeroSoundTick17" eventType="PlayHeroSoundTick" guid="5522f7a4-c9d3-44a2-afed-b43f14fa7126" enabled="true" useRefParam="false" refParamName="" r="0.000" g="0.000" b="0.000" execOnForceStopped="false" execOnActionCompleted="false" stopAfterLastEvent="true">
      <Event eventName="PlayHeroSoundTick" time="0.000" isDuration="false" guid="78bf05b7-a8a3-4ab0-b3a9-15e2c276bb5e">
        <TemplateObject name="targetId" id="0" objectName="self" isTemp="false" refParamName="" useRefParam="false" />
        <TemplateObject name="sourceId" id="0" objectName="self" isTemp="false" refParamName="" useRefParam="false" />
        <String name="eventName" value="Play_CaoCao_Attack_Hit" refParamName="" useRefParam="false" />
      </Event>
    </Track>
  </Action>
</Project>