﻿<?xml version="1.0" encoding="utf-8"?>
<Project>
  <TemplateObjectList>
    <TemplateObject id="0" objectName="self" isTemp="false" />
    <TemplateObject id="1" objectName="target" isTemp="false" />
  </TemplateObjectList>
  <RefParamList>
    <Vector3i name="_BulletDir" x="0" y="0" z="0" refParamName="" useRefParam="false" />
  </RefParamList>
  <Action tag="" length="0.700" loop="false">
    <Track trackName="FilterTargetType4" eventType="FilterTargetType" guid="ac4e5493-0760-4101-8683-63fbc9cc6950" enabled="true" useRefParam="false" refParamName="" r="0.000" g="0.000" b="0.000" execOnForceStopped="false" execOnActionCompleted="false" stopAfterLastEvent="true">
      <Event eventName="FilterTargetType" time="0.000" isDuration="false" guid="9188313a-fa23-4a52-aa73-380bb7f715d0">
        <TemplateObject name="targetId" id="1" objectName="target" isTemp="false" refParamName="" useRefParam="false" />
        <bool name="bFilterHero" value="true" refParamName="" useRefParam="false" />
        <bool name="bFilterBoss" value="true" refParamName="" useRefParam="false" />
        <bool name="bFilterOrgan" value="true" refParamName="" useRefParam="false" />
      </Event>
    </Track>
    <Track trackName="SetBehaviourModeTick4" eventType="SetBehaviourModeTick" guid="58301a5f-eab2-4282-99ae-d2e774ba3a60" enabled="true" useRefParam="false" refParamName="" r="0.000" g="0.000" b="0.000" execOnForceStopped="false" execOnActionCompleted="false" stopAfterLastEvent="true">
      <Condition id="0" guid="ac4e5493-0760-4101-8683-63fbc9cc6950" status="true" />
      <Event eventName="SetBehaviourModeTick" time="0.000" isDuration="false" guid="ea3348bb-d1d7-46e4-8046-329b36d9670f">
        <TemplateObject name="targetId" id="1" objectName="target" isTemp="false" refParamName="" useRefParam="false" />
        <bool name="clearMove" value="true" refParamName="" useRefParam="false" />
        <bool name="stopCurSkill" value="true" refParamName="" useRefParam="false" />
      </Event>
    </Track>
    <Track trackName="TriggerParticleTick0" eventType="TriggerParticleTick" guid="a66c0c5d-659b-4258-b6f7-6630f5046041" enabled="false" useRefParam="false" refParamName="" r="0.000" g="0.000" b="0.000" execOnForceStopped="false" execOnActionCompleted="false" stopAfterLastEvent="true">
      <Event eventName="TriggerParticleTick" time="0.000" isDuration="false" guid="4a95bcb0-04f0-45fd-80e6-1889022562db">
        <TemplateObject name="targetId" id="-1" objectName="None" isTemp="false" refParamName="" useRefParam="false" />
        <TemplateObject name="objectSpaceId" id="1" objectName="target" isTemp="false" refParamName="" useRefParam="false" />
        <bool name="bForceShowParticle" value="true" refParamName="" useRefParam="false" />
        <String name="resourceName" value="prefab_skill_effects/hero_skill_effects/150_hanxin/hanxin_hurt_03" refParamName="" useRefParam="false" />
        <Vector3 name="bindPosOffset" x="0.000" y="1.000" z="0.000" refParamName="" useRefParam="false" />
        <EulerAngle name="bindRotOffset" x="0.000" y="90.000" z="0.000" refParamName="" useRefParam="false" />
        <bool name="bBullerPosDir" value="true" refParamName="" useRefParam="false" />
      </Event>
    </Track>
    <Track trackName="SkillFuncInstant0" eventType="SkillFuncInstant" guid="8d09eb2f-50ed-4358-a741-27ca7e1a94dd" enabled="true" useRefParam="false" refParamName="" r="0.000" g="0.000" b="0.000" execOnForceStopped="false" execOnActionCompleted="false" stopAfterLastEvent="true">
      <Event eventName="SkillFuncInstant" time="0.000" isDuration="false" guid="8bc3f202-9167-41bf-8683-6c9290dcbcbf" />
    </Track>
    <Track trackName="PlayAnimDuration2" eventType="PlayAnimDuration" guid="b0dc265b-d604-49c0-806c-0cd4eab53789" enabled="true" useRefParam="false" refParamName="" r="0.000" g="0.000" b="0.000" execOnForceStopped="false" execOnActionCompleted="false" stopAfterLastEvent="true">
      <Condition id="0" guid="ac4e5493-0760-4101-8683-63fbc9cc6950" status="true" />
      <Event eventName="PlayAnimDuration" time="0.000" length="0.700" isDuration="true" guid="77eed1b7-8551-41f7-83db-6c5c40c5130a">
        <TemplateObject name="targetId" id="1" objectName="target" isTemp="false" refParamName="" useRefParam="false" />
        <String name="clipName" value="Hit" refParamName="" useRefParam="false" />
        <float name="crossFadeTime" value="0.100" refParamName="" useRefParam="false" />
      </Event>
    </Track>
    <Track trackName="ForbidAbilityDuration2" eventType="ForbidAbilityDuration" guid="f0ef80ca-ea2c-48fb-9471-62f3f2678ecd" enabled="true" useRefParam="false" refParamName="" r="0.000" g="0.000" b="0.000" execOnForceStopped="false" execOnActionCompleted="false" stopAfterLastEvent="true">
      <Condition id="0" guid="ac4e5493-0760-4101-8683-63fbc9cc6950" status="true" />
      <Event eventName="ForbidAbilityDuration" time="0.000" length="0.700" isDuration="true" guid="5227245b-fcc9-4290-b9b9-cbc6a2abc903">
        <TemplateObject name="attackerId" id="1" objectName="target" isTemp="false" refParamName="" useRefParam="false" />
        <bool name="forbidMove" value="true" refParamName="" useRefParam="false" />
        <bool name="forbidSkill" value="true" refParamName="" useRefParam="false" />
        <bool name="forbidMoveRotate" value="true" refParamName="" useRefParam="false" />
      </Event>
    </Track>
    <Track trackName="PlayHeroSoundTick4" eventType="PlayHeroSoundTick" guid="578f366c-d702-4e80-835a-63d7f43707c6" enabled="true" useRefParam="false" refParamName="" r="0.000" g="0.000" b="0.000" execOnForceStopped="false" execOnActionCompleted="false" stopAfterLastEvent="true">
      <Event eventName="PlayHeroSoundTick" time="0.000" isDuration="false" guid="b818618e-4fa3-48fa-8b4a-3b8e722e342d">
        <TemplateObject name="targetId" id="1" objectName="target" isTemp="false" refParamName="" useRefParam="false" />
        <TemplateObject name="sourceId" id="0" objectName="self" isTemp="false" refParamName="" useRefParam="false" />
        <String name="eventName" value="Play_HanXin_Skill_C_Hit" refParamName="" useRefParam="false" />
        <Array name="extraSkinId" refParamName="" useRefParam="false" type="uint">
          <uint value="35" />
          <uint value="36" />
          <uint value="37" />
        </Array>
      </Event>
    </Track>
    <Track trackName="CheckSkinIdTick5" eventType="CheckSkinIdTick" guid="af87c300-3317-41bc-a569-7654710d017f" enabled="true" useRefParam="false" refParamName="" r="0.000" g="0.000" b="0.000" execOnForceStopped="false" execOnActionCompleted="false" stopAfterLastEvent="true">
      <Event eventName="CheckSkinIdTick" time="0.000" isDuration="false" guid="946baf80-7d7f-4a5c-8b88-2d932af4fa0f">
        <TemplateObject name="targetId" id="0" objectName="self" isTemp="false" refParamName="" useRefParam="false" />
        <int name="skinId" value="15013" refParamName="" useRefParam="false" />
        <bool name="bSkipLogicCheck" value="true" refParamName="" useRefParam="false" />
      </Event>
    </Track>
    <Track trackName="15013逻辑层" eventType="CheckSkinIdTick" guid="60e73c00-be5c-4473-ad8c-b5ca4b94f7f9" enabled="true" useRefParam="false" refParamName="" r="0.000" g="0.000" b="0.000" execOnForceStopped="false" execOnActionCompleted="false" stopAfterLastEvent="true">
      <Event eventName="CheckSkinIdTick" time="0.000" isDuration="false" guid="1f950a50-f13f-4ac8-b1a7-a8bf1a66ac95">
        <TemplateObject name="targetId" id="0" objectName="self" isTemp="false" refParamName="" useRefParam="false" />
        <int name="skinId" value="15013" refParamName="" useRefParam="false" />
      </Event>
    </Track>
    <Track trackName="检测蓝BUFF" eventType="CheckSkillCombineConditionTick" guid="0044c0a9-788c-4d15-8619-b3a4168b28e1" enabled="true" useRefParam="false" refParamName="" r="0.000" g="0.000" b="0.000" execOnForceStopped="false" execOnActionCompleted="false" stopAfterLastEvent="true">
      <Event eventName="CheckSkillCombineConditionTick" time="0.000" isDuration="false" guid="3ef86fc5-0663-47b6-bffc-6a938e056432">
        <TemplateObject name="targetId" id="0" objectName="self" isTemp="false" refParamName="" useRefParam="false" />
        <int name="skillCombineId" value="7902120" refParamName="" useRefParam="false" />
        <Enum name="checkOPType" value="1" EnumValue="小于" refParamName="" useRefParam="false" />
        <int name="skillCombineLevel" value="1" refParamName="" useRefParam="false" />
      </Event>
    </Track>
    <Track trackName="StopTrack0" eventType="StopTrack" guid="76b1665d-7c54-4d11-91d0-fd5060b52e9b" enabled="true" useRefParam="false" refParamName="" r="0.000" g="0.000" b="0.000" execOnForceStopped="false" execOnActionCompleted="false" stopAfterLastEvent="true">
      <Condition id="9" guid="0044c0a9-788c-4d15-8619-b3a4168b28e1" status="false" />
      <Condition id="8" guid="60e73c00-be5c-4473-ad8c-b5ca4b94f7f9" status="true" />
      <Event eventName="StopTrack" time="0.000" isDuration="false" guid="9a60edba-2d3a-4ce5-924c-567adada87bc">
        <TrackObject name="trackId" id="16" guid="2b311348-78e9-4178-8a4a-e210b90123df" refParamName="" useRefParam="false" />
      </Event>
    </Track>
    <Track trackName="TriggerParticleTick0" eventType="TriggerParticleTick" guid="758959c9-435e-4121-b02f-fa1a03ceff81" enabled="true" useRefParam="false" refParamName="" r="0.000" g="0.000" b="0.000" execOnForceStopped="false" execOnActionCompleted="false" stopAfterLastEvent="true">
      <Condition id="9" guid="0044c0a9-788c-4d15-8619-b3a4168b28e1" status="false" />
      <Condition id="7" guid="af87c300-3317-41bc-a569-7654710d017f" status="true" />
      <Event eventName="TriggerParticleTick" time="0.000" isDuration="false" guid="a999918a-2570-4e16-8c74-d5202c2e8da6">
        <TemplateObject name="targetId" id="-1" objectName="None" isTemp="false" refParamName="" useRefParam="false" />
        <TemplateObject name="objectSpaceId" id="1" objectName="target" isTemp="false" refParamName="" useRefParam="false" />
        <String name="resourceName" value="prefab_skill_effects/hero_skill_effects/150_hanxin/hanxin_hurt_03_1" refParamName="" useRefParam="false" />
        <Vector3 name="bindPosOffset" x="0.000" y="1.000" z="0.000" refParamName="" useRefParam="false" />
        <EulerAngle name="bindRotOffset" x="10.000" y="110.000" z="0.000" refParamName="" useRefParam="false" />
        <bool name="bBulletDir" value="true" refParamName="" useRefParam="false" />
      </Event>
    </Track>
    <Track trackName="TriggerParticleTick0" eventType="TriggerParticleTick" guid="fbd1f1d4-fd52-4093-af0d-6caac0cae115" enabled="true" useRefParam="false" refParamName="" r="0.000" g="0.000" b="0.000" execOnForceStopped="false" execOnActionCompleted="false" stopAfterLastEvent="true">
      <Condition id="9" guid="0044c0a9-788c-4d15-8619-b3a4168b28e1" status="true" />
      <Condition id="7" guid="af87c300-3317-41bc-a569-7654710d017f" status="true" />
      <Event eventName="TriggerParticleTick" time="0.000" isDuration="false" guid="94bfd87b-6722-4db7-bd36-904a842ebada">
        <TemplateObject name="targetId" id="-1" objectName="None" isTemp="false" refParamName="" useRefParam="false" />
        <TemplateObject name="objectSpaceId" id="1" objectName="target" isTemp="false" refParamName="" useRefParam="false" />
        <String name="resourceName" value="prefab_skill_effects/hero_skill_effects/150_hanxin/hanxin_hurt_03" refParamName="" useRefParam="false" />
        <Vector3 name="bindPosOffset" x="0.000" y="1.000" z="0.000" refParamName="" useRefParam="false" />
        <EulerAngle name="bindRotOffset" x="10.000" y="110.000" z="0.000" refParamName="" useRefParam="false" />
        <bool name="bBulletDir" value="true" refParamName="" useRefParam="false" />
      </Event>
    </Track>
    <Track trackName="15015" eventType="CheckSkinIdTick" guid="a00b1b40-ec49-4849-bfaa-69369ac85621" enabled="true" useRefParam="false" refParamName="" r="0.000" g="0.000" b="0.000" execOnForceStopped="false" execOnActionCompleted="false" stopAfterLastEvent="true">
      <Event eventName="CheckSkinIdTick" time="0.000" isDuration="false" guid="1742dde2-1c20-47a8-8d34-af8afe4da4d1">
        <TemplateObject name="targetId" id="0" objectName="self" isTemp="false" refParamName="" useRefParam="false" />
        <int name="skinId" value="15015" refParamName="" useRefParam="false" />
      </Event>
    </Track>
    <Track trackName="15015" eventType="TriggerParticleTick" guid="cdf4b13c-353a-410a-b1ec-442ff9ebe5d5" enabled="true" useRefParam="false" refParamName="" r="0.000" g="0.000" b="0.000" execOnForceStopped="false" execOnActionCompleted="false" stopAfterLastEvent="true">
      <Condition id="13" guid="a00b1b40-ec49-4849-bfaa-69369ac85621" status="true" />
      <Event eventName="TriggerParticleTick" time="0.000" isDuration="false" guid="5e43670f-3579-4948-892e-abc264b18063">
        <TemplateObject name="targetId" id="-1" objectName="None" isTemp="false" refParamName="" useRefParam="false" />
        <TemplateObject name="objectSpaceId" id="1" objectName="target" isTemp="false" refParamName="" useRefParam="false" />
        <String name="resourceName" value="prefab_skill_effects/hero_skill_effects/150_hanxin/Hanxin_hurt_03" refParamName="" useRefParam="false" />
        <Vector3i name="scalingInt" x="10000" y="10000" z="10000" refParamName="" useRefParam="false" />
      </Event>
    </Track>
    <Track trackName="StopTrack0" eventType="StopTrack" guid="1963de8c-f056-4048-986f-849b477badab" enabled="true" useRefParam="false" refParamName="" r="0.000" g="0.000" b="0.000" execOnForceStopped="false" execOnActionCompleted="false" stopAfterLastEvent="true">
      <Condition id="13" guid="a00b1b40-ec49-4849-bfaa-69369ac85621" status="true" />
      <Event eventName="StopTrack" time="0.000" isDuration="false" guid="3f9a1576-6bf3-4b8a-a27b-062a2de43666">
        <TrackObject name="trackId" id="16" guid="2b311348-78e9-4178-8a4a-e210b90123df" refParamName="" useRefParam="false" />
        <bool name="alsoStopNotStartedTrack" value="true" refParamName="" useRefParam="false" />
      </Event>
    </Track>
    <Track trackName="TriggerParticleTick0" eventType="TriggerParticleTick" guid="2b311348-78e9-4178-8a4a-e210b90123df" enabled="true" useRefParam="false" refParamName="" r="0.000" g="0.000" b="0.000" execOnForceStopped="false" execOnActionCompleted="false" stopAfterLastEvent="true">
      <Event eventName="TriggerParticleTick" time="0.000" isDuration="false" guid="6ce75e76-9cbb-47c2-9696-1a3a172940a7">
        <TemplateObject name="targetId" id="-1" objectName="None" isTemp="false" refParamName="" useRefParam="false" />
        <TemplateObject name="objectSpaceId" id="1" objectName="target" isTemp="false" refParamName="" useRefParam="false" />
        <String name="resourceName" value="prefab_skill_effects/hero_skill_effects/150_hanxin/hanxin_hurt_03" refParamName="" useRefParam="false" />
        <Vector3 name="bindPosOffset" x="0.000" y="1.000" z="0.000" refParamName="" useRefParam="false" />
        <EulerAngle name="bindRotOffset" x="10.000" y="110.000" z="0.000" refParamName="" useRefParam="false" />
        <bool name="bBulletDir" value="true" refParamName="" useRefParam="false" />
      </Event>
    </Track>
  </Action>
</Project>