﻿<?xml version="1.0" encoding="utf-8"?>
<Project>
  <TemplateObjectList>
    <TemplateObject objectName="self" id="0" isTemp="false" />
    <TemplateObject objectName="target" id="1" isTemp="false" />
  </TemplateObjectList>
  <RefParamList>
    <Vector3i name="_TargetDir" x="0" y="0" z="0" refParamName="" useRefParam="false" />
    <Vector3i name="_TargetPos" x="0" y="0" z="0" refParamName="" useRefParam="false" />
  </RefParamList>
  <Action tag="" length="0.500" loop="false">
    <Track trackName="19015" eventType="CheckSkinIdTick" guid="842e9db5-3577-42b4-adcd-83c389f4837b" enabled="true" useRefParam="false" refParamName="" r="0.000" g="0.000" b="0.000" execOnForceStopped="false" execOnActionCompleted="false" stopAfterLastEvent="true">
      <Event eventName="CheckSkinIdTick" time="0.000" isDuration="false" guid="2125e854-7a4d-4764-aa11-21a60fe3cf3c">
        <TemplateObject name="targetId" objectName="self" id="0" isTemp="false" refParamName="" useRefParam="false" />
        <int name="skinId" value="19015" refParamName="" useRefParam="false" />
      </Event>
    </Track>
    <Track trackName="SimpleSpawnPassiveDuration1" eventType="SimpleSpawnPassiveDuration" guid="b97cbf81-b619-4b7b-b612-76ef8c446d64" enabled="true" useRefParam="false" refParamName="" r="0.000" g="0.000" b="0.000" execOnForceStopped="false" execOnActionCompleted="false" stopAfterLastEvent="true">
      <Condition id="0" guid="842e9db5-3577-42b4-adcd-83c389f4837b" status="true" />
      <Event eventName="SimpleSpawnPassiveDuration" time="0.000" length="0.483" isDuration="true" guid="99e81103-efa1-4364-863f-66db70531d26">
        <TemplateObject name="sourceActorId" objectName="self" id="0" isTemp="false" refParamName="" useRefParam="false" />
        <int name="passiveSkillId" value="19004" refParamName="" useRefParam="false" />
      </Event>
    </Track>
    <Track trackName="SimpleSpawnPassiveDuration1" eventType="SimpleSpawnPassiveDuration" guid="8ddc0452-b97e-4f77-960d-37d0e66cc5a5" enabled="true" useRefParam="false" refParamName="" r="0.000" g="0.000" b="0.000" execOnForceStopped="false" execOnActionCompleted="false" stopAfterLastEvent="true">
      <Condition id="0" guid="842e9db5-3577-42b4-adcd-83c389f4837b" status="true" />
      <Event eventName="SimpleSpawnPassiveDuration" time="0.000" length="0.500" isDuration="true" guid="ff655644-5e50-49af-9c4c-b666b5b8c3b7">
        <TemplateObject name="sourceActorId" objectName="self" id="0" isTemp="false" refParamName="" useRefParam="false" />
        <int name="passiveSkillId" value="19005" refParamName="" useRefParam="false" />
      </Event>
    </Track>
  </Action>
</Project>