﻿<?xml version="1.0" encoding="utf-8"?>
<Project>
  <TemplateObjectList>
    <TemplateObject objectName="self" id="0" isTemp="false" />
  </TemplateObjectList>
  <RefParamList />
  <Action tag="" length="4.500" loop="false">
    <Track trackName="13613" eventType="CheckSkinIdTick" guid="947e4f4b-ee49-4278-ab9d-b7cb018edc25" enabled="true" useRefParam="false" refParamName="" r="0.000" g="0.000" b="0.000" execOnForceStopped="false" execOnActionCompleted="false">
      <Event eventName="CheckSkinIdTick" time="0.000" isDuration="false" guid="adafa656-27a8-4627-96bb-f52d266aa3d0">
        <TemplateObject name="targetId" objectName="self" id="0" isTemp="false" refParamName="" useRefParam="false" />
        <int name="skinId" value="13697" refParamName="" useRefParam="false" />
        <bool name="bEqual" value="false" refParamName="" useRefParam="false" />
      </Event>
    </Track>
    <Track trackName="PlayAnimationTick0" eventType="PlayAnimationTick" guid="786f1ad6-fd57-4adc-b724-9b335c23e7ad" enabled="true" useRefParam="false" refParamName="" r="0.000" g="0.000" b="0.000" execOnForceStopped="false" execOnActionCompleted="false" lod="0">
      <Condition id="0" guid="947e4f4b-ee49-4278-ab9d-b7cb018edc25" status="false" />
      <Event eventName="PlayAnimationTick" time="0.000" isDuration="false" guid="4aba2ede-136b-4127-a76c-b1eeccfbdb59">
        <TemplateObject name="targetId" objectName="self" id="0" isTemp="false" refParamName="" useRefParam="false" />
        <String name="clipName" value="Dead" refParamName="" useRefParam="false" />
        <float name="crossFadeTime" value="0.100" refParamName="" useRefParam="false" />
        <int name="layer" value="0" refParamName="" useRefParam="false" />
      </Event>
    </Track>
    <Track trackName="PlayHeroSoundTick17" eventType="PlayHeroSoundTick" guid="7d268a0d-4963-44d6-8c4a-7d53b7735666" enabled="true" useRefParam="false" refParamName="" r="0.000" g="0.000" b="0.000" execOnForceStopped="false" execOnActionCompleted="false" lod="0">
      <Event eventName="PlayHeroSoundTick" time="0.000" isDuration="false" guid="35ec4deb-737e-4cf9-8686-8c018c561803">
        <TemplateObject name="targetId" objectName="self" id="0" isTemp="false" refParamName="" useRefParam="false" />
        <String name="eventName" value="Play_WuZeTian_VO_Dead" refParamName="" useRefParam="false" />
      </Event>
    </Track>
    <Track trackName="PlayAnimationTick0" eventType="PlayAnimationTick" guid="5d17e7e4-d83d-4f08-934b-6905f181cfbd" enabled="true" useRefParam="false" refParamName="" r="0.000" g="0.000" b="0.000" execOnForceStopped="false" execOnActionCompleted="false">
      <Condition id="0" guid="947e4f4b-ee49-4278-ab9d-b7cb018edc25" status="true" />
      <Event eventName="PlayAnimationTick" time="0.000" isDuration="false" guid="859b8e3e-7eca-46b2-b170-a2465a987a2a">
        <TemplateObject name="targetId" objectName="self" id="0" isTemp="false" refParamName="" useRefParam="false" />
        <String name="clipName" value="Dead" refParamName="" useRefParam="false" />
        <float name="crossFadeTime" value="0.100" refParamName="" useRefParam="false" />
        <int name="layer" value="5" refParamName="" useRefParam="false" />
      </Event>
    </Track>
  </Action>
</Project>