﻿<?xml version="1.0" encoding="utf-8"?>
<Project>
  <TemplateObjectList>
    <TemplateObject id="0" objectName="self" isTemp="false" />
    <TemplateObject id="1" objectName="target" isTemp="false" />
    <TemplateObject id="2" objectName="bullet" isTemp="true" />
  </TemplateObjectList>
  <RefParamList>
    <Vector3i name="targetdir" x="0" y="0" z="0" refParamName="" useRefParam="false" />
    <Vector3i name="_BulletPos" x="0" y="0" z="0" refParamName="" useRefParam="false" />
  </RefParamList>
  <Action tag="" length="30.000" loop="true">
    <Track trackName="CheckSkinIdTick0" eventType="CheckSkinIdTick" guid="facefe25-eed9-4c55-b950-b4a5d5eef624" enabled="true" useRefParam="false" refParamName="" r="0.000" g="0.000" b="0.000" execOnForceStopped="false" execOnActionCompleted="false" stopAfterLastEvent="true">
      <Event eventName="CheckSkinIdTick" time="0.000" isDuration="false" guid="da5417f0-ddf9-47a2-b497-d1ce2757c6f6">
        <TemplateObject name="targetId" id="0" objectName="self" isTemp="false" refParamName="" useRefParam="false" />
        <int name="skinId" value="13210" refParamName="" useRefParam="false" />
      </Event>
    </Track>
    <Track trackName="TriggerParticle0" eventType="TriggerParticle" guid="7446cad7-2fa9-44ab-b493-6b41181315b6" enabled="true" useRefParam="false" refParamName="" r="0.000" g="0.000" b="0.000" execOnForceStopped="false" execOnActionCompleted="false" stopAfterLastEvent="true">
      <Condition id="0" guid="facefe25-eed9-4c55-b950-b4a5d5eef624" status="true" />
      <Event eventName="TriggerParticle" time="0.000" length="30.000" isDuration="true" guid="571f620d-3308-4d29-9541-de25e1ac309a">
        <TemplateObject name="targetId" id="0" objectName="self" isTemp="false" refParamName="" useRefParam="false" />
        <TemplateObject name="objectSpaceId" id="0" objectName="self" isTemp="false" refParamName="" useRefParam="false" />
        <String name="resourceName" value="prefab_skill_effects/hero_skill_effects/132_makeboluo/Makeboluo_Body_ef" refParamName="" useRefParam="false" />
        <Vector3i name="scalingInt" x="10000" y="10000" z="10000" refParamName="" useRefParam="false" />
        <bool name="bOnlyFollowPos" value="true" refParamName="" useRefParam="false" />
        <Enum name="ReplacementSubUsage" value="1" refParamName="" useRefParam="false" />
        <String name="syncAnimationName" value="" refParamName="" useRefParam="false" />
        <bool name="bApplySpecialEffect" value="true" refParamName="" useRefParam="false" />
        <bool name="bFreezeAnimation" value="true" refParamName="" useRefParam="false" />
        <bool name="bResetHurtColor" value="true" refParamName="" useRefParam="false" />
        <TemplateObject name="specialEffectTarget" id="0" objectName="self" isTemp="false" refParamName="" useRefParam="false" />
        <bool name="bEnableSkillSpecialEffect" value="true" refParamName="" useRefParam="false" />
        <bool name="bForceEnableTransluent" value="true" refParamName="" useRefParam="false" />
        <String name="customTagName" value="" refParamName="" useRefParam="false" />
      </Event>
    </Track>
  </Action>
</Project>