﻿<?xml version="1.0" encoding="utf-8"?>
<Project>
  <TemplateObjectList>
    <TemplateObject id="0" objectName="self" isTemp="false" />
    <TemplateObject id="1" objectName="target" isTemp="false" />
    <TemplateObject id="2" objectName="bullet" isTemp="true" />
  </TemplateObjectList>
  <RefParamList>
    <Vector3i name="targetdir" x="0" y="0" z="0" refParamName="" useRefParam="false" />
    <Vector3i name="_BulletPos" x="0" y="0" z="0" refParamName="" useRefParam="false" />
  </RefParamList>
  <Action tag="" length="6.000" loop="false">
    <Track trackName="CheckSkinIdTick0" eventType="CheckSkinIdTick" guid="d3bef605-77eb-4704-91d7-1a80438a37e3" enabled="true" useRefParam="false" refParamName="" r="0.000" g="0.000" b="0.000" execOnForceStopped="false" execOnActionCompleted="false" stopAfterLastEvent="true">
      <Event eventName="CheckSkinIdTick" time="0.000" isDuration="false" guid="b0ebc49e-f262-4ac9-bfa7-367fc5d34062">
        <TemplateObject name="targetId" id="0" objectName="self" isTemp="false" refParamName="" useRefParam="false" />
        <int name="skinId" value="12900" refParamName="" useRefParam="false" />
        <bool name="bEqual" value="true" refParamName="" useRefParam="false" />
        <bool name="bSkipLogicCheck" value="true" refParamName="" useRefParam="false" />
      </Event>
    </Track>
    <Track trackName="TriggerMutiMatsTick0" eventType="TriggerMutiMatsTick" guid="c22a9294-dfd8-47be-92c0-918eca12e081" enabled="true" useRefParam="false" refParamName="" r="0.000" g="0.000" b="0.000" execOnForceStopped="false" execOnActionCompleted="false" stopAfterLastEvent="true">
      <Condition id="0" guid="d3bef605-77eb-4704-91d7-1a80438a37e3" status="true" />
      <Event eventName="TriggerMutiMatsTick" time="0.000" isDuration="false" guid="f4f25d21-2df5-4c2b-a685-a8377eb83741">
        <TemplateObject name="srcId" id="0" objectName="self" isTemp="false" refParamName="" useRefParam="false" />
        <bool name="bOpen" value="true" refParamName="" useRefParam="false" />
        <int name="scale" value="400" refParamName="" useRefParam="false" />
        <int name="fnlArea" value="800" refParamName="" useRefParam="false" />
        <int name="fnlScale" value="2000" refParamName="" useRefParam="false" />
        <Vector3i name="offsetModel" x="0" y="-400" z="0" refParamName="" useRefParam="false" />
        <Vector3i name="mainColor" x="30" y="144" z="255" refParamName="" useRefParam="false" />
        <int name="dissolveLowBodyHeight" value="400" refParamName="" useRefParam="false" />
        <int name="dissolveMaxHeight" value="1500" refParamName="" useRefParam="false" />
        <int name="delayFollowTime" value="0" refParamName="" useRefParam="false" />
        <int name="modelMidY" value="9000" refParamName="" useRefParam="false" />
      </Event>
    </Track>
    <Track trackName="CheckSkinIdTick0" eventType="CheckSkinIdTick" guid="84d618c0-d947-4ac2-8b61-02ebfa56a1dc" enabled="true" useRefParam="false" refParamName="" r="0.000" g="0.000" b="0.000" execOnForceStopped="false" execOnActionCompleted="false" stopAfterLastEvent="true">
      <Event eventName="CheckSkinIdTick" time="0.000" isDuration="false" guid="90e8e77a-14b8-4170-8395-db5fa2f4f44a">
        <TemplateObject name="targetId" id="0" objectName="self" isTemp="false" refParamName="" useRefParam="false" />
        <int name="skinId" value="12901" refParamName="" useRefParam="false" />
        <bool name="bEqual" value="true" refParamName="" useRefParam="false" />
        <bool name="bSkipLogicCheck" value="true" refParamName="" useRefParam="false" />
      </Event>
    </Track>
    <Track trackName="TriggerMutiMatsTick0" eventType="TriggerMutiMatsTick" guid="c8a102a3-43e8-4a69-ab53-e5d44439b87d" enabled="true" useRefParam="false" refParamName="" r="0.000" g="0.000" b="0.000" execOnForceStopped="false" execOnActionCompleted="false" stopAfterLastEvent="true">
      <Condition id="2" guid="84d618c0-d947-4ac2-8b61-02ebfa56a1dc" status="true" />
      <Event eventName="TriggerMutiMatsTick" time="0.000" isDuration="false" guid="bba344c2-8b43-4688-b755-ecfc7fda3dfb">
        <TemplateObject name="srcId" id="0" objectName="self" isTemp="false" refParamName="" useRefParam="false" />
        <bool name="bOpen" value="true" refParamName="" useRefParam="false" />
        <int name="scale" value="400" refParamName="" useRefParam="false" />
        <int name="fnlArea" value="800" refParamName="" useRefParam="false" />
        <int name="fnlScale" value="2000" refParamName="" useRefParam="false" />
        <Vector3i name="offsetModel" x="0" y="-400" z="0" refParamName="" useRefParam="false" />
        <Vector3i name="mainColor" x="0" y="191" z="255" refParamName="" useRefParam="false" />
        <int name="dissolveLowBodyHeight" value="400" refParamName="" useRefParam="false" />
        <int name="dissolveMaxHeight" value="1500" refParamName="" useRefParam="false" />
        <int name="delayFollowTime" value="0" refParamName="" useRefParam="false" />
        <int name="modelMidY" value="9000" refParamName="" useRefParam="false" />
      </Event>
    </Track>
    <Track trackName="CheckSkinIdTick0" eventType="CheckSkinIdTick" guid="6b719cab-8561-49da-91e2-a25bd6c2cea8" enabled="true" useRefParam="false" refParamName="" r="0.000" g="0.000" b="0.000" execOnForceStopped="false" execOnActionCompleted="false" stopAfterLastEvent="true">
      <Event eventName="CheckSkinIdTick" time="0.000" isDuration="false" guid="501ef31b-f754-4a2f-9762-76fc84cd87e7">
        <TemplateObject name="targetId" id="0" objectName="self" isTemp="false" refParamName="" useRefParam="false" />
        <int name="skinId" value="12997" refParamName="" useRefParam="false" />
        <bool name="bEqual" value="false" refParamName="" useRefParam="false" />
        <bool name="bSkipLogicCheck" value="true" refParamName="" useRefParam="false" />
      </Event>
    </Track>
    <Track trackName="TriggerMutiMatsTick0" eventType="TriggerMutiMatsTick" guid="814096b2-1a65-4866-9df2-2123682d7ecb" enabled="true" useRefParam="false" refParamName="" r="0.000" g="0.000" b="0.000" execOnForceStopped="false" execOnActionCompleted="false" stopAfterLastEvent="true">
      <Condition id="4" guid="6b719cab-8561-49da-91e2-a25bd6c2cea8" status="true" />
      <Event eventName="TriggerMutiMatsTick" time="0.000" isDuration="false" guid="534d3c12-3f4b-4b4a-8bca-c35a4df01ba9">
        <TemplateObject name="srcId" id="0" objectName="self" isTemp="false" refParamName="" useRefParam="false" />
        <bool name="bOpen" value="true" refParamName="" useRefParam="false" />
        <int name="scale" value="400" refParamName="" useRefParam="false" />
        <int name="fnlArea" value="800" refParamName="" useRefParam="false" />
        <int name="fnlScale" value="2000" refParamName="" useRefParam="false" />
        <Vector3i name="offsetModel" x="0" y="-400" z="0" refParamName="" useRefParam="false" />
        <Vector3i name="mainColor" x="148" y="0" z="211" refParamName="" useRefParam="false" />
        <int name="dissolveLowBodyHeight" value="400" refParamName="" useRefParam="false" />
        <int name="dissolveMaxHeight" value="1500" refParamName="" useRefParam="false" />
        <int name="delayFollowTime" value="0" refParamName="" useRefParam="false" />
        <int name="modelMidY" value="9000" refParamName="" useRefParam="false" />
      </Event>
    </Track>
    <Track trackName="CheckSkinIdTick0" eventType="CheckSkinIdTick" guid="68139f8f-d8b8-4e06-b13d-c3a7208fd904" enabled="true" useRefParam="false" refParamName="" r="0.000" g="0.000" b="0.000" execOnForceStopped="false" execOnActionCompleted="false" stopAfterLastEvent="true">
      <Event eventName="CheckSkinIdTick" time="0.000" isDuration="false" guid="a7224e8a-dbda-4d4e-8192-9041e1482124">
        <TemplateObject name="targetId" id="0" objectName="self" isTemp="false" refParamName="" useRefParam="false" />
        <int name="skinId" value="12903" refParamName="" useRefParam="false" />
        <bool name="bEqual" value="true" refParamName="" useRefParam="false" />
        <bool name="bSkipLogicCheck" value="true" refParamName="" useRefParam="false" />
      </Event>
    </Track>
    <Track trackName="TriggerMutiMatsTick0" eventType="TriggerMutiMatsTick" guid="199d2164-7bf7-44ea-be66-eb52dfee7e04" enabled="true" useRefParam="false" refParamName="" r="0.000" g="0.000" b="0.000" execOnForceStopped="false" execOnActionCompleted="false" stopAfterLastEvent="true">
      <Condition id="6" guid="68139f8f-d8b8-4e06-b13d-c3a7208fd904" status="true" />
      <Event eventName="TriggerMutiMatsTick" time="0.000" isDuration="false" guid="9236fd0f-53bf-4b5c-a52e-d24a767e5d0e">
        <TemplateObject name="srcId" id="0" objectName="self" isTemp="false" refParamName="" useRefParam="false" />
        <bool name="bOpen" value="true" refParamName="" useRefParam="false" />
        <int name="scale" value="400" refParamName="" useRefParam="false" />
        <int name="fnlArea" value="800" refParamName="" useRefParam="false" />
        <int name="fnlScale" value="2000" refParamName="" useRefParam="false" />
        <Vector3i name="offsetModel" x="0" y="-400" z="0" refParamName="" useRefParam="false" />
        <Vector3i name="mainColor" x="255" y="48" z="48" refParamName="" useRefParam="false" />
        <int name="dissolveLowBodyHeight" value="400" refParamName="" useRefParam="false" />
        <int name="dissolveMaxHeight" value="1500" refParamName="" useRefParam="false" />
        <int name="delayFollowTime" value="0" refParamName="" useRefParam="false" />
        <int name="modelMidY" value="9000" refParamName="" useRefParam="false" />
      </Event>
    </Track>
    <Track trackName="CheckSkinIdTick0" eventType="CheckSkinIdTick" guid="79f4aca7-c03c-4fe1-8601-6db6aab2f448" enabled="true" useRefParam="false" refParamName="" r="0.000" g="0.000" b="0.000" execOnForceStopped="false" execOnActionCompleted="false" stopAfterLastEvent="true">
      <Event eventName="CheckSkinIdTick" time="0.000" isDuration="false" guid="d5daafb1-31b4-4502-b8eb-f8d7ac1357f1">
        <TemplateObject name="targetId" id="0" objectName="self" isTemp="false" refParamName="" useRefParam="false" />
        <int name="skinId" value="12904" refParamName="" useRefParam="false" />
        <bool name="bEqual" value="true" refParamName="" useRefParam="false" />
        <bool name="bSkipLogicCheck" value="true" refParamName="" useRefParam="false" />
      </Event>
    </Track>
    <Track trackName="TriggerMutiMatsTick0" eventType="TriggerMutiMatsTick" guid="04b79ae2-2c9d-44a1-9100-d9bf57203ae7" enabled="true" useRefParam="false" refParamName="" r="0.000" g="0.000" b="0.000" execOnForceStopped="false" execOnActionCompleted="false" stopAfterLastEvent="true">
      <Condition id="8" guid="79f4aca7-c03c-4fe1-8601-6db6aab2f448" status="true" />
      <Event eventName="TriggerMutiMatsTick" time="0.000" isDuration="false" guid="ee28d017-a09f-4e2a-b21d-7abeca16a236">
        <TemplateObject name="srcId" id="0" objectName="self" isTemp="false" refParamName="" useRefParam="false" />
        <bool name="bOpen" value="true" refParamName="" useRefParam="false" />
        <int name="scale" value="400" refParamName="" useRefParam="false" />
        <int name="fnlArea" value="800" refParamName="" useRefParam="false" />
        <int name="fnlScale" value="2000" refParamName="" useRefParam="false" />
        <Vector3i name="offsetModel" x="0" y="-400" z="0" refParamName="" useRefParam="false" />
        <Vector3i name="mainColor" x="255" y="48" z="48" refParamName="" useRefParam="false" />
        <int name="dissolveLowBodyHeight" value="400" refParamName="" useRefParam="false" />
        <int name="dissolveMaxHeight" value="1500" refParamName="" useRefParam="false" />
        <int name="delayFollowTime" value="0" refParamName="" useRefParam="false" />
        <int name="modelMidY" value="9000" refParamName="" useRefParam="false" />
      </Event>
    </Track>
    <Track trackName="CheckSkinIdTick0" eventType="CheckSkinIdTick" guid="1b3e0734-7f93-463f-8a26-02fe42a379c7" enabled="true" useRefParam="false" refParamName="" r="0.000" g="0.000" b="0.000" execOnForceStopped="false" execOnActionCompleted="false" stopAfterLastEvent="true">
      <Event eventName="CheckSkinIdTick" time="0.000" isDuration="false" guid="919d8b43-8c15-4a20-8a85-9e16b3afeac7">
        <TemplateObject name="targetId" id="0" objectName="self" isTemp="false" refParamName="" useRefParam="false" />
        <int name="skinId" value="12905" refParamName="" useRefParam="false" />
        <bool name="bEqual" value="true" refParamName="" useRefParam="false" />
        <bool name="bSkipLogicCheck" value="true" refParamName="" useRefParam="false" />
      </Event>
    </Track>
    <Track trackName="TriggerMutiMatsTick0" eventType="TriggerMutiMatsTick" guid="d022bc67-a590-4d43-b1d4-c08008308de6" enabled="true" useRefParam="false" refParamName="" r="0.000" g="0.000" b="0.000" execOnForceStopped="false" execOnActionCompleted="false" stopAfterLastEvent="true">
      <Condition id="10" guid="1b3e0734-7f93-463f-8a26-02fe42a379c7" status="true" />
      <Event eventName="TriggerMutiMatsTick" time="0.000" isDuration="false" guid="b7a1144f-a981-4742-b71c-f8908b0dd01f">
        <TemplateObject name="srcId" id="0" objectName="self" isTemp="false" refParamName="" useRefParam="false" />
        <bool name="bOpen" value="true" refParamName="" useRefParam="false" />
        <int name="scale" value="400" refParamName="" useRefParam="false" />
        <int name="fnlArea" value="800" refParamName="" useRefParam="false" />
        <int name="fnlScale" value="2000" refParamName="" useRefParam="false" />
        <Vector3i name="offsetModel" x="0" y="-400" z="0" refParamName="" useRefParam="false" />
        <Vector3i name="mainColor" x="171" y="141" z="8" refParamName="" useRefParam="false" />
        <int name="dissolveLowBodyHeight" value="400" refParamName="" useRefParam="false" />
        <int name="dissolveMaxHeight" value="1500" refParamName="" useRefParam="false" />
        <int name="delayFollowTime" value="0" refParamName="" useRefParam="false" />
        <int name="modelMidY" value="9000" refParamName="" useRefParam="false" />
      </Event>
    </Track>
    <Track trackName="CheckSkinIdTick0" eventType="CheckSkinIdTick" guid="aad41f72-4cf3-4cd5-a3f4-ce580e0b3271" enabled="true" useRefParam="false" refParamName="" r="0.000" g="0.000" b="0.000" execOnForceStopped="false" execOnActionCompleted="false" stopAfterLastEvent="true">
      <Event eventName="CheckSkinIdTick" time="0.000" isDuration="false" guid="786ffb97-350a-41dc-8e05-afa9e92cb195">
        <TemplateObject name="targetId" id="0" objectName="self" isTemp="false" refParamName="" useRefParam="false" />
        <int name="skinId" value="12906" refParamName="" useRefParam="false" />
        <bool name="bEqual" value="true" refParamName="" useRefParam="false" />
        <bool name="bSkipLogicCheck" value="true" refParamName="" useRefParam="false" />
      </Event>
    </Track>
    <Track trackName="TriggerMutiMatsTick0" eventType="TriggerMutiMatsTick" guid="7f6c91d4-7a1d-488e-9f80-9831dba92806" enabled="true" useRefParam="false" refParamName="" r="0.000" g="0.000" b="0.000" execOnForceStopped="false" execOnActionCompleted="false" stopAfterLastEvent="true">
      <Condition id="12" guid="aad41f72-4cf3-4cd5-a3f4-ce580e0b3271" status="true" />
      <Event eventName="TriggerMutiMatsTick" time="0.000" isDuration="false" guid="8b51ff10-73db-4876-b4e1-412ee1e4e8ad">
        <TemplateObject name="srcId" id="0" objectName="self" isTemp="false" refParamName="" useRefParam="false" />
        <bool name="bOpen" value="true" refParamName="" useRefParam="false" />
        <int name="scale" value="400" refParamName="" useRefParam="false" />
        <int name="fnlArea" value="800" refParamName="" useRefParam="false" />
        <int name="fnlScale" value="2000" refParamName="" useRefParam="false" />
        <Vector3i name="offsetModel" x="0" y="-400" z="0" refParamName="" useRefParam="false" />
        <Vector3i name="mainColor" x="0" y="191" z="255" refParamName="" useRefParam="false" />
        <int name="dissolveLowBodyHeight" value="400" refParamName="" useRefParam="false" />
        <int name="dissolveMaxHeight" value="1500" refParamName="" useRefParam="false" />
        <int name="delayFollowTime" value="0" refParamName="" useRefParam="false" />
        <int name="modelMidY" value="9000" refParamName="" useRefParam="false" />
      </Event>
    </Track>
    <Track trackName="CheckSkinIdTick0" eventType="CheckSkinIdTick" guid="84882c35-e02a-4fad-a860-270b707f4872" enabled="true" useRefParam="false" refParamName="" r="0.000" g="0.000" b="0.000" execOnForceStopped="false" execOnActionCompleted="false" stopAfterLastEvent="true">
      <Event eventName="CheckSkinIdTick" time="0.000" isDuration="false" guid="2fa24411-54c2-4628-8bc8-69319ffa7268">
        <TemplateObject name="targetId" id="0" objectName="self" isTemp="false" refParamName="" useRefParam="false" />
        <int name="skinId" value="12907" refParamName="" useRefParam="false" />
        <bool name="bEqual" value="true" refParamName="" useRefParam="false" />
        <bool name="bSkipLogicCheck" value="true" refParamName="" useRefParam="false" />
      </Event>
    </Track>
    <Track trackName="TriggerMutiMatsTick0" eventType="TriggerMutiMatsTick" guid="baca7617-4114-4697-8a84-7eb904a9ddcd" enabled="true" useRefParam="false" refParamName="" r="0.000" g="0.000" b="0.000" execOnForceStopped="false" execOnActionCompleted="false" stopAfterLastEvent="true">
      <Condition id="14" guid="84882c35-e02a-4fad-a860-270b707f4872" status="true" />
      <Event eventName="TriggerMutiMatsTick" time="0.000" isDuration="false" guid="c4c190db-bc68-48d7-a222-40dd3647540a">
        <TemplateObject name="srcId" id="0" objectName="self" isTemp="false" refParamName="" useRefParam="false" />
        <bool name="bOpen" value="true" refParamName="" useRefParam="false" />
        <int name="scale" value="400" refParamName="" useRefParam="false" />
        <int name="fnlArea" value="800" refParamName="" useRefParam="false" />
        <int name="fnlScale" value="2000" refParamName="" useRefParam="false" />
        <Vector3i name="offsetModel" x="0" y="-400" z="0" refParamName="" useRefParam="false" />
        <Vector3i name="mainColor" x="171" y="141" z="8" refParamName="" useRefParam="false" />
        <int name="dissolveLowBodyHeight" value="400" refParamName="" useRefParam="false" />
        <int name="dissolveMaxHeight" value="1500" refParamName="" useRefParam="false" />
        <int name="delayFollowTime" value="0" refParamName="" useRefParam="false" />
        <int name="modelMidY" value="9000" refParamName="" useRefParam="false" />
      </Event>
    </Track>
    <Track trackName="CheckSkinIdTick0" eventType="CheckSkinIdTick" guid="4a44ebc0-da51-4082-80fd-0cfed103681f" enabled="true" useRefParam="false" refParamName="" r="0.000" g="0.000" b="0.000" execOnForceStopped="false" execOnActionCompleted="false" stopAfterLastEvent="true">
      <Event eventName="CheckSkinIdTick" time="0.000" isDuration="false" guid="345cfe02-9a63-428b-b486-5db9c77afbbc">
        <TemplateObject name="targetId" id="0" objectName="self" isTemp="false" refParamName="" useRefParam="false" />
        <int name="skinId" value="12908" refParamName="" useRefParam="false" />
        <bool name="bEqual" value="true" refParamName="" useRefParam="false" />
        <bool name="bSkipLogicCheck" value="true" refParamName="" useRefParam="false" />
      </Event>
    </Track>
    <Track trackName="TriggerMutiMatsTick0" eventType="TriggerMutiMatsTick" guid="32666f5e-8c2d-44a4-9793-047a11e6caec" enabled="true" useRefParam="false" refParamName="" r="0.000" g="0.000" b="0.000" execOnForceStopped="false" execOnActionCompleted="false" stopAfterLastEvent="true">
      <Condition id="16" guid="4a44ebc0-da51-4082-80fd-0cfed103681f" status="true" />
      <Event eventName="TriggerMutiMatsTick" time="0.000" isDuration="false" guid="bb2ac7d9-8346-47bd-b50d-3042142e0c61">
        <TemplateObject name="srcId" id="0" objectName="self" isTemp="false" refParamName="" useRefParam="false" />
        <bool name="bOpen" value="true" refParamName="" useRefParam="false" />
        <int name="scale" value="400" refParamName="" useRefParam="false" />
        <int name="fnlArea" value="800" refParamName="" useRefParam="false" />
        <int name="fnlScale" value="2000" refParamName="" useRefParam="false" />
        <Vector3i name="offsetModel" x="0" y="-400" z="0" refParamName="" useRefParam="false" />
        <Vector3i name="mainColor" x="171" y="141" z="8" refParamName="" useRefParam="false" />
        <int name="dissolveLowBodyHeight" value="400" refParamName="" useRefParam="false" />
        <int name="dissolveMaxHeight" value="1500" refParamName="" useRefParam="false" />
        <int name="delayFollowTime" value="0" refParamName="" useRefParam="false" />
        <int name="modelMidY" value="9000" refParamName="" useRefParam="false" />
      </Event>
    </Track>
    <Track trackName="CheckSkinIdTick0" eventType="CheckSkinIdTick" guid="f0c450b8-f16e-4f42-9fa1-3968d790a248" enabled="true" useRefParam="false" refParamName="" r="0.000" g="0.000" b="0.000" execOnForceStopped="false" execOnActionCompleted="false" stopAfterLastEvent="true">
      <Event eventName="CheckSkinIdTick" time="0.000" isDuration="false" guid="1a3ec3ef-7517-4a9c-8fb6-775732fa4dad">
        <TemplateObject name="targetId" id="0" objectName="self" isTemp="false" refParamName="" useRefParam="false" />
        <int name="skinId" value="12910" refParamName="" useRefParam="false" />
        <bool name="bEqual" value="true" refParamName="" useRefParam="false" />
        <bool name="bSkipLogicCheck" value="true" refParamName="" useRefParam="false" />
      </Event>
    </Track>
    <Track trackName="TriggerMutiMatsTick0" eventType="TriggerMutiMatsTick" guid="baacb977-2488-48d7-ba4a-d3a6ad656b3d" enabled="true" useRefParam="false" refParamName="" r="0.000" g="0.000" b="0.000" execOnForceStopped="false" execOnActionCompleted="false" stopAfterLastEvent="true">
      <Condition id="18" guid="f0c450b8-f16e-4f42-9fa1-3968d790a248" status="true" />
      <Event eventName="TriggerMutiMatsTick" time="0.000" isDuration="false" guid="2ff4171b-9746-4ab1-9c8e-8f9e104ef312">
        <TemplateObject name="srcId" id="0" objectName="self" isTemp="false" refParamName="" useRefParam="false" />
        <bool name="bOpen" value="true" refParamName="" useRefParam="false" />
        <int name="scale" value="400" refParamName="" useRefParam="false" />
        <int name="fnlArea" value="800" refParamName="" useRefParam="false" />
        <int name="fnlScale" value="2000" refParamName="" useRefParam="false" />
        <Vector3i name="offsetModel" x="0" y="-400" z="0" refParamName="" useRefParam="false" />
        <Vector3i name="mainColor" x="0" y="191" z="255" refParamName="" useRefParam="false" />
        <int name="dissolveLowBodyHeight" value="400" refParamName="" useRefParam="false" />
        <int name="dissolveMaxHeight" value="1500" refParamName="" useRefParam="false" />
        <int name="delayFollowTime" value="0" refParamName="" useRefParam="false" />
        <int name="modelMidY" value="9000" refParamName="" useRefParam="false" />
      </Event>
    </Track>
    <Track trackName="CheckSkinIdTick0" eventType="CheckSkinIdTick" guid="f0cb36e6-b45e-49f8-9014-4c6941ac3076" enabled="true" useRefParam="false" refParamName="" r="0.000" g="0.000" b="0.000" execOnForceStopped="false" execOnActionCompleted="false" stopAfterLastEvent="true">
      <Event eventName="CheckSkinIdTick" time="0.000" isDuration="false" guid="283141cc-478b-4019-ae01-c691ad995481">
        <TemplateObject name="targetId" id="0" objectName="self" isTemp="false" refParamName="" useRefParam="false" />
        <int name="skinId" value="12912" refParamName="" useRefParam="false" />
        <bool name="bEqual" value="true" refParamName="" useRefParam="false" />
        <bool name="bSkipLogicCheck" value="true" refParamName="" useRefParam="false" />
      </Event>
    </Track>
    <Track trackName="TriggerMutiMatsTick0" eventType="TriggerMutiMatsTick" guid="ce47ca8f-f0cc-404c-ac9f-c0479a97bda3" enabled="true" useRefParam="false" refParamName="" r="0.000" g="0.000" b="0.000" execOnForceStopped="false" execOnActionCompleted="false" stopAfterLastEvent="true">
      <Condition id="20" guid="f0cb36e6-b45e-49f8-9014-4c6941ac3076" status="true" />
      <Event eventName="TriggerMutiMatsTick" time="0.000" isDuration="false" guid="dca0c302-9951-4e9d-89dc-b44c4c109f33">
        <TemplateObject name="srcId" id="0" objectName="self" isTemp="false" refParamName="" useRefParam="false" />
        <bool name="bOpen" value="true" refParamName="" useRefParam="false" />
        <int name="scale" value="400" refParamName="" useRefParam="false" />
        <int name="fnlArea" value="800" refParamName="" useRefParam="false" />
        <int name="fnlScale" value="2000" refParamName="" useRefParam="false" />
        <Vector3i name="offsetModel" x="0" y="-400" z="0" refParamName="" useRefParam="false" />
        <Vector3i name="mainColor" x="0" y="255" z="255" refParamName="" useRefParam="false" />
        <int name="dissolveLowBodyHeight" value="400" refParamName="" useRefParam="false" />
        <int name="dissolveMaxHeight" value="1500" refParamName="" useRefParam="false" />
        <int name="delayFollowTime" value="0" refParamName="" useRefParam="false" />
        <int name="modelMidY" value="9000" refParamName="" useRefParam="false" />
      </Event>
    </Track>
  </Action>
</Project>