﻿<?xml version="1.0" encoding="utf-8"?>
<Project>
  <TemplateObjectList>
    <TemplateObject objectName="self" id="0" isTemp="false" />
    <TemplateObject objectName="target" id="1" isTemp="false" />
    <TemplateObject objectName="bullet" id="2" isTemp="true" />
  </TemplateObjectList>
  <RefParamList>
    <Vector3i name="targetdir" x="0" y="0" z="0" refParamName="" useRefParam="false" />
    <Vector3i name="_TargetPos" x="0" y="0" z="0" refParamName="" useRefParam="false" />
  </RefParamList>
  <Action tag="" length="1.200" loop="false">
    <Track trackName="RemoveBuffTick0" eventType="RemoveBuffTick" guid="652491cd-16ce-494f-9c40-15cceb613c59" enabled="true" useRefParam="false" refParamName="" r="0.000" g="0.000" b="0.000" execOnForceStopped="false" execOnActionCompleted="false">
      <Event eventName="RemoveBuffTick" time="0.000" isDuration="false" guid="b8752943-ad9d-4d50-b94f-5bd2a9ce764f">
        <TemplateObject name="targetId" objectName="target" id="1" isTemp="false" refParamName="" useRefParam="false" />
        <int name="buffId" value="1163409" refParamName="" useRefParam="false" />
      </Event>
    </Track>
    <Track trackName="SetAnimationParamsDuration1" eventType="SetAnimationParamsDuration" guid="925aa7b0-ead5-498d-9b59-0ae1ce8fe630" enabled="true" useRefParam="false" refParamName="" r="0.000" g="0.000" b="0.000" execOnForceStopped="false" execOnActionCompleted="false">
      <Event eventName="SetAnimationParamsDuration" time="0.000" length="0.330" isDuration="true" guid="3ea8d958-6a4e-45ef-8fa1-eeafdc2ae919">
        <Array name="boolNames" refParamName="" useRefParam="false" type="String">
          <String value="spell3" />
        </Array>
        <Array name="boolValues" refParamName="" useRefParam="false" type="bool">
          <bool value="true" />
        </Array>
      </Event>
    </Track>
    <Track trackName="SetBehaviourModeTick0" eventType="SetBehaviourModeTick" guid="884649fb-eee1-4f09-8e8c-136817834eb9" enabled="true" useRefParam="false" refParamName="" r="0.000" g="0.000" b="0.000" execOnForceStopped="false" execOnActionCompleted="false">
      <Event eventName="SetBehaviourModeTick" time="0.000" isDuration="false" guid="65fc0178-bedb-4daf-89da-fe43d7ef218c">
        <TemplateObject name="targetId" objectName="self" id="0" isTemp="false" refParamName="" useRefParam="false" />
      </Event>
    </Track>
    <Track trackName="SetAttackDirDuration0" eventType="SetAttackDirDuration" guid="15f7adbd-c9ac-4b9d-a974-6df7808c8c40" enabled="true" useRefParam="false" refParamName="" r="0.000" g="0.000" b="0.000" execOnForceStopped="false" execOnActionCompleted="false">
      <Event eventName="SetAttackDirDuration" time="0.000" length="0.066" isDuration="true" guid="b1e2b2ed-fd20-4140-83e3-aa38bf3de8c6">
        <TemplateObject name="attackerId" objectName="self" id="0" isTemp="false" refParamName="" useRefParam="false" />
        <bool name="bImmediateRotate" value="true" refParamName="" useRefParam="false" />
      </Event>
    </Track>
    <Track trackName="ForbidAbilityDuration0" eventType="ForbidAbilityDuration" guid="cd2df155-8637-4539-b532-35b931c7def8" enabled="false" useRefParam="false" refParamName="" r="0.000" g="0.000" b="0.000" execOnForceStopped="false" execOnActionCompleted="false">
      <Event eventName="ForbidAbilityDuration" time="0.000" length="0.066" isDuration="true" guid="b1aec522-ba41-4696-a76b-4c47f631f10e">
        <TemplateObject name="attackerId" objectName="self" id="0" isTemp="false" refParamName="" useRefParam="false" />
        <bool name="forbidSkillAbort" value="false" refParamName="" useRefParam="false" />
        <bool name="delaySkillAbort" value="true" refParamName="" useRefParam="false" />
      </Event>
    </Track>
    <Track trackName="TriggerParticleTick0" eventType="TriggerParticleTick" guid="56e0b673-e366-40c7-8d1b-e58fe6c2ba41" enabled="true" useRefParam="false" refParamName="" r="0.000" g="0.000" b="0.000" execOnForceStopped="false" execOnActionCompleted="false">
      <Event eventName="TriggerParticleTick" time="0.000" isDuration="false" guid="32bbc254-cfc0-487f-9d2b-016fd2ab4c02">
        <TemplateObject name="targetId" objectName="None" id="-1" isTemp="false" refParamName="" useRefParam="false" />
        <TemplateObject name="objectSpaceId" objectName="self" id="0" isTemp="false" refParamName="" useRefParam="false" />
        <String name="resourceName" value="prefab_skill_effects/hero_skill_effects/116_jingke/jingke_attack01_spell03" refParamName="" useRefParam="false" />
        <Vector3i name="scalingInt" x="10000" y="10000" z="10000" refParamName="" useRefParam="false" />
        <bool name="applyActionSpeedToParticle" value="false" refParamName="" useRefParam="false" />
      </Event>
    </Track>
    <Track trackName="PlayAnimDuration0" eventType="PlayAnimDuration" guid="9d243092-f160-4189-a9da-f132595032c9" enabled="true" useRefParam="false" refParamName="" r="0.000" g="0.000" b="0.000" execOnForceStopped="false" execOnActionCompleted="false" SkinAvatarFilterType="11">
      <Event eventName="PlayAnimDuration" time="0.000" length="1.200" isDuration="true" guid="2e1ba476-9fb3-42b3-9f73-d605db1cc33f">
        <TemplateObject name="targetId" objectName="self" id="0" isTemp="false" refParamName="" useRefParam="false" />
        <String name="clipName" value="Spell3" refParamName="" useRefParam="false" />
        <float name="crossFadeTime" value="0.200" refParamName="" useRefParam="false" />
        <bool name="bUseFadeOutTime" value="true" refParamName="" useRefParam="false" />
        <float name="fadeOutTime" value="0.200" refParamName="" useRefParam="false" />
      </Event>
      <SkinOrAvatarList id="11620" />
    </Track>
    <Track trackName="PlayAnimDuration0" eventType="PlayAnimDuration" guid="2480bc8c-089d-488c-91b6-53cf2cc934de" enabled="true" useRefParam="false" refParamName="" r="0.000" g="0.000" b="0.000" execOnForceStopped="false" execOnActionCompleted="false" SkinAvatarFilterType="9">
      <Event eventName="PlayAnimDuration" time="0.000" length="1.200" isDuration="true" guid="de5db2c8-cb1a-4923-b234-9624f7c794cf">
        <TemplateObject name="targetId" objectName="self" id="0" isTemp="false" refParamName="" useRefParam="false" />
        <String name="clipName" value="Spell3" refParamName="" useRefParam="false" />
        <int name="layer" value="3" refParamName="" useRefParam="false" />
        <float name="crossFadeTime" value="0.100" refParamName="" useRefParam="false" />
        <float name="fadeOutTime" value="0.200" refParamName="" useRefParam="false" />
      </Event>
      <SkinOrAvatarList id="11620" />
    </Track>
    <Track trackName="ForbidAbilityDuration0" eventType="ForbidAbilityDuration" guid="ef83c52f-dabe-48fc-b788-c62d0b1ef8df" enabled="true" useRefParam="false" refParamName="" r="0.000" g="0.000" b="0.000" execOnForceStopped="false" execOnActionCompleted="false">
      <Event eventName="ForbidAbilityDuration" time="0.000" length="0.333" isDuration="true" guid="70c7114f-90fb-41d8-aed5-cc83925e9718">
        <TemplateObject name="attackerId" objectName="self" id="0" isTemp="false" refParamName="" useRefParam="false" />
        <bool name="forbidMove" value="true" refParamName="" useRefParam="false" />
        <Enum name="protectAbortLevel" value="1" EnumValue="保护延迟打断" refParamName="" useRefParam="false" />
      </Event>
    </Track>
    <Track trackName="免控" eventType="ForbidAbilityDuration" guid="a1a0b4ec-f166-464c-a5e5-d110967d9542" enabled="false" useRefParam="false" refParamName="" r="0.000" g="0.000" b="0.000" execOnForceStopped="false" execOnActionCompleted="false">
      <Event eventName="ForbidAbilityDuration" time="0.000" length="0.400" isDuration="true" guid="24f0cf9f-0df8-4c38-b57b-170ed7e7510e">
        <TemplateObject name="attackerId" objectName="self" id="0" isTemp="false" refParamName="" useRefParam="false" />
        <bool name="forbidSkillAbort" value="false" refParamName="" useRefParam="false" />
        <bool name="ImmuneNegative" value="true" refParamName="" useRefParam="false" />
        <bool name="forbidCollisionDetection" value="true" refParamName="" useRefParam="false" />
        <bool name="ImmuneSkillSelect" value="true" refParamName="" useRefParam="false" />
        <bool name="bReplaceHPBarImmuneSelect" value="true" refParamName="" useRefParam="false" />
      </Event>
    </Track>
    <Track trackName="SkillInputCacheDuration56" eventType="SkillInputCacheDuration" guid="7b862fcd-a47e-45a9-8aa4-5d6809ed9fe7" enabled="true" useRefParam="false" refParamName="" r="0.000" g="0.000" b="0.000" execOnForceStopped="false" execOnActionCompleted="false">
      <Event eventName="SkillInputCacheDuration" time="0.000" length="0.333" isDuration="true" guid="6d8f92b1-2f5c-4e35-9d25-ed9c94157a03">
        <TemplateObject name="targetId" objectName="self" id="0" isTemp="false" refParamName="" useRefParam="false" />
        <bool name="cacheSkill" value="true" refParamName="" useRefParam="false" />
        <bool name="bCacheSkillReCalcLock" value="true" refParamName="" useRefParam="false" />
      </Event>
    </Track>
    <Track trackName="MoveActorDuration8" eventType="MoveActorDuration" guid="c7646596-bf0d-4ab3-9b02-ffc1cdf4fe0f" enabled="true" useRefParam="false" refParamName="" r="0.000" g="0.000" b="0.000" execOnForceStopped="false" execOnActionCompleted="false">
      <Event eventName="MoveActorDuration" time="0.000" length="0.333" isDuration="true" guid="fd0de5db-f677-4e8f-b943-5784a7852c7c">
        <TemplateObject name="actorId" objectName="self" id="0" isTemp="false" refParamName="" useRefParam="false" />
        <TemplateObject name="destId" objectName="target" id="1" isTemp="false" refParamName="" useRefParam="false" />
        <int name="moveSpeed" value="19520" refParamName="" useRefParam="false" />
        <bool name="enableRotate" value="true" refParamName="" useRefParam="false" />
        <bool name="IgnoreCollision" value="true" refParamName="" useRefParam="false" />
      </Event>
    </Track>
    <Track trackName="SpawnBulletTick0" eventType="SpawnBulletTick" guid="7996dd2f-454f-4a6d-a9a7-1116b0f627f2" enabled="false" useRefParam="false" refParamName="" r="0.000" g="0.000" b="0.000" execOnForceStopped="false" execOnActionCompleted="false">
      <Event eventName="SpawnBulletTick" time="0.000" isDuration="false" guid="0154e644-30ef-4d3f-a07a-447676aa2722">
        <TemplateObject name="targetId" objectName="self" id="0" isTemp="false" refParamName="" useRefParam="false" />
        <String name="ActionName" value="prefab_characters/prefab_hero/116_jingke/skill/s3b0" refParamName="" useRefParam="false" />
        <int name="bulletTypeId" value="116661" refParamName="" useRefParam="false" />
        <int name="bulletUpperLimit" value="1" refParamName="" useRefParam="false" />
      </Event>
    </Track>
    <Track trackName="SkillUseCacheTick14" eventType="SkillUseCacheTick" guid="cf1eec6b-2ad5-407b-97ad-f8e8d31ca501" enabled="true" useRefParam="false" refParamName="" r="0.000" g="0.000" b="0.000" execOnForceStopped="false" execOnActionCompleted="false">
      <Event eventName="SkillUseCacheTick" time="0.333" isDuration="false" guid="2d1757cc-0461-495d-92c4-75224d092d68">
        <TemplateObject name="targetId" objectName="self" id="0" isTemp="false" refParamName="" useRefParam="false" />
      </Event>
    </Track>
    <Track trackName="PlayHeroSoundTick33" eventType="PlayHeroSoundTick" guid="dae60a43-cb34-4dc0-9305-c200033876bd" enabled="true" useRefParam="false" refParamName="" r="0.000" g="0.000" b="0.000" execOnForceStopped="false" execOnActionCompleted="false">
      <Event eventName="PlayHeroSoundTick" time="0.000" isDuration="false" guid="024f6813-a64f-4204-8979-d18bf421bfdf">
        <TemplateObject name="targetId" objectName="self" id="0" isTemp="false" refParamName="" useRefParam="false" />
        <TemplateObject name="sourceId" objectName="self" id="0" isTemp="false" refParamName="" useRefParam="false" />
        <String name="eventName" value="Play_JingKe_Skill_C" refParamName="" useRefParam="false" />
        <Array name="extraSkinId" refParamName="" useRefParam="false" type="uint">
          <uint value="35" />
          <uint value="36" />
          <uint value="37" />
          <uint value="6" />
          <uint value="11" />
          <uint value="13" />
          <uint value="14" />
        </Array>
      </Event>
    </Track>
    <Track trackName="PlayHeroSoundTick33" eventType="PlayHeroSoundTick" guid="fc9cafb6-2719-43ab-85cc-854d92f83737" enabled="true" useRefParam="false" refParamName="" r="0.000" g="0.000" b="0.000" execOnForceStopped="false" execOnActionCompleted="false">
      <Event eventName="PlayHeroSoundTick" time="0.000" isDuration="false" guid="3d0fbdf4-882c-4c74-8d55-39c538320b07">
        <TemplateObject name="targetId" objectName="self" id="0" isTemp="false" refParamName="" useRefParam="false" />
        <TemplateObject name="sourceId" objectName="self" id="0" isTemp="false" refParamName="" useRefParam="false" />
        <String name="eventName" value="Play_JingKe_VOX_Skill_C" refParamName="" useRefParam="false" />
        <Array name="extraSkinId" refParamName="" useRefParam="false" type="uint">
          <uint value="35" />
          <uint value="36" />
          <uint value="37" />
          <uint value="6" />
          <uint value="11" />
          <uint value="13" />
          <uint value="14" />
        </Array>
      </Event>
    </Track>
    <Track trackName="TriggerParticleTick0" eventType="TriggerParticleTick" guid="044d87a2-37d2-4578-8ff6-6eed2d5d1157" enabled="true" useRefParam="false" refParamName="" r="0.000" g="0.000" b="0.000" execOnForceStopped="false" execOnActionCompleted="false">
      <Event eventName="TriggerParticleTick" time="0.200" isDuration="false" guid="96e38488-b1cb-48a5-87d4-c30a6b5db9c7">
        <TemplateObject name="targetId" objectName="None" id="-1" isTemp="false" refParamName="" useRefParam="false" />
        <TemplateObject name="objectSpaceId" objectName="target" id="1" isTemp="false" refParamName="" useRefParam="false" />
        <String name="resourceName" value="prefab_skill_effects/hero_skill_effects/116_jingke/jingke_attack02_spell03" refParamName="" useRefParam="false" />
        <Vector3i name="scalingInt" x="10000" y="10000" z="10000" refParamName="" useRefParam="false" />
        <bool name="applyActionSpeedToParticle" value="false" refParamName="" useRefParam="false" />
        <bool name="bOnlyFollowPos" value="true" refParamName="" useRefParam="false" />
      </Event>
    </Track>
    <Track trackName="TriggerParticleTick0" eventType="TriggerParticleTick" guid="bacacb05-e4f7-4ded-947f-332026468f13" enabled="true" useRefParam="false" refParamName="" r="0.000" g="0.000" b="0.000" execOnForceStopped="false" execOnActionCompleted="false">
      <Event eventName="TriggerParticleTick" time="0.200" isDuration="false" guid="3b7e7f5c-e66e-4dfe-aa61-dc5dcad7e6e0">
        <TemplateObject name="targetId" objectName="None" id="-1" isTemp="false" refParamName="" useRefParam="false" />
        <TemplateObject name="objectSpaceId" objectName="target" id="1" isTemp="false" refParamName="" useRefParam="false" />
        <String name="resourceName" value="prefab_skill_effects/hero_skill_effects/116_jingke/jingke_hurt_spell03" refParamName="" useRefParam="false" />
        <float name="lifeTime" value="3.000" refParamName="" useRefParam="false" />
        <Vector3i name="scalingInt" x="10000" y="10000" z="10000" refParamName="" useRefParam="false" />
        <bool name="applyActionSpeedToParticle" value="false" refParamName="" useRefParam="false" />
      </Event>
    </Track>
    <Track trackName="HUD特效" eventType="SimpleSpawnBuffTick" guid="573e5f06-881d-4345-a711-5fc693bc2556" enabled="true" useRefParam="false" refParamName="" r="0.000" g="0.000" b="0.000" execOnForceStopped="false" execOnActionCompleted="false" SkinAvatarFilterType="9">
      <Event eventName="SimpleSpawnBuffTick" time="0.200" isDuration="false" guid="5687b640-86f1-4f4b-a7a8-306e7608a4b4">
        <TemplateObject name="originatorId" objectName="self" id="0" isTemp="false" refParamName="" useRefParam="false" />
        <TemplateObject name="targetId" objectName="self" id="0" isTemp="false" refParamName="" useRefParam="false" />
        <bool name="bIgnoreSetTargetBeAttackHit" value="true" refParamName="" useRefParam="false" />
        <Array name="buffIds" refParamName="" useRefParam="false" type="int">
          <int value="116899" />
        </Array>
        <int name="buffLayer" value="1" refParamName="" useRefParam="false" />
      </Event>
      <SkinOrAvatarList id="11620" />
    </Track>
    <Track trackName="X=1" eventType="FilterTargetType" guid="5b13cd09-cf54-4373-91b6-deac84a4a643" enabled="true" useRefParam="false" refParamName="" r="0.000" g="0.000" b="0.000" execOnForceStopped="false" execOnActionCompleted="false" SkinAvatarFilterType="9">
      <Event eventName="FilterTargetType" time="0.000" isDuration="false" guid="a01a4667-1727-4d42-a2b1-d4d4a6e2734d">
        <TemplateObject name="targetId" objectName="self" id="0" isTemp="false" refParamName="" useRefParam="false" />
        <bool name="bFilterBufferLayers" value="true" refParamName="" useRefParam="false" />
        <int name="buffId" value="116898" refParamName="" useRefParam="false" />
        <Enum name="operatorType" value="3" EnumValue="等于" refParamName="" useRefParam="false" />
        <int name="buffLayers" value="1" refParamName="" useRefParam="false" />
      </Event>
      <SkinOrAvatarList id="11620" />
    </Track>
    <Track trackName="A" eventType="TriggerParticleTick" guid="e335b4d4-1b69-4390-8c77-7594e73c90dc" enabled="true" useRefParam="false" refParamName="" r="0.000" g="0.000" b="0.000" execOnForceStopped="false" execOnActionCompleted="false" SkinAvatarFilterType="9">
      <Condition id="19" guid="5b13cd09-cf54-4373-91b6-deac84a4a643" status="false" />
      <Event eventName="TriggerParticleTick" time="0.200" isDuration="false" guid="b93a3156-5a70-464d-b672-f1887aafdcaa">
        <TemplateObject name="targetId" objectName="None" id="-1" isTemp="false" refParamName="" useRefParam="false" />
        <TemplateObject name="objectSpaceId" objectName="target" id="1" isTemp="false" refParamName="" useRefParam="false" />
        <String name="resourceName" value="Prefab_Skill_Effects/Component_Effects/11620/11620_3/jingke_hurt_spell03_DragonA" refParamName="" useRefParam="false" />
        <float name="lifeTime" value="3.000" refParamName="" useRefParam="false" />
        <Vector3i name="scalingInt" x="10000" y="10000" z="10000" refParamName="" useRefParam="false" />
        <bool name="applyActionSpeedToParticle" value="false" refParamName="" useRefParam="false" />
      </Event>
      <SkinOrAvatarList id="11620" />
    </Track>
    <Track trackName="Y=0" eventType="RemoveBuffTick" guid="59fbbc64-f8e8-4342-9a69-ae0f4bd21bb1" enabled="true" useRefParam="false" refParamName="" r="0.000" g="0.000" b="0.000" execOnForceStopped="false" execOnActionCompleted="false" SkinAvatarFilterType="9">
      <Condition id="19" guid="5b13cd09-cf54-4373-91b6-deac84a4a643" status="false" />
      <Event eventName="RemoveBuffTick" time="0.200" isDuration="false" guid="053b5ffc-0006-4d68-a6d7-35253afb28cb">
        <TemplateObject name="targetId" objectName="self" id="0" isTemp="false" refParamName="" useRefParam="false" />
        <int name="buffId" value="116897" refParamName="" useRefParam="false" />
        <int name="BuffLayer" value="1" refParamName="" useRefParam="false" />
        <bool name="bImmeStop" value="true" refParamName="" useRefParam="false" />
      </Event>
      <SkinOrAvatarList id="11620" />
    </Track>
    <Track trackName="B" eventType="TriggerParticleTick" guid="154320f4-b071-45d9-a219-60d2d40b643e" enabled="true" useRefParam="false" refParamName="" r="0.000" g="0.000" b="0.000" execOnForceStopped="false" execOnActionCompleted="false" SkinAvatarFilterType="9">
      <Condition id="19" guid="5b13cd09-cf54-4373-91b6-deac84a4a643" status="true" />
      <Event eventName="TriggerParticleTick" time="0.200" isDuration="false" guid="1c18eeae-9938-4123-8768-3dea052a4a06">
        <TemplateObject name="targetId" objectName="None" id="-1" isTemp="false" refParamName="" useRefParam="false" />
        <TemplateObject name="objectSpaceId" objectName="target" id="1" isTemp="false" refParamName="" useRefParam="false" />
        <String name="resourceName" value="Prefab_Skill_Effects/Component_Effects/11620/11620_3/jingke_hurt_spell03_DragonB" refParamName="" useRefParam="false" />
        <float name="lifeTime" value="3.000" refParamName="" useRefParam="false" />
        <Vector3i name="scalingInt" x="10000" y="10000" z="10000" refParamName="" useRefParam="false" />
        <bool name="applyActionSpeedToParticle" value="false" refParamName="" useRefParam="false" />
      </Event>
      <SkinOrAvatarList id="11620" />
    </Track>
    <Track trackName="X=0" eventType="RemoveBuffTick" guid="d3ffa971-81d3-4ce8-bc37-39b570c7e739" enabled="true" useRefParam="false" refParamName="" r="0.000" g="0.000" b="0.000" execOnForceStopped="false" execOnActionCompleted="false" SkinAvatarFilterType="9">
      <Condition id="19" guid="5b13cd09-cf54-4373-91b6-deac84a4a643" status="true" />
      <Event eventName="RemoveBuffTick" time="0.200" isDuration="false" guid="f44764b5-a94d-4082-9352-a7dc90caed7b">
        <TemplateObject name="targetId" objectName="self" id="0" isTemp="false" refParamName="" useRefParam="false" />
        <int name="buffId" value="116898" refParamName="" useRefParam="false" />
        <int name="BuffLayer" value="1" refParamName="" useRefParam="false" />
        <bool name="bImmeStop" value="true" refParamName="" useRefParam="false" />
      </Event>
      <SkinOrAvatarList id="11620" />
    </Track>
    <Track trackName="Y=1" eventType="SimpleSpawnBuffTick" guid="5287e2fb-9a5d-4548-b2f3-18a71aabf1fa" enabled="true" useRefParam="false" refParamName="" r="0.000" g="0.000" b="0.000" execOnForceStopped="false" execOnActionCompleted="false" SkinAvatarFilterType="9">
      <Condition id="19" guid="5b13cd09-cf54-4373-91b6-deac84a4a643" status="true" />
      <Event eventName="SimpleSpawnBuffTick" time="0.200" isDuration="false" guid="dd954445-5af6-4451-a8f8-5e50754a0bc5">
        <TemplateObject name="originatorId" objectName="self" id="0" isTemp="false" refParamName="" useRefParam="false" />
        <TemplateObject name="targetId" objectName="self" id="0" isTemp="false" refParamName="" useRefParam="false" />
        <bool name="bIgnoreSetTargetBeAttackHit" value="true" refParamName="" useRefParam="false" />
        <Array name="buffIds" refParamName="" useRefParam="false" type="int">
          <int value="116897" />
        </Array>
        <int name="buffLayer" value="1" refParamName="" useRefParam="false" />
      </Event>
      <SkinOrAvatarList id="11620" />
    </Track>
    <Track trackName="11615" eventType="CheckSkinIdTick" guid="71b63c97-bfe7-43ed-b00a-a4b4d532f1a2" enabled="true" useRefParam="false" refParamName="" r="0.000" g="0.000" b="0.000" execOnForceStopped="false" execOnActionCompleted="false">
      <Event eventName="CheckSkinIdTick" time="0.000" isDuration="false" guid="c7c33755-cdfc-42d4-b260-7168402b25f1">
        <TemplateObject name="targetId" objectName="self" id="0" isTemp="false" refParamName="" useRefParam="false" />
        <int name="skinId" value="11615" refParamName="" useRefParam="false" />
      </Event>
    </Track>
    <Track trackName="RemoveBuffTick0" eventType="RemoveBuffTick" guid="4c09e68d-53a2-46a1-aec7-36628104fdc2" enabled="true" useRefParam="false" refParamName="" r="0.000" g="0.000" b="0.000" execOnForceStopped="false" execOnActionCompleted="false">
      <Condition id="25" guid="71b63c97-bfe7-43ed-b00a-a4b4d532f1a2" status="true" />
      <Event eventName="RemoveBuffTick" time="0.000" isDuration="false" guid="5efb39dc-f0c6-4371-962d-5515e54adf3c">
        <TemplateObject name="targetId" objectName="self" id="0" isTemp="false" refParamName="" useRefParam="false" />
        <int name="buffId" value="116961" refParamName="" useRefParam="false" />
        <int name="BuffLayer" value="1" refParamName="" useRefParam="false" />
      </Event>
    </Track>
    <Track trackName="SpawnBulletTick0" eventType="SpawnBulletTick" guid="aa69c128-efeb-40be-8a6d-84222b0cbf54" enabled="true" useRefParam="false" refParamName="" r="0.000" g="0.000" b="0.000" execOnForceStopped="false" execOnActionCompleted="false">
      <Condition id="25" guid="71b63c97-bfe7-43ed-b00a-a4b4d532f1a2" status="true" />
      <Event eventName="SpawnBulletTick" time="0.000" isDuration="false" guid="0e28f711-eaaf-45f0-9b6a-7c255b329960">
        <TemplateObject name="targetId" objectName="self" id="0" isTemp="false" refParamName="" useRefParam="false" />
        <String name="ActionName" value="prefab_characters/prefab_hero/116_jingke/skill/S3B1" refParamName="" useRefParam="false" />
      </Event>
    </Track>
    <Track trackName="11614" eventType="CheckSkinIdTick" guid="e248d2c8-4bf8-4079-8695-9e4672bb1900" enabled="true" useRefParam="false" refParamName="" r="0.000" g="0.000" b="0.000" execOnForceStopped="false" execOnActionCompleted="false">
      <Event eventName="CheckSkinIdTick" time="0.000" isDuration="false" guid="338d560f-deb4-4774-811f-715992034754">
        <TemplateObject name="targetId" objectName="self" id="0" isTemp="false" refParamName="" useRefParam="false" />
        <int name="skinId" value="11694" refParamName="" useRefParam="false" />
		<bool name="bEqual" value="false" refParamName="" useRefParam="false" />
        <bool name="bSkipLogicCheck" value="true" refParamName="" useRefParam="false" />
      </Event>
    </Track>
    <Track trackName="刀锋新皮肤" eventType="TriggerParticleTick" guid="c0dd8e64-ee90-4a71-b81e-573f07ad3862" enabled="true" useRefParam="false" refParamName="" r="0.000" g="0.000" b="0.000" execOnForceStopped="false" execOnActionCompleted="false">
      <Condition id="28" guid="e248d2c8-4bf8-4079-8695-9e4672bb1900" status="true" />
      <Event eventName="TriggerParticleTick" time="0.000" isDuration="false" guid="edfc8b79-63ab-4df7-a954-01ee51b9cbb0">
        <TemplateObject name="targetId" objectName="None" id="-1" isTemp="false" refParamName="" useRefParam="false" />
        <TemplateObject name="objectSpaceId" objectName="target" id="1" isTemp="false" refParamName="" useRefParam="false" />
        <String name="resourceName" value="prefab_skill_effects/hero_skill_effects/116_jingke/jingke_attack02_spell03_T3" refParamName="" useRefParam="false" />
        <float name="lifeTime" value="3.000" refParamName="" useRefParam="false" />
        <Vector3i name="scalingInt" x="10000" y="10000" z="10000" refParamName="" useRefParam="false" />
        <bool name="applyActionSpeedToParticle" value="false" refParamName="" useRefParam="false" />
        <bool name="bOnlyFollowPos" value="true" refParamName="" useRefParam="false" />
      </Event>
    </Track>
    <Track trackName="刀锋新皮肤" eventType="TriggerParticleTick" guid="28afa941-c7fc-4833-98eb-6e5ccdde40fb" enabled="false" useRefParam="false" refParamName="" r="0.000" g="0.000" b="0.000" execOnForceStopped="false" execOnActionCompleted="false">
      <Condition id="28" guid="e248d2c8-4bf8-4079-8695-9e4672bb1900" status="true" />
      <Event eventName="TriggerParticleTick" time="0.000" isDuration="false" guid="e03e7c29-e396-4deb-9ba7-fc859f5a704f">
        <TemplateObject name="targetId" objectName="target" id="1" isTemp="false" refParamName="" useRefParam="false" />
        <TemplateObject name="objectSpaceId" objectName="target" id="1" isTemp="false" refParamName="" useRefParam="false" />
        <String name="resourceName" value="prefab_skill_effects/hero_skill_effects/116_jingke/jingke_spell03_debuff" refParamName="" useRefParam="false" />
        <float name="lifeTime" value="3.000" refParamName="" useRefParam="false" />
        <Vector3i name="scalingInt" x="10000" y="10000" z="10000" refParamName="" useRefParam="false" />
        <bool name="applyActionSpeedToParticle" value="false" refParamName="" useRefParam="false" />
        <bool name="bOnlyFollowPos" value="true" refParamName="" useRefParam="false" />
      </Event>
    </Track>
    <Track trackName="刀锋新皮肤" eventType="TriggerParticleTick" guid="9d9c549b-39aa-4e53-9092-4beaa91e4f62" enabled="true" useRefParam="false" refParamName="" r="0.000" g="0.000" b="0.000" execOnForceStopped="false" execOnActionCompleted="false">
      <Condition id="28" guid="e248d2c8-4bf8-4079-8695-9e4672bb1900" status="true" />
      <Event eventName="TriggerParticleTick" time="0.000" isDuration="false" guid="cb8e93ec-4cc3-4013-a344-983d79afe3ba">
        <TemplateObject name="targetId" objectName="None" id="-1" isTemp="false" refParamName="" useRefParam="false" />
        <TemplateObject name="objectSpaceId" objectName="target" id="1" isTemp="false" refParamName="" useRefParam="false" />
        <String name="resourceName" value="prefab_skill_effects/hero_skill_effects/116_jingke/jingke_attack02_spell03_1_T3" refParamName="" useRefParam="false" />
        <float name="lifeTime" value="3.000" refParamName="" useRefParam="false" />
        <Vector3i name="scalingInt" x="10000" y="10000" z="10000" refParamName="" useRefParam="false" />
        <bool name="applyActionSpeedToParticle" value="false" refParamName="" useRefParam="false" />
        <bool name="bOnlyFollowPos" value="true" refParamName="" useRefParam="false" />
      </Event>
    </Track>
    <Track trackName="11619" eventType="CheckSkinIdTick" guid="3d89edbd-3841-471e-9d33-23865145837a" enabled="true" useRefParam="false" refParamName="" r="0.000" g="0.000" b="0.000" execOnForceStopped="false" execOnActionCompleted="false">
      <Event eventName="CheckSkinIdTick" time="0.000" isDuration="false" guid="f53c66d5-947a-42a9-98ed-698e1af3fc91">
        <TemplateObject name="targetId" objectName="self" id="0" isTemp="false" refParamName="" useRefParam="false" />
        <int name="skinId" value="11619" refParamName="" useRefParam="false" />
        <bool name="bSkipLogicCheck" value="true" refParamName="" useRefParam="false" />
      </Event>
    </Track>
    <Track trackName="刀锋11619特效" eventType="HitTriggerTick" guid="0a9910b7-8219-438b-8c31-cf29f04e81a1" enabled="true" useRefParam="false" refParamName="" r="0.000" g="0.000" b="0.000" execOnForceStopped="false" execOnActionCompleted="false">
      <Condition id="32" guid="3d89edbd-3841-471e-9d33-23865145837a" status="true" />
      <Event eventName="HitTriggerTick" time="0.000" isDuration="false" guid="4991ca82-8d82-4478-a3a0-eeefc3b4a8f1">
        <TemplateObject name="targetId" objectName="self" id="0" isTemp="false" refParamName="" useRefParam="false" />
        <int name="TargetSkillCombine_1" value="1163409" refParamName="" useRefParam="false" />
        <TemplateObject name="triggerId" objectName="None" id="-1" isTemp="false" refParamName="" useRefParam="false" />
      </Event>
    </Track>
    <Track trackName="ChangeSkillTriggerTick1" eventType="ChangeSkillTriggerTick" guid="7f78762b-ddf5-45d7-a008-0fa6de118e25" enabled="false" useRefParam="false" refParamName="" r="0.000" g="0.000" b="0.000" execOnForceStopped="false" execOnActionCompleted="false">
      <Event eventName="ChangeSkillTriggerTick" time="0.000" isDuration="false" guid="c383d0cc-10f8-4711-99a9-e7a22d0e833c">
        <TemplateObject name="targetId" objectName="self" id="0" isTemp="false" refParamName="" useRefParam="false" />
        <int name="effectTime" value="5000" refParamName="" useRefParam="false" />
        <int name="recoverSkillID" value="11600" refParamName="" useRefParam="false" />
        <int name="changeSkillID" value="11604" refParamName="" useRefParam="false" />
      </Event>
    </Track>
    <Track trackName="ChangeIndicatorTick0" eventType="ChangeIndicatorTick" guid="bfd96332-0e38-4a67-97bb-12803a32f56c" enabled="false" useRefParam="false" refParamName="" r="0.000" g="0.000" b="0.000" execOnForceStopped="false" execOnActionCompleted="false">
      <Event eventName="ChangeIndicatorTick" time="0.000" isDuration="false" guid="74278c0a-5581-4cd2-a085-b100be4f2727" />
    </Track>
    <Track trackName="检查印记层数" eventType="CheckSkillCombineConditionTick" guid="c02e4411-4c52-4431-b45f-a067da65614c" enabled="true" useRefParam="false" refParamName="" r="0.000" g="0.000" b="0.000" execOnForceStopped="false" execOnActionCompleted="false">
      <Event eventName="CheckSkillCombineConditionTick" time="0.000" isDuration="false" guid="ffccfb38-291d-46c1-8294-4bc878751acf">
        <TemplateObject name="targetId" objectName="self" id="0" isTemp="false" refParamName="" useRefParam="false" />
        <int name="skillCombineId" value="11600" refParamName="" useRefParam="false" />
        <Enum name="checkOPType" value="3" EnumValue="等于" refParamName="" useRefParam="false" />
        <int name="skillCombineLevel" value="3" refParamName="" useRefParam="false" />
        <bool name="bCheckSkillMark" value="true" refParamName="" useRefParam="false" />
      </Event>
    </Track>
    <Track trackName="SkillCDTriggerTick0" eventType="SkillCDTriggerTick" guid="e41f725b-1748-4426-8a78-a1739d467849" enabled="true" useRefParam="false" refParamName="" r="0.000" g="0.000" b="0.000" execOnForceStopped="false" execOnActionCompleted="false">
      <Condition id="36" guid="c02e4411-4c52-4431-b45f-a067da65614c" status="false" />
      <Event eventName="SkillCDTriggerTick" time="0.000" isDuration="false" guid="f6e4e775-725b-44b1-b3c8-9b473b48de15">
        <TemplateObject name="targetId" objectName="self" id="0" isTemp="false" refParamName="" useRefParam="false" />
      </Event>
    </Track>
    <Track trackName="增加印记" eventType="HitTriggerTick" guid="7e9b900a-3d42-42ac-8b31-4538e7ee8237" enabled="false" useRefParam="false" refParamName="" r="0.000" g="0.000" b="0.000" execOnForceStopped="false" execOnActionCompleted="false">
      <Condition id="36" guid="c02e4411-4c52-4431-b45f-a067da65614c" status="false" />
      <Event eventName="HitTriggerTick" time="0.000" isDuration="false" guid="1edadf20-e284-4137-9133-d0dbac97aadb">
        <TemplateObject name="targetId" objectName="self" id="0" isTemp="false" refParamName="" useRefParam="false" />
        <int name="SelfSkillCombineID_1" value="116099" refParamName="" useRefParam="false" />
        <int name="SelfSkillCombineID_2" value="116099" refParamName="" useRefParam="false" />
        <TemplateObject name="triggerId" objectName="None" id="-1" isTemp="false" refParamName="" useRefParam="false" />
      </Event>
    </Track>
    <Track trackName="触发印记" eventType="HitTriggerTick" guid="e2864721-1f2c-4d1e-b9d9-b9d92a68991b" enabled="true" useRefParam="false" refParamName="" r="0.000" g="0.000" b="0.000" execOnForceStopped="false" execOnActionCompleted="false">
      <Condition id="36" guid="c02e4411-4c52-4431-b45f-a067da65614c" status="true" />
      <Event eventName="HitTriggerTick" time="0.000" isDuration="false" guid="fa688677-09a9-4b85-82b0-30620c1aae4e">
        <TemplateObject name="targetId" objectName="self" id="0" isTemp="false" refParamName="" useRefParam="false" />
        <int name="SelfSkillCombineID_1" value="116098" refParamName="" useRefParam="false" />
        <TemplateObject name="triggerId" objectName="None" id="-1" isTemp="false" refParamName="" useRefParam="false" />
      </Event>
    </Track>
    <Track trackName="CheckConditionDuration0" eventType="CheckConditionDuration" guid="a3dcc0ff-b4d4-4f5a-adf9-90368b7f8c2e" enabled="true" useRefParam="false" refParamName="" r="0.000" g="0.000" b="0.000" execOnForceStopped="false" execOnActionCompleted="false">
      <Event eventName="CheckConditionDuration" time="0.000" length="0.400" isDuration="true" guid="023208c3-3910-4b1e-9963-69ca338504a0">
        <TemplateObject name="targetId" objectName="target" id="1" isTemp="false" refParamName="" useRefParam="false" />
        <bool name="bActorDead" value="true" refParamName="" useRefParam="false" />
      </Event>
    </Track>
    <Track trackName="HitTriggerTick0" eventType="HitTriggerTick" guid="2e8550d9-8519-4e47-8143-c1dcdb62c81e" enabled="true" useRefParam="false" refParamName="" r="0.000" g="0.000" b="0.000" execOnForceStopped="false" execOnActionCompleted="false">
      <Condition id="40" guid="a3dcc0ff-b4d4-4f5a-adf9-90368b7f8c2e" status="true" />
      <Event eventName="HitTriggerTick" time="0.000" isDuration="false" guid="11c311b7-bc85-4f67-9d40-c14df41f6346">
        <TemplateObject name="targetId" objectName="self" id="0" isTemp="false" refParamName="" useRefParam="false" />
        <int name="SelfSkillCombineID_1" value="116361" refParamName="" useRefParam="false" />
      </Event>
    </Track>
    <Track trackName="检查是否已被标记" eventType="CheckSkillCombineConditionTick" guid="f39c2c40-f1cb-47c8-bfc6-eaacf7b75858" enabled="true" useRefParam="false" refParamName="" r="0.000" g="0.000" b="0.000" execOnForceStopped="false" execOnActionCompleted="false">
      <Event eventName="CheckSkillCombineConditionTick" time="0.200" isDuration="false" guid="2c2da7cc-91cc-4c9f-91d6-8081b58e6f1a">
        <TemplateObject name="targetId" objectName="target" id="1" isTemp="false" refParamName="" useRefParam="false" />
        <int name="skillCombineId" value="116340" refParamName="" useRefParam="false" />
        <Enum name="checkOPType" value="3" EnumValue="等于" refParamName="" useRefParam="false" />
        <int name="skillCombineLevel" value="1" refParamName="" useRefParam="false" />
      </Event>
    </Track>
    <Track trackName="标记" eventType="HitTriggerTick" guid="5b60e58d-2e0b-4d9c-aeb6-b382e340abb3" enabled="true" useRefParam="false" refParamName="" r="0.000" g="0.000" b="0.000" execOnForceStopped="false" execOnActionCompleted="false">
      <Event eventName="HitTriggerTick" time="0.200" isDuration="false" guid="9ca488fe-480d-4cff-8ec2-8a2fb8b57766">
        <TemplateObject name="targetId" objectName="self" id="0" isTemp="false" refParamName="" useRefParam="false" />
        <int name="SelfSkillCombineID_2" value="116320" refParamName="" useRefParam="false" />
        <int name="TargetSkillCombine_1" value="116340" refParamName="" useRefParam="false" />
        <TemplateObject name="triggerId" objectName="None" id="-1" isTemp="false" refParamName="" useRefParam="false" />
      </Event>
    </Track>
    <Track trackName="物理伤害" eventType="HitTriggerTick" guid="42063e74-ff03-43e5-afa1-b7f61a9fb4a1" enabled="true" useRefParam="false" refParamName="" r="0.000" g="0.000" b="0.000" execOnForceStopped="false" execOnActionCompleted="false">
      <Event eventName="HitTriggerTick" time="0.200" isDuration="false" guid="7506b957-239d-4167-b051-f01860ef9f73">
        <TemplateObject name="targetId" objectName="self" id="0" isTemp="false" refParamName="" useRefParam="false" />
        <int name="TargetSkillCombine_1" value="116300" refParamName="" useRefParam="false" />
        <TemplateObject name="triggerId" objectName="None" id="-1" isTemp="false" refParamName="" useRefParam="false" />
      </Event>
    </Track>
    <Track trackName="斩杀真实伤害" eventType="HitTriggerTick" guid="243bfc5f-8b6c-4027-bfba-e4c6f2249c9c" enabled="true" useRefParam="false" refParamName="" r="0.000" g="0.000" b="0.000" execOnForceStopped="false" execOnActionCompleted="false">
      <Condition id="42" guid="f39c2c40-f1cb-47c8-bfc6-eaacf7b75858" status="true" />
      <Event eventName="HitTriggerTick" time="0.000" isDuration="false" guid="14f69098-2070-4d03-a3d7-297d98d45b94">
        <TemplateObject name="targetId" objectName="self" id="0" isTemp="false" refParamName="" useRefParam="false" />
        <int name="TargetSkillCombine_2" value="116301" refParamName="" useRefParam="false" />
        <TemplateObject name="triggerId" objectName="None" id="-1" isTemp="false" refParamName="" useRefParam="false" />
      </Event>
    </Track>
    <Track trackName="标记" eventType="HitTriggerTick" guid="f0a50797-a17f-4fcb-845f-a7a87376c885" enabled="false" useRefParam="false" refParamName="" r="0.000" g="0.000" b="0.000" execOnForceStopped="false" execOnActionCompleted="false">
      <Event eventName="HitTriggerTick" time="0.200" isDuration="false" guid="8ab17747-a734-4a35-8356-352a09dd5451">
        <TemplateObject name="targetId" objectName="self" id="0" isTemp="false" refParamName="" useRefParam="false" />
        <int name="SelfSkillCombineID_2" value="116320" refParamName="" useRefParam="false" />
        <int name="TargetSkillCombine_1" value="116340" refParamName="" useRefParam="false" />
        <int name="TargetSkillCombine_2" value="116300" refParamName="" useRefParam="false" />
        <TemplateObject name="triggerId" objectName="None" id="-1" isTemp="false" refParamName="" useRefParam="false" />
      </Event>
    </Track>
    <Track trackName="NatkRs" eventType="HitTriggerTick" guid="a5f945f1-44f2-422d-bb57-27b602afe0fd" enabled="true" useRefParam="false" refParamName="" r="0.000" g="0.000" b="0.000" execOnForceStopped="false" execOnActionCompleted="false">
      <Event eventName="HitTriggerTick" time="0.000" isDuration="false" guid="6c6dda4c-0ffa-4346-87ee-75b98686a9dd">
        <TemplateObject name="targetId" objectName="self" id="0" isTemp="false" refParamName="" useRefParam="false" />
        <int name="SelfSkillCombineID_1" value="910000" refParamName="" useRefParam="false" />
        <TemplateObject name="triggerId" objectName="None" id="-1" isTemp="false" refParamName="" useRefParam="false" />
      </Event>
    </Track>
  </Action>
</Project>