﻿<?xml version="1.0" encoding="utf-8"?>
<Project>
  <TemplateObjectList>
    <TemplateObject id="0" objectName="self" isTemp="false" />
    <TemplateObject id="1" objectName="target" isTemp="false" />
    <TemplateObject id="2" objectName="bullet" isTemp="true" />
  </TemplateObjectList>
  <RefParamList>
    <Vector3i name="targetdir" x="0" y="0" z="0" refParamName="" useRefParam="false" />
    <Vector3i name="_BulletPos" x="0" y="0" z="0" refParamName="" useRefParam="false" />
  </RefParamList>
  <Action tag="" length="6.000" loop="false">
    <Track trackName="CheckSkinIdTick0" eventType="CheckSkinIdTick" guid="6cf1584a-b2f5-4068-bd64-ca0f078081da" enabled="true" useRefParam="false" refParamName="" r="0.000" g="0.000" b="0.000" execOnForceStopped="false" execOnActionCompleted="false" stopAfterLastEvent="true">
      <Event eventName="CheckSkinIdTick" time="0.000" isDuration="false" guid="0aa11421-e401-4f25-9ea7-04c4b782e11a">
        <TemplateObject name="targetId" id="0" objectName="self" isTemp="false" refParamName="" useRefParam="false" />
        <int name="skinId" value="12900" refParamName="" useRefParam="false" />
        <bool name="bEqual" value="true" refParamName="" useRefParam="false" />
        <bool name="bSkipLogicCheck" value="true" refParamName="" useRefParam="false" />
      </Event>
    </Track>
    <Track trackName="TriggerMutiMatsTick0" eventType="TriggerMutiMatsTick" guid="da6fb903-0807-4c8a-b60f-9ad25f6c359e" enabled="true" useRefParam="false" refParamName="" r="0.000" g="0.000" b="0.000" execOnForceStopped="false" execOnActionCompleted="false" stopAfterLastEvent="true">
      <Condition id="0" guid="6cf1584a-b2f5-4068-bd64-ca0f078081da" status="true" />
      <Event eventName="TriggerMutiMatsTick" time="0.000" isDuration="false" guid="a221a6ea-17af-4bbd-b1e9-fc795a631f8c">
        <TemplateObject name="srcId" id="0" objectName="self" isTemp="false" refParamName="" useRefParam="false" />
        <bool name="bOpen" value="true" refParamName="" useRefParam="false" />
        <int name="scale" value="200" refParamName="" useRefParam="false" />
        <int name="fnlArea" value="800" refParamName="" useRefParam="false" />
        <int name="fnlScale" value="2000" refParamName="" useRefParam="false" />
        <Vector3i name="offsetModel" x="0" y="-200" z="0" refParamName="" useRefParam="false" />
        <Vector3i name="mainColor" x="30" y="144" z="255" refParamName="" useRefParam="false" />
        <int name="dissolveLowBodyHeight" value="400" refParamName="" useRefParam="false" />
        <int name="dissolveMaxHeight" value="1500" refParamName="" useRefParam="false" />
        <int name="delayFollowTime" value="0" refParamName="" useRefParam="false" />
        <int name="modelMidY" value="9000" refParamName="" useRefParam="false" />
      </Event>
    </Track>
    <Track trackName="CheckSkinIdTick0" eventType="CheckSkinIdTick" guid="d8454117-cf4a-48b2-aeeb-4946c749fe62" enabled="true" useRefParam="false" refParamName="" r="0.000" g="0.000" b="0.000" execOnForceStopped="false" execOnActionCompleted="false" stopAfterLastEvent="true">
      <Event eventName="CheckSkinIdTick" time="0.000" isDuration="false" guid="bf313916-7ce0-4a17-a1b6-a73a60d0676f">
        <TemplateObject name="targetId" id="0" objectName="self" isTemp="false" refParamName="" useRefParam="false" />
        <int name="skinId" value="12997" refParamName="" useRefParam="false" />
        <bool name="bEqual" value="false" refParamName="" useRefParam="false" />
        <bool name="bSkipLogicCheck" value="true" refParamName="" useRefParam="false" />
      </Event>
    </Track>
    <Track trackName="TriggerMutiMatsTick0" eventType="TriggerMutiMatsTick" guid="9b279dd5-8d20-4da8-82cd-1c5c2386e17e" enabled="true" useRefParam="false" refParamName="" r="0.000" g="0.000" b="0.000" execOnForceStopped="false" execOnActionCompleted="false" stopAfterLastEvent="true">
      <Condition id="2" guid="d8454117-cf4a-48b2-aeeb-4946c749fe62" status="true" />
      <Event eventName="TriggerMutiMatsTick" time="0.000" isDuration="false" guid="985135f8-1d23-4594-b3ef-39d0ddf6c268">
        <TemplateObject name="srcId" id="0" objectName="self" isTemp="false" refParamName="" useRefParam="false" />
        <bool name="bOpen" value="true" refParamName="" useRefParam="false" />
        <int name="scale" value="200" refParamName="" useRefParam="false" />
        <int name="fnlArea" value="800" refParamName="" useRefParam="false" />
        <int name="fnlScale" value="2000" refParamName="" useRefParam="false" />
        <Vector3i name="offsetModel" x="0" y="-200" z="0" refParamName="" useRefParam="false" />
        <Vector3i name="mainColor" x="0" y="191" z="255" refParamName="" useRefParam="false" />
        <int name="dissolveLowBodyHeight" value="400" refParamName="" useRefParam="false" />
        <int name="dissolveMaxHeight" value="1500" refParamName="" useRefParam="false" />
        <int name="delayFollowTime" value="0" refParamName="" useRefParam="false" />
        <int name="modelMidY" value="9000" refParamName="" useRefParam="false" />
      </Event>
    </Track>
    <Track trackName="CheckSkinIdTick0" eventType="CheckSkinIdTick" guid="ac6add87-f050-4ee3-9057-2fb2417c340b" enabled="true" useRefParam="false" refParamName="" r="0.000" g="0.000" b="0.000" execOnForceStopped="false" execOnActionCompleted="false" stopAfterLastEvent="true">
      <Event eventName="CheckSkinIdTick" time="0.000" isDuration="false" guid="414fa374-9dfa-4a04-833a-a0b763977e45">
        <TemplateObject name="targetId" id="0" objectName="self" isTemp="false" refParamName="" useRefParam="false" />
        <int name="skinId" value="12902" refParamName="" useRefParam="false" />
        <bool name="bEqual" value="true" refParamName="" useRefParam="false" />
        <bool name="bSkipLogicCheck" value="true" refParamName="" useRefParam="false" />
      </Event>
    </Track>
    <Track trackName="TriggerMutiMatsTick0" eventType="TriggerMutiMatsTick" guid="98293282-a54b-4ed4-8850-7345c8b29da5" enabled="true" useRefParam="false" refParamName="" r="0.000" g="0.000" b="0.000" execOnForceStopped="false" execOnActionCompleted="false" stopAfterLastEvent="true">
      <Condition id="4" guid="ac6add87-f050-4ee3-9057-2fb2417c340b" status="true" />
      <Event eventName="TriggerMutiMatsTick" time="0.000" isDuration="false" guid="c833c979-0ffe-4117-9aa0-11f0a160a3a7">
        <TemplateObject name="srcId" id="0" objectName="self" isTemp="false" refParamName="" useRefParam="false" />
        <bool name="bOpen" value="true" refParamName="" useRefParam="false" />
        <int name="scale" value="200" refParamName="" useRefParam="false" />
        <int name="fnlArea" value="800" refParamName="" useRefParam="false" />
        <int name="fnlScale" value="2000" refParamName="" useRefParam="false" />
        <Vector3i name="offsetModel" x="0" y="-200" z="0" refParamName="" useRefParam="false" />
        <Vector3i name="mainColor" x="148" y="0" z="211" refParamName="" useRefParam="false" />
        <int name="dissolveLowBodyHeight" value="400" refParamName="" useRefParam="false" />
        <int name="dissolveMaxHeight" value="1500" refParamName="" useRefParam="false" />
        <int name="delayFollowTime" value="0" refParamName="" useRefParam="false" />
        <int name="modelMidY" value="9000" refParamName="" useRefParam="false" />
      </Event>
    </Track>
    <Track trackName="CheckSkinIdTick0" eventType="CheckSkinIdTick" guid="4f3a6e57-4a17-491c-a723-64a5c21f682e" enabled="true" useRefParam="false" refParamName="" r="0.000" g="0.000" b="0.000" execOnForceStopped="false" execOnActionCompleted="false" stopAfterLastEvent="true">
      <Event eventName="CheckSkinIdTick" time="0.000" isDuration="false" guid="4f32d9fe-7792-4723-9e97-b48fb52ab3e4">
        <TemplateObject name="targetId" id="0" objectName="self" isTemp="false" refParamName="" useRefParam="false" />
        <int name="skinId" value="12903" refParamName="" useRefParam="false" />
        <bool name="bEqual" value="true" refParamName="" useRefParam="false" />
        <bool name="bSkipLogicCheck" value="true" refParamName="" useRefParam="false" />
      </Event>
    </Track>
    <Track trackName="TriggerMutiMatsTick0" eventType="TriggerMutiMatsTick" guid="d4a4607e-b617-4892-a284-685720f6a88b" enabled="true" useRefParam="false" refParamName="" r="0.000" g="0.000" b="0.000" execOnForceStopped="false" execOnActionCompleted="false" stopAfterLastEvent="true">
      <Condition id="6" guid="4f3a6e57-4a17-491c-a723-64a5c21f682e" status="true" />
      <Event eventName="TriggerMutiMatsTick" time="0.000" isDuration="false" guid="120a80ba-5768-4825-8d9f-b9087e462f5a">
        <TemplateObject name="srcId" id="0" objectName="self" isTemp="false" refParamName="" useRefParam="false" />
        <bool name="bOpen" value="true" refParamName="" useRefParam="false" />
        <int name="scale" value="200" refParamName="" useRefParam="false" />
        <int name="fnlArea" value="800" refParamName="" useRefParam="false" />
        <int name="fnlScale" value="2000" refParamName="" useRefParam="false" />
        <Vector3i name="offsetModel" x="0" y="-200" z="0" refParamName="" useRefParam="false" />
        <Vector3i name="mainColor" x="255" y="48" z="48" refParamName="" useRefParam="false" />
        <int name="dissolveLowBodyHeight" value="400" refParamName="" useRefParam="false" />
        <int name="dissolveMaxHeight" value="1500" refParamName="" useRefParam="false" />
        <int name="delayFollowTime" value="0" refParamName="" useRefParam="false" />
        <int name="modelMidY" value="9000" refParamName="" useRefParam="false" />
      </Event>
    </Track>
    <Track trackName="CheckSkinIdTick0" eventType="CheckSkinIdTick" guid="2f3bffce-1996-429c-a54c-6355c1098520" enabled="true" useRefParam="false" refParamName="" r="0.000" g="0.000" b="0.000" execOnForceStopped="false" execOnActionCompleted="false" stopAfterLastEvent="true">
      <Event eventName="CheckSkinIdTick" time="0.000" isDuration="false" guid="195af6b5-2d08-4755-bdec-5637e3b35c0b">
        <TemplateObject name="targetId" id="0" objectName="self" isTemp="false" refParamName="" useRefParam="false" />
        <int name="skinId" value="12904" refParamName="" useRefParam="false" />
        <bool name="bEqual" value="true" refParamName="" useRefParam="false" />
        <bool name="bSkipLogicCheck" value="true" refParamName="" useRefParam="false" />
      </Event>
    </Track>
    <Track trackName="TriggerMutiMatsTick0" eventType="TriggerMutiMatsTick" guid="83242424-8be6-4de7-9fb6-0708cd86aedf" enabled="true" useRefParam="false" refParamName="" r="0.000" g="0.000" b="0.000" execOnForceStopped="false" execOnActionCompleted="false" stopAfterLastEvent="true">
      <Condition id="8" guid="2f3bffce-1996-429c-a54c-6355c1098520" status="true" />
      <Event eventName="TriggerMutiMatsTick" time="0.000" isDuration="false" guid="c85c94a2-ba40-4faf-8906-174647f8ae4f">
        <TemplateObject name="srcId" id="0" objectName="self" isTemp="false" refParamName="" useRefParam="false" />
        <bool name="bOpen" value="true" refParamName="" useRefParam="false" />
        <int name="scale" value="200" refParamName="" useRefParam="false" />
        <int name="fnlArea" value="800" refParamName="" useRefParam="false" />
        <int name="fnlScale" value="2000" refParamName="" useRefParam="false" />
        <Vector3i name="offsetModel" x="0" y="-200" z="0" refParamName="" useRefParam="false" />
        <Vector3i name="mainColor" x="255" y="48" z="48" refParamName="" useRefParam="false" />
        <int name="dissolveLowBodyHeight" value="400" refParamName="" useRefParam="false" />
        <int name="dissolveMaxHeight" value="1500" refParamName="" useRefParam="false" />
        <int name="delayFollowTime" value="0" refParamName="" useRefParam="false" />
        <int name="modelMidY" value="9000" refParamName="" useRefParam="false" />
      </Event>
    </Track>
    <Track trackName="CheckSkinIdTick0" eventType="CheckSkinIdTick" guid="ee409669-b3a2-496f-94c3-2edd22bb3768" enabled="true" useRefParam="false" refParamName="" r="0.000" g="0.000" b="0.000" execOnForceStopped="false" execOnActionCompleted="false" stopAfterLastEvent="true">
      <Event eventName="CheckSkinIdTick" time="0.000" isDuration="false" guid="76a55b6a-4147-4501-ba0c-726427837ad3">
        <TemplateObject name="targetId" id="0" objectName="self" isTemp="false" refParamName="" useRefParam="false" />
        <int name="skinId" value="12905" refParamName="" useRefParam="false" />
        <bool name="bEqual" value="true" refParamName="" useRefParam="false" />
        <bool name="bSkipLogicCheck" value="true" refParamName="" useRefParam="false" />
      </Event>
    </Track>
    <Track trackName="TriggerMutiMatsTick0" eventType="TriggerMutiMatsTick" guid="114606b3-87d4-4c0e-95f3-7a75dd353e08" enabled="true" useRefParam="false" refParamName="" r="0.000" g="0.000" b="0.000" execOnForceStopped="false" execOnActionCompleted="false" stopAfterLastEvent="true">
      <Condition id="10" guid="ee409669-b3a2-496f-94c3-2edd22bb3768" status="true" />
      <Event eventName="TriggerMutiMatsTick" time="0.000" isDuration="false" guid="18868e6f-5339-420f-ab3d-d05f1dc188cc">
        <TemplateObject name="srcId" id="0" objectName="self" isTemp="false" refParamName="" useRefParam="false" />
        <bool name="bOpen" value="true" refParamName="" useRefParam="false" />
        <int name="scale" value="200" refParamName="" useRefParam="false" />
        <int name="fnlArea" value="800" refParamName="" useRefParam="false" />
        <int name="fnlScale" value="2000" refParamName="" useRefParam="false" />
        <Vector3i name="offsetModel" x="0" y="-200" z="0" refParamName="" useRefParam="false" />
        <Vector3i name="mainColor" x="171" y="141" z="8" refParamName="" useRefParam="false" />
        <int name="dissolveLowBodyHeight" value="400" refParamName="" useRefParam="false" />
        <int name="dissolveMaxHeight" value="1500" refParamName="" useRefParam="false" />
        <int name="delayFollowTime" value="0" refParamName="" useRefParam="false" />
        <int name="modelMidY" value="9000" refParamName="" useRefParam="false" />
      </Event>
    </Track>
    <Track trackName="CheckSkinIdTick0" eventType="CheckSkinIdTick" guid="5655915c-278d-42bb-b301-cf4d9aba2d61" enabled="true" useRefParam="false" refParamName="" r="0.000" g="0.000" b="0.000" execOnForceStopped="false" execOnActionCompleted="false" stopAfterLastEvent="true">
      <Event eventName="CheckSkinIdTick" time="0.000" isDuration="false" guid="33d07a8c-9ea3-4248-a87b-6a129399b388">
        <TemplateObject name="targetId" id="0" objectName="self" isTemp="false" refParamName="" useRefParam="false" />
        <int name="skinId" value="12906" refParamName="" useRefParam="false" />
        <bool name="bEqual" value="true" refParamName="" useRefParam="false" />
        <bool name="bSkipLogicCheck" value="true" refParamName="" useRefParam="false" />
      </Event>
    </Track>
    <Track trackName="TriggerMutiMatsTick0" eventType="TriggerMutiMatsTick" guid="0c07c9c9-e0e8-4138-b55b-238e4829d83f" enabled="true" useRefParam="false" refParamName="" r="0.000" g="0.000" b="0.000" execOnForceStopped="false" execOnActionCompleted="false" stopAfterLastEvent="true">
      <Condition id="12" guid="5655915c-278d-42bb-b301-cf4d9aba2d61" status="true" />
      <Event eventName="TriggerMutiMatsTick" time="0.000" isDuration="false" guid="db04530b-3a76-434d-bd08-0a2dae41c9bc">
        <TemplateObject name="srcId" id="0" objectName="self" isTemp="false" refParamName="" useRefParam="false" />
        <bool name="bOpen" value="true" refParamName="" useRefParam="false" />
        <int name="scale" value="200" refParamName="" useRefParam="false" />
        <int name="fnlArea" value="800" refParamName="" useRefParam="false" />
        <int name="fnlScale" value="2000" refParamName="" useRefParam="false" />
        <Vector3i name="offsetModel" x="0" y="-200" z="0" refParamName="" useRefParam="false" />
        <Vector3i name="mainColor" x="0" y="191" z="255" refParamName="" useRefParam="false" />
        <int name="dissolveLowBodyHeight" value="400" refParamName="" useRefParam="false" />
        <int name="dissolveMaxHeight" value="1500" refParamName="" useRefParam="false" />
        <int name="delayFollowTime" value="0" refParamName="" useRefParam="false" />
        <int name="modelMidY" value="9000" refParamName="" useRefParam="false" />
      </Event>
    </Track>
    <Track trackName="CheckSkinIdTick0" eventType="CheckSkinIdTick" guid="4700c8c5-5f34-4c85-b366-4d2cd9dcbca2" enabled="true" useRefParam="false" refParamName="" r="0.000" g="0.000" b="0.000" execOnForceStopped="false" execOnActionCompleted="false" stopAfterLastEvent="true">
      <Event eventName="CheckSkinIdTick" time="0.000" isDuration="false" guid="e6b1a946-d712-4d74-8be4-66a5b7715e23">
        <TemplateObject name="targetId" id="0" objectName="self" isTemp="false" refParamName="" useRefParam="false" />
        <int name="skinId" value="12907" refParamName="" useRefParam="false" />
        <bool name="bEqual" value="true" refParamName="" useRefParam="false" />
        <bool name="bSkipLogicCheck" value="true" refParamName="" useRefParam="false" />
      </Event>
    </Track>
    <Track trackName="TriggerMutiMatsTick0" eventType="TriggerMutiMatsTick" guid="16a829c7-f94a-41cd-8286-ff94201009b0" enabled="true" useRefParam="false" refParamName="" r="0.000" g="0.000" b="0.000" execOnForceStopped="false" execOnActionCompleted="false" stopAfterLastEvent="true">
      <Condition id="14" guid="4700c8c5-5f34-4c85-b366-4d2cd9dcbca2" status="true" />
      <Event eventName="TriggerMutiMatsTick" time="0.000" isDuration="false" guid="4c65a067-0d17-40e3-9359-09945d459a01">
        <TemplateObject name="srcId" id="0" objectName="self" isTemp="false" refParamName="" useRefParam="false" />
        <bool name="bOpen" value="true" refParamName="" useRefParam="false" />
        <int name="scale" value="200" refParamName="" useRefParam="false" />
        <int name="fnlArea" value="800" refParamName="" useRefParam="false" />
        <int name="fnlScale" value="2000" refParamName="" useRefParam="false" />
        <Vector3i name="offsetModel" x="0" y="-200" z="0" refParamName="" useRefParam="false" />
        <Vector3i name="mainColor" x="171" y="141" z="8" refParamName="" useRefParam="false" />
        <int name="dissolveLowBodyHeight" value="400" refParamName="" useRefParam="false" />
        <int name="dissolveMaxHeight" value="1500" refParamName="" useRefParam="false" />
        <int name="delayFollowTime" value="0" refParamName="" useRefParam="false" />
        <int name="modelMidY" value="9000" refParamName="" useRefParam="false" />
      </Event>
    </Track>
    <Track trackName="CheckSkinIdTick0" eventType="CheckSkinIdTick" guid="36f946d3-d21c-4c14-9838-4a4408ac7305" enabled="true" useRefParam="false" refParamName="" r="0.000" g="0.000" b="0.000" execOnForceStopped="false" execOnActionCompleted="false" stopAfterLastEvent="true">
      <Event eventName="CheckSkinIdTick" time="0.000" isDuration="false" guid="b9d90fac-3dea-4fad-86c5-300faa66e51b">
        <TemplateObject name="targetId" id="0" objectName="self" isTemp="false" refParamName="" useRefParam="false" />
        <int name="skinId" value="12908" refParamName="" useRefParam="false" />
        <bool name="bEqual" value="true" refParamName="" useRefParam="false" />
        <bool name="bSkipLogicCheck" value="true" refParamName="" useRefParam="false" />
      </Event>
    </Track>
    <Track trackName="TriggerMutiMatsTick0" eventType="TriggerMutiMatsTick" guid="eb0d3aaa-e04e-493d-984d-bb830bf18562" enabled="true" useRefParam="false" refParamName="" r="0.000" g="0.000" b="0.000" execOnForceStopped="false" execOnActionCompleted="false" stopAfterLastEvent="true">
      <Condition id="16" guid="36f946d3-d21c-4c14-9838-4a4408ac7305" status="true" />
      <Event eventName="TriggerMutiMatsTick" time="0.000" isDuration="false" guid="b55b5265-bcfb-4bc2-b38a-3efed40dd1f5">
        <TemplateObject name="srcId" id="0" objectName="self" isTemp="false" refParamName="" useRefParam="false" />
        <bool name="bOpen" value="true" refParamName="" useRefParam="false" />
        <int name="scale" value="200" refParamName="" useRefParam="false" />
        <int name="fnlArea" value="800" refParamName="" useRefParam="false" />
        <int name="fnlScale" value="2000" refParamName="" useRefParam="false" />
        <Vector3i name="offsetModel" x="0" y="-200" z="0" refParamName="" useRefParam="false" />
        <Vector3i name="mainColor" x="171" y="141" z="8" refParamName="" useRefParam="false" />
        <int name="dissolveLowBodyHeight" value="400" refParamName="" useRefParam="false" />
        <int name="dissolveMaxHeight" value="1500" refParamName="" useRefParam="false" />
        <int name="delayFollowTime" value="0" refParamName="" useRefParam="false" />
        <int name="modelMidY" value="9000" refParamName="" useRefParam="false" />
      </Event>
    </Track>
    <Track trackName="CheckSkinIdTick0" eventType="CheckSkinIdTick" guid="2fce5df2-c2af-4124-bde2-4c7a9baa13a8" enabled="true" useRefParam="false" refParamName="" r="0.000" g="0.000" b="0.000" execOnForceStopped="false" execOnActionCompleted="false" stopAfterLastEvent="true">
      <Event eventName="CheckSkinIdTick" time="0.000" isDuration="false" guid="a5b7b2e3-cfc3-46f4-a76a-40ba8cf0f8a4">
        <TemplateObject name="targetId" id="0" objectName="self" isTemp="false" refParamName="" useRefParam="false" />
        <int name="skinId" value="12910" refParamName="" useRefParam="false" />
        <bool name="bEqual" value="true" refParamName="" useRefParam="false" />
        <bool name="bSkipLogicCheck" value="true" refParamName="" useRefParam="false" />
      </Event>
    </Track>
    <Track trackName="TriggerMutiMatsTick0" eventType="TriggerMutiMatsTick" guid="a49bc9ec-0aee-49bd-bede-4d083bf6b713" enabled="true" useRefParam="false" refParamName="" r="0.000" g="0.000" b="0.000" execOnForceStopped="false" execOnActionCompleted="false" stopAfterLastEvent="true">
      <Condition id="18" guid="2fce5df2-c2af-4124-bde2-4c7a9baa13a8" status="true" />
      <Event eventName="TriggerMutiMatsTick" time="0.000" isDuration="false" guid="fcd3bf14-7510-424d-88c2-350bc32aeb0e">
        <TemplateObject name="srcId" id="0" objectName="self" isTemp="false" refParamName="" useRefParam="false" />
        <bool name="bOpen" value="true" refParamName="" useRefParam="false" />
        <int name="scale" value="200" refParamName="" useRefParam="false" />
        <int name="fnlArea" value="800" refParamName="" useRefParam="false" />
        <int name="fnlScale" value="2000" refParamName="" useRefParam="false" />
        <Vector3i name="offsetModel" x="0" y="-200" z="0" refParamName="" useRefParam="false" />
        <Vector3i name="mainColor" x="0" y="191" z="255" refParamName="" useRefParam="false" />
        <int name="dissolveLowBodyHeight" value="400" refParamName="" useRefParam="false" />
        <int name="dissolveMaxHeight" value="1500" refParamName="" useRefParam="false" />
        <int name="delayFollowTime" value="0" refParamName="" useRefParam="false" />
        <int name="modelMidY" value="9000" refParamName="" useRefParam="false" />
      </Event>
    </Track>
    <Track trackName="CheckSkinIdTick0" eventType="CheckSkinIdTick" guid="0ef61369-de32-4224-8329-c412b4b3aae5" enabled="true" useRefParam="false" refParamName="" r="0.000" g="0.000" b="0.000" execOnForceStopped="false" execOnActionCompleted="false" stopAfterLastEvent="true">
      <Event eventName="CheckSkinIdTick" time="0.000" isDuration="false" guid="dbfd7361-736d-4383-be64-e079037796d3">
        <TemplateObject name="targetId" id="0" objectName="self" isTemp="false" refParamName="" useRefParam="false" />
        <int name="skinId" value="12912" refParamName="" useRefParam="false" />
        <bool name="bEqual" value="true" refParamName="" useRefParam="false" />
        <bool name="bSkipLogicCheck" value="true" refParamName="" useRefParam="false" />
      </Event>
    </Track>
    <Track trackName="TriggerMutiMatsTick0" eventType="TriggerMutiMatsTick" guid="cbfc372e-e0ca-4123-bfce-5043d7269cb5" enabled="true" useRefParam="false" refParamName="" r="0.000" g="0.000" b="0.000" execOnForceStopped="false" execOnActionCompleted="false" stopAfterLastEvent="true">
      <Condition id="20" guid="0ef61369-de32-4224-8329-c412b4b3aae5" status="true" />
      <Event eventName="TriggerMutiMatsTick" time="0.000" isDuration="false" guid="170fbf5d-7a23-44ae-b683-5ebe70281254">
        <TemplateObject name="srcId" id="0" objectName="self" isTemp="false" refParamName="" useRefParam="false" />
        <bool name="bOpen" value="true" refParamName="" useRefParam="false" />
        <int name="scale" value="200" refParamName="" useRefParam="false" />
        <int name="fnlArea" value="800" refParamName="" useRefParam="false" />
        <int name="fnlScale" value="2000" refParamName="" useRefParam="false" />
        <Vector3i name="offsetModel" x="0" y="-200" z="0" refParamName="" useRefParam="false" />
        <Vector3i name="mainColor" x="0" y="255" z="255" refParamName="" useRefParam="false" />
        <int name="dissolveLowBodyHeight" value="400" refParamName="" useRefParam="false" />
        <int name="dissolveMaxHeight" value="1500" refParamName="" useRefParam="false" />
        <int name="delayFollowTime" value="0" refParamName="" useRefParam="false" />
        <int name="modelMidY" value="9000" refParamName="" useRefParam="false" />
      </Event>
    </Track>
  </Action>
</Project>