﻿<?xml version="1.0" encoding="utf-8"?>
<Project>
  <TemplateObjectList>
    <TemplateObject id="0" objectName="self" isTemp="false" />
    <TemplateObject id="1" objectName="target" isTemp="false" />
  </TemplateObjectList>
  <RefParamList>
    <Vector3i name="_TargetDir" x="0" y="0" z="0" refParamName="" useRefParam="false" />
    <Vector3i name="_TargetPos" x="0" y="0" z="0" refParamName="" useRefParam="false" />
  </RefParamList>
  <Action tag="" length="5.000" loop="false">
    <Track trackName="FilterTargetType0" eventType="FilterTargetType" guid="5ab9229c-c67a-4913-aeb1-e7fe53ab98d5" enabled="true" useRefParam="false" refParamName="" r="0.000" g="0.000" b="0.000" execOnForceStopped="false" execOnActionCompleted="false" stopAfterLastEvent="true">
      <Event eventName="FilterTargetType" time="0.000" isDuration="false" guid="26b19ab2-4007-40ca-9458-fee93a44d791">
        <TemplateObject name="targetId" id="0" objectName="self" isTemp="false" refParamName="" useRefParam="false" />
        <bool name="bOnlyHostHero" value="true" refParamName="" useRefParam="false" />
      </Event>
    </Track>
    <Track trackName="TriggerParticle0" eventType="TriggerParticle" guid="6abce4a7-6c51-4c04-b37f-bf221f05d547" enabled="true" useRefParam="false" refParamName="" r="0.000" g="0.000" b="0.000" execOnForceStopped="false" execOnActionCompleted="false" stopAfterLastEvent="true">
      <Condition id="0" guid="5ab9229c-c67a-4913-aeb1-e7fe53ab98d5" status="true" />
      <Event eventName="TriggerParticle" time="0.000" length="5.000" isDuration="true" guid="fb73395a-a518-4994-843c-88ae3bdc73b8">
        <TemplateObject name="targetId" id="0" objectName="self" isTemp="false" refParamName="" useRefParam="false" />
        <String name="resourceName" value="prefab_skill_effects/hero_skill_effects/167_wukong/sunwukong_auto" refParamName="" useRefParam="false" />
        <bool name="bOnlyFollowPos" value="true" refParamName="" useRefParam="false" />
        <String name="syncAnimationName" value="" refParamName="" useRefParam="false" />
        <String name="customTagName" value="" refParamName="" useRefParam="false" />
      </Event>
    </Track>
    <Track trackName="TriggerParticle0" eventType="TriggerParticle" guid="793cf502-3475-41f3-88d0-99e97529d438" enabled="true" useRefParam="false" refParamName="" r="0.000" g="0.000" b="0.000" execOnForceStopped="false" execOnActionCompleted="false" stopAfterLastEvent="true">
      <Event eventName="TriggerParticle" time="0.000" length="5.000" isDuration="true" guid="bc27d7d0-a305-4cab-ba5e-07326b7587ab">
        <TemplateObject name="targetId" id="0" objectName="self" isTemp="false" refParamName="" useRefParam="false" />
        <String name="resourceName" value="prefab_skill_effects/hero_skill_effects/167_wukong/Wukong_effect_b01_BD" refParamName="" useRefParam="false" />
        <String name="bindPointName" value="Bip001 Prop1" refParamName="" useRefParam="false" />
        <String name="syncAnimationName" value="" refParamName="" useRefParam="false" />
        <String name="customTagName" value="" refParamName="" useRefParam="false" />
      </Event>
    </Track>
    <Track trackName="CheckSkinIdTick0" eventType="CheckSkinIdTick" guid="65175b01-a443-405b-b082-a0725a67dab5" enabled="true" useRefParam="false" refParamName="" r="0.000" g="0.000" b="0.000" execOnForceStopped="false" execOnActionCompleted="false" stopAfterLastEvent="true">
      <Event eventName="CheckSkinIdTick" time="0.000" isDuration="false" guid="2f823cf9-4343-43c2-be36-ddf04b7f1b4a">
        <TemplateObject name="targetId" id="0" objectName="self" isTemp="false" refParamName="" useRefParam="false" />
        <int name="skinId" value="16712" refParamName="" useRefParam="false" />
      </Event>
    </Track>
    <Track trackName="TriggerParticle0" eventType="TriggerParticle" guid="a42a4bb5-551e-4fd7-bb34-5983ad44e700" enabled="true" useRefParam="false" refParamName="" r="0.000" g="0.000" b="0.000" execOnForceStopped="false" execOnActionCompleted="false" stopAfterLastEvent="true">
      <Event eventName="TriggerParticle" time="0.000" length="5.000" isDuration="true" guid="17eb5855-1d50-4ff4-b4dc-b3b8d664d5e7">
        <TemplateObject name="targetId" id="0" objectName="self" isTemp="false" refParamName="" useRefParam="false" />
        <String name="resourceName" value="prefab_skill_effects/hero_skill_effects/167_wukong/wukong_attack_spell03_02" refParamName="" useRefParam="false" />
        <String name="bindPointName" value="Bip001 Prop1" refParamName="" useRefParam="false" />
        <String name="syncAnimationName" value="" refParamName="" useRefParam="false" />
        <String name="customTagName" value="" refParamName="" useRefParam="false" />
      </Event>
    </Track>
    <Track trackName="SetActorVisibilityTick0" eventType="SetActorVisibilityTick" guid="19ca2234-a7f7-4925-8859-19aa1dc71b6b" enabled="true" useRefParam="false" refParamName="" r="0.000" g="0.000" b="0.000" execOnForceStopped="false" execOnActionCompleted="false" stopAfterLastEvent="true">
      <Event eventName="SetActorVisibilityTick" time="0.000" isDuration="false" guid="07e501e3-23a9-418e-be09-e05f60b07e33">
        <TemplateObject name="targetId" id="0" objectName="self" isTemp="false" refParamName="" useRefParam="false" />
        <String name="node" value="EF_jxk_16712_wukong_Trail02" refParamName="" useRefParam="false" />
      </Event>
    </Track>
    <Track trackName="SetActorVisibilityTick0" eventType="SetActorVisibilityTick" guid="8494f4f3-d955-49dc-9f3d-189ed223fd20" enabled="true" useRefParam="false" refParamName="" r="0.000" g="0.000" b="0.000" execOnForceStopped="false" execOnActionCompleted="false" stopAfterLastEvent="true">
      <Event eventName="SetActorVisibilityTick" time="0.000" isDuration="false" guid="abb30a7f-a71b-4d8d-9273-6c1b2387f138">
        <TemplateObject name="targetId" id="0" objectName="self" isTemp="false" refParamName="" useRefParam="false" />
        <String name="node" value="EF_jxk_16712_wukong_qizi01" refParamName="" useRefParam="false" />
      </Event>
    </Track>
    <Track trackName="CheckSkinIdTick1" eventType="CheckSkinIdTick" guid="af352318-2e5d-41d3-9a76-02ac62ae33a0" enabled="true" useRefParam="false" refParamName="" r="0.000" g="0.000" b="0.000" execOnForceStopped="false" execOnActionCompleted="false" stopAfterLastEvent="true">
      <Event eventName="CheckSkinIdTick" time="0.000" isDuration="false" guid="5da96489-588f-4b13-8f16-b62b57f90006">
        <TemplateObject name="targetId" id="0" objectName="self" isTemp="false" refParamName="" useRefParam="false" />
        <int name="skinId" value="16712" refParamName="" useRefParam="false" />
        <bool name="bSkipLogicCheck" value="true" refParamName="" useRefParam="false" />
      </Event>
    </Track>
    <Track trackName="MaterialSwitchDuration0" eventType="MaterialSwitchDuration" guid="cc2fcf1a-4cc3-43eb-a118-7dc62bbba46f" enabled="true" useRefParam="false" refParamName="" r="0.000" g="0.000" b="0.000" execOnForceStopped="false" execOnActionCompleted="false" stopAfterLastEvent="true">
      <Condition id="7" guid="af352318-2e5d-41d3-9a76-02ac62ae33a0" status="true" />
      <Event eventName="MaterialSwitchDuration" time="0.000" length="5.000" isDuration="true" guid="0e053dc8-0e22-47d1-9a81-b42e021b42b7">
        <TemplateObject name="targetId" id="0" objectName="self" isTemp="false" refParamName="" useRefParam="false" />
        <String name="prefabName" value="Prefab_Skill_Effects/Hero_Skill_Effects/167_WuKong/16712/T3_Wukong_skill_buff_01" refParamName="" useRefParam="false" />
        <String name="node" value="16713_SunWuKong_TeXiao" refParamName="" useRefParam="false" />
      </Event>
    </Track>
    <Track trackName="MaterialSwitchDuration0" eventType="MaterialSwitchDuration" guid="15f52567-6d36-4c20-ad4c-7e5d0d519f8b" enabled="true" useRefParam="false" refParamName="" r="0.000" g="0.000" b="0.000" execOnForceStopped="false" execOnActionCompleted="false" stopAfterLastEvent="true">
      <Condition id="7" guid="af352318-2e5d-41d3-9a76-02ac62ae33a0" status="true" />
      <Event eventName="MaterialSwitchDuration" time="0.000" length="5.000" isDuration="true" guid="3c353674-9f17-4fc8-ab5d-fbad65afa754">
        <TemplateObject name="targetId" id="0" objectName="self" isTemp="false" refParamName="" useRefParam="false" />
        <String name="prefabName" value="Prefab_Skill_Effects/Hero_Skill_Effects/167_WuKong/16712/T3_Wukong_skill_buff_02" refParamName="" useRefParam="false" />
        <String name="node" value="16713_SunWuKong_TeXiao_Mid" refParamName="" useRefParam="false" />
      </Event>
    </Track>
  </Action>
</Project>