<?xml version="1.0" encoding="utf-8"?>
<Project>
  <TemplateObjectList>
    <TemplateObject objectName="self" id="0" isTemp="false" />
    <TemplateObject objectName="target" id="1" isTemp="false" />
    <TemplateObject objectName="bullet1" id="2" isTemp="true" />
    <TemplateObject objectName="bullet2" id="3" isTemp="true" />
    <TemplateObject objectName="攻击者" id="4" isTemp="false" />
  </TemplateObjectList>
  <RefParamList />
  <Action tag="" length="0.500" loop="false">
    <Track trackName="攻击子弹1" eventType="SpawnObjectDuration" guid="f50ccecd-379b-4d57-a242-5e092be923e2" enabled="true" useRefParam="false" refParamName="" r="0.000" g="0.000" b="0.000" execOnForceStopped="false" execOnActionCompleted="false">
      <Event eventName="SpawnObjectDuration" time="0.000" length="0.500" isDuration="true" guid="354a4d95-8471-453e-9ba3-8f9b70257464">
        <TemplateObject name="targetId" objectName="bullet1" id="2" isTemp="true" refParamName="" useRefParam="false" />
        <TemplateObject name="objectSpaceId" objectName="self" id="0" isTemp="false" refParamName="" useRefParam="false" />
        <String name="prefabName" value="prefab_characters/commonempty" refParamName="" useRefParam="false" />
        <bool name="modifyDirection" value="true" refParamName="" useRefParam="false" />
        <Vector3i name="direction" x="0" y="0" z="0" refParamName="" useRefParam="false" />
        <TemplateObject name="materialParentActorId" id="-1" objectName="None" isTemp="false" refParamName="" useRefParam="false" />
        <TemplateObject name="visionActorId" id="-1" objectName="None" isTemp="false" refParamName="" useRefParam="false" />
        <TemplateObject name="recordTargeID" id="-1" objectName="None" isTemp="false" refParamName="" useRefParam="false" />
      </Event>
    </Track>
    <Track trackName="CheckSkinIdTick0" eventType="CheckSkinIdTick" guid="98436d79-0f27-434d-bd86-f987d015181b" enabled="true" useRefParam="false" refParamName="" r="0.000" g="0.000" b="0.000" execOnForceStopped="false" execOnActionCompleted="false">
      <Event eventName="CheckSkinIdTick" time="0.000" isDuration="false" guid="bb5dc9a5-9c72-4372-b9b3-fda05d592b48">
        <TemplateObject name="targetId" objectName="self" id="0" isTemp="false" refParamName="" useRefParam="false" />
        <int name="skinId" value="11119" refParamName="" useRefParam="false" />
      </Event>
    </Track>
    <Track trackName="龙限子弹" eventType="SpawnObjectDuration" guid="3a9d13f2-98d9-4b70-83c3-d44e4c478d28" enabled="true" useRefParam="false" refParamName="" r="0.000" g="0.000" b="0.000" execOnForceStopped="false" execOnActionCompleted="false">
      <Condition id="1" guid="98436d79-0f27-434d-bd86-f987d015181b" status="true" />
      <Event eventName="SpawnObjectDuration" time="0.000" length="0.500" isDuration="true" guid="cd722e4d-8be1-4c0c-b051-034f9a150d55">
        <TemplateObject name="targetId" objectName="bullet2" id="3" isTemp="true" refParamName="" useRefParam="false" />
        <TemplateObject name="objectSpaceId" objectName="self" id="0" isTemp="false" refParamName="" useRefParam="false" />
        <String name="prefabName" value="prefab_skill_effects/hero_skill_effects/111_sunshangxiang/11120/sunshangxiang_fly_01b" refParamName="" useRefParam="false" />
        <Vector3i name="translation" x="300" y="700" z="700" refParamName="" useRefParam="false" />
        <bool name="modifyDirection" value="true" refParamName="" useRefParam="false" />
        <Vector3i name="direction" x="0" y="0" z="0" refParamName="" useRefParam="false" />
        <TemplateObject name="materialParentActorId" id="-1" objectName="None" isTemp="false" refParamName="" useRefParam="false" />
        <TemplateObject name="visionActorId" id="-1" objectName="None" isTemp="false" refParamName="" useRefParam="false" />
        <TemplateObject name="recordTargeID" id="-1" objectName="None" isTemp="false" refParamName="" useRefParam="false" />
      </Event>
    </Track>
    <Track trackName="CheckSkinIdTick1" eventType="CheckSkinIdTick" guid="d6889082-f3ac-4f4b-8a3e-b20ab4a2da36" enabled="true" useRefParam="false" refParamName="" r="0.000" g="0.000" b="0.000" execOnForceStopped="false" execOnActionCompleted="false">
      <Event eventName="CheckSkinIdTick" time="0.000" isDuration="false" guid="1647eda6-389c-4c74-b96d-2dff606abc38">
        <TemplateObject name="targetId" objectName="self" id="0" isTemp="false" refParamName="" useRefParam="false" />
        <int name="skinId" value="11190" refParamName="" useRefParam="false" />
		<bool name="bEqual" value="false" refParamName="" useRefParam="false" />
        <bool name="bSkipLogicCheck" value="true" refParamName="" useRefParam="false" />
      </Event>
    </Track>
    <Track trackName="野蔷薇子弹" eventType="SpawnObjectDuration" guid="fa0ebee9-d00a-4268-a9fe-067e47f878e5" enabled="true" useRefParam="false" refParamName="" r="0.000" g="0.000" b="0.000" execOnForceStopped="false" execOnActionCompleted="false">
      <Condition id="3" guid="d6889082-f3ac-4f4b-8a3e-b20ab4a2da36" status="true" />
      <Event eventName="SpawnObjectDuration" time="0.000" length="0.500" isDuration="true" guid="a0f6f955-9465-4965-9c59-e6255fd0f711">
        <TemplateObject name="targetId" objectName="bullet2" id="3" isTemp="true" refParamName="" useRefParam="false" />
        <TemplateObject name="objectSpaceId" objectName="self" id="0" isTemp="false" refParamName="" useRefParam="false" />
        <String name="prefabName" value="prefab_skill_effects/hero_skill_effects/111_sunshangxiang/11120/sunshangxiang_fly_01b" refParamName="" useRefParam="false" />
        <bool name="modifyDirection" value="true" refParamName="" useRefParam="false" />
        <Vector3i name="direction" x="0" y="0" z="0" refParamName="" useRefParam="false" />
        <TemplateObject name="materialParentActorId" id="-1" objectName="None" isTemp="false" refParamName="" useRefParam="false" />
        <TemplateObject name="visionActorId" id="-1" objectName="None" isTemp="false" refParamName="" useRefParam="false" />
        <TemplateObject name="recordTargeID" id="-1" objectName="None" isTemp="false" refParamName="" useRefParam="false" />
      </Event>
    </Track>
    <Track trackName="MoveBulletDuration0" eventType="MoveBulletDuration" guid="c53c2b2e-e3e1-4e0c-b764-b4de65ac736c" enabled="true" useRefParam="false" refParamName="" r="0.000" g="0.000" b="0.000" execOnForceStopped="false" execOnActionCompleted="false">
      <Event eventName="MoveBulletDuration" time="0.000" length="0.500" isDuration="true" guid="ac94b9ec-ddf0-4773-8483-698532506c07">
        <TemplateObject name="targetId" objectName="bullet1" id="2" isTemp="true" refParamName="" useRefParam="false" />
        <TemplateObject name="destId" objectName="target" id="1" isTemp="false" refParamName="" useRefParam="false" />
        <int name="distance" value="15000" refParamName="" useRefParam="false" />
        <int name="velocity" value="100000" refParamName="" useRefParam="false" />
      </Event>
    </Track>
    <Track trackName="HitTriggerTick1" eventType="HitTriggerTick" guid="dc7a6d8c-c3ae-4636-888a-d57900b97d39" enabled="true" useRefParam="false" refParamName="" r="0.000" g="0.000" b="0.000" execOnForceStopped="false" execOnActionCompleted="false">
      <Condition id="5" guid="c53c2b2e-e3e1-4e0c-b764-b4de65ac736c" status="true" />
      <Event eventName="HitTriggerTick" time="0.000" isDuration="false" guid="57a368e1-a47a-48a2-b44a-5ebc0b25f145">
        <TemplateObject name="targetId" objectName="self" id="0" isTemp="false" refParamName="" useRefParam="false" />
        <int name="TargetSkillCombine_1" value="111010" refParamName="" useRefParam="false" />
        <TemplateObject name="triggerId" id="-1" objectName="None" isTemp="false" refParamName="" useRefParam="false" />
      </Event>
    </Track>
    <Track trackName="StopTrack0" eventType="StopTrack" guid="b473f5bf-7dba-4e5f-8d83-f0dea8668159" enabled="true" useRefParam="false" refParamName="" r="0.000" g="0.000" b="0.000" execOnForceStopped="false" execOnActionCompleted="false">
      <Condition id="5" guid="c53c2b2e-e3e1-4e0c-b764-b4de65ac736c" status="true" />
      <Event eventName="StopTrack" time="0.000" isDuration="false" guid="5a98c8e7-8e8c-4484-9f66-65bd43cf154e">
        <TrackObject name="trackId" id="0" guid="f50ccecd-379b-4d57-a242-5e092be923e2" refParamName="" useRefParam="false" />
      </Event>
    </Track>
    <Track trackName="StopTrack0" eventType="StopTrack" guid="706e1e36-0e2a-4bf6-bd74-fba5dd874c04" enabled="true" useRefParam="false" refParamName="" r="0.000" g="0.000" b="0.000" execOnForceStopped="false" execOnActionCompleted="false">
      <Condition id="5" guid="c53c2b2e-e3e1-4e0c-b764-b4de65ac736c" status="true" />
      <Event eventName="StopTrack" time="0.000" isDuration="false" guid="82caa0dc-7e67-4615-9ba3-25628f483540">
        <TrackObject name="trackId" id="5" guid="c53c2b2e-e3e1-4e0c-b764-b4de65ac736c" refParamName="" useRefParam="false" />
      </Event>
    </Track>
    <Track trackName="MoveBulletDuration0" eventType="MoveBulletDuration" guid="2dbd9c98-d532-436b-b49c-58801ec8ee97" enabled="true" useRefParam="false" refParamName="" r="0.000" g="0.000" b="0.000" execOnForceStopped="false" execOnActionCompleted="false">
      <Event eventName="MoveBulletDuration" time="0.000" length="0.500" isDuration="true" guid="aef277fe-e436-4916-b72b-cf643ee5a5fc">
        <TemplateObject name="targetId" objectName="bullet2" id="3" isTemp="true" refParamName="" useRefParam="false" />
        <TemplateObject name="destId" objectName="target" id="1" isTemp="false" refParamName="" useRefParam="false" />
        <int name="distance" value="15000" refParamName="" useRefParam="false" />
        <int name="velocity" value="35000" refParamName="" useRefParam="false" />
      </Event>
    </Track>
    <Track trackName="StopTrack0" eventType="StopTrack" guid="e573f654-a878-4191-bf2b-a438b6117ad6" enabled="true" useRefParam="false" refParamName="" r="0.000" g="0.000" b="0.000" execOnForceStopped="false" execOnActionCompleted="false">
      <Condition id="9" guid="2dbd9c98-d532-436b-b49c-58801ec8ee97" status="true" />
      <Event eventName="StopTrack" time="0.000" isDuration="false" guid="6d3aa807-fdfe-4f79-9ad2-120bd76613f1">
        <TrackObject name="trackId" id="9" guid="2dbd9c98-d532-436b-b49c-58801ec8ee97" refParamName="" useRefParam="false" />
      </Event>
    </Track>
    <Track trackName="StopTrack0" eventType="StopTrack" guid="bb952b51-8f9f-4b88-bfd6-8aa866631eeb" enabled="true" useRefParam="false" refParamName="" r="0.000" g="0.000" b="0.000" execOnForceStopped="false" execOnActionCompleted="false">
      <Condition id="9" guid="2dbd9c98-d532-436b-b49c-58801ec8ee97" status="true" />
      <Event eventName="StopTrack" time="0.000" isDuration="false" guid="f9a658d9-f2d9-4a68-92d4-38f558ab75eb">
        <TrackObject name="trackId" id="2" guid="3a9d13f2-98d9-4b70-83c3-d44e4c478d28" refParamName="" useRefParam="false" />
      </Event>
    </Track>
  </Action>
</Project>