﻿<?xml version="1.0" encoding="utf-8"?>
<Project>
  <TemplateObjectList>
    <TemplateObject objectName="self" id="0" isTemp="false" />
    <TemplateObject objectName="target" id="1" isTemp="false" />
    <TemplateObject objectName="bullet" id="2" isTemp="true" />
  </TemplateObjectList>
  <RefParamList>
    <Vector3i name="_TargetDir" x="0" y="0" z="0" refParamName="" useRefParam="false" />
    <Vector3i name="_TargetPos" x="0" y="0" z="0" refParamName="" useRefParam="false" />
  </RefParamList>
  <Action tag="" length="3.100" loop="false">
    <Track trackName="TriggerParticle0" eventType="TriggerParticle" guid="edeb2dea-6858-47be-9399-245a18d781df" enabled="true" useRefParam="false" refParamName="" r="0.000" g="0.000" b="0.000" execOnForceStopped="false" execOnActionCompleted="false">
      <Event eventName="TriggerParticle" time="0.000" length="3.000" isDuration="true" guid="e51e3530-8ee4-40ea-b8f3-8d33f5044dd0">
        <TemplateObject name="targetId" objectName="self" id="0" isTemp="false" refParamName="" useRefParam="false" />
        <String name="resourceName" value="prefab_skill_effects/hero_skill_effects/111_sunshangxiang/sunshangxiang_spell01_jinlong_run01" refParamName="" useRefParam="false" />
        <Vector3i name="scalingInt" x="10000" y="10000" z="10000" refParamName="" useRefParam="false" />
        <bool name="applyActionSpeedToParticle" value="false" refParamName="" useRefParam="false" />
        <bool name="bOnlyFollowPos" value="true" refParamName="" useRefParam="false" />
        <bool name="bKeepChildScale" value="true" refParamName="" useRefParam="false" />
        <String name="syncAnimationName" value="" refParamName="" useRefParam="false" />
        <bool name="bApplySpecialEffect" value="true" refParamName="" useRefParam="false" />
        <bool name="bFreezeAnimation" value="true" refParamName="" useRefParam="false" />
        <TemplateObject name="specialEffectTarget" objectName="self" id="0" isTemp="false" refParamName="" useRefParam="false" />
        <String name="customTagName" value="" refParamName="" useRefParam="false" />
      </Event>
    </Track>
    <Track trackName="CheckSkinIdTick0" eventType="CheckSkinIdTick" guid="be505e56-924b-47d2-9d65-fbfb24aa0b1c" enabled="true" useRefParam="false" refParamName="" r="0.000" g="0.000" b="0.000" execOnForceStopped="false" execOnActionCompleted="false">
      <Event eventName="CheckSkinIdTick" time="0.000" isDuration="false" guid="5a6b6c16-ae19-4012-8a56-dc293f81b23b">
        <TemplateObject name="targetId" objectName="self" id="0" isTemp="false" refParamName="" useRefParam="false" />
        <int name="skinId" value="11190" refParamName="" useRefParam="false" />
		<bool name="bEqual" value="false" refParamName="" useRefParam="false" />
        <bool name="bSkipLogicCheck" value="true" refParamName="" useRefParam="false" />
      </Event>
    </Track>
    <Track trackName="TriggerParticle0" eventType="TriggerParticle" guid="5e217bd2-3e00-43de-aa25-2a4a7e51be7e" enabled="true" useRefParam="false" refParamName="" r="0.000" g="0.000" b="0.000" execOnForceStopped="false" execOnActionCompleted="false">
      <Condition id="1" guid="be505e56-924b-47d2-9d65-fbfb24aa0b1c" status="true" />
      <Event eventName="TriggerParticle" time="0.000" length="3.000" isDuration="true" guid="6ab94a12-ef53-4991-84fc-050273a9ab49">
        <TemplateObject name="targetId" objectName="self" id="0" isTemp="false" refParamName="" useRefParam="false" />
        <String name="resourceName" value="prefab_skill_effects/hero_skill_effects/111_sunshangxiang/11120/sunshangxiang_spell01_weaponbuff" refParamName="" useRefParam="false" />
        <String name="bindPointName" value="Bip001 L Hand" refParamName="" useRefParam="false" />
        <Vector3i name="scalingInt" x="10000" y="10000" z="10000" refParamName="" useRefParam="false" />
        <bool name="applyActionSpeedToParticle" value="false" refParamName="" useRefParam="false" />
        <String name="syncAnimationName" value="" refParamName="" useRefParam="false" />
        <bool name="bApplySpecialEffect" value="true" refParamName="" useRefParam="false" />
        <bool name="bFreezeAnimation" value="true" refParamName="" useRefParam="false" />
        <TemplateObject name="specialEffectTarget" objectName="self" id="0" isTemp="false" refParamName="" useRefParam="false" />
        <String name="customTagName" value="" refParamName="" useRefParam="false" />
      </Event>
    </Track>
  </Action>
</Project>