﻿<?xml version="1.0" encoding="utf-8"?>
<Project>
  <TemplateObjectList>
    <TemplateObject objectName="self" id="0" isTemp="false" />
    <TemplateObject objectName="target" id="1" isTemp="false" />
    <TemplateObject objectName="bullet" id="2" isTemp="true" />
    <TemplateObject objectName="bullet2" id="3" isTemp="true" />
  </TemplateObjectList>
  <RefParamList>
    <Vector3i name="targetdir" x="0" y="0" z="0" refParamName="" useRefParam="false" />
    <Vector3i name="_TargetPos" x="0" y="0" z="0" refParamName="" useRefParam="false" />
  </RefParamList>
  <Action tag="" length="1.500" loop="false">
    <Track trackName="BattleUIAnimationDuration1" eventType="BattleUIAnimationDuration" guid="e681f776-ec4b-4ba5-821c-4adee6b07f1d" enabled="true" useRefParam="false" refParamName="" r="0.000" g="0.000" b="0.000" execOnForceStopped="false" execOnActionCompleted="false" SkinAvatarFilterType="9">
      <Event eventName="BattleUIAnimationDuration" time="0.000" length="1.200" isDuration="true" guid="425619ae-cd1a-42ef-a3a4-0276056145bb">
        <TemplateObject name="targetId" objectName="self" id="0" isTemp="false" refParamName="" useRefParam="false" />
        <String name="prefab" value="prefab_skill_effects/hero_skill_effects/111_sunshangxiang/11120/SunShangXiang_SkillHud_mid" refParamName="" useRefParam="false" />
        <String name="animName" value="" refParamName="" useRefParam="false" />
      </Event>
    </Track>
    <Track trackName="SetBehaviourModeTick0" eventType="SetBehaviourModeTick" guid="884649fb-eee1-4f09-8e8c-136817834eb9" enabled="true" useRefParam="false" refParamName="" r="0.000" g="0.000" b="0.000" execOnForceStopped="false" execOnActionCompleted="false">
      <Event eventName="SetBehaviourModeTick" time="0.000" isDuration="false" guid="ecfd1e5d-56f1-493e-977a-40645115ce69">
        <TemplateObject name="targetId" objectName="self" id="0" isTemp="false" refParamName="" useRefParam="false" />
      </Event>
    </Track>
    <Track trackName="SetAttackDirDuration0" eventType="SetAttackDirDuration" guid="13f98c0c-0c95-4e18-aeb2-1fef43e76e8b" enabled="true" useRefParam="false" refParamName="" r="0.000" g="0.000" b="0.000" execOnForceStopped="false" execOnActionCompleted="false">
      <Event eventName="SetAttackDirDuration" time="0.000" length="0.066" isDuration="true" guid="bd26c16b-7b91-4e51-a0bb-9b5f3dfeb4fa">
        <TemplateObject name="attackerId" objectName="self" id="0" isTemp="false" refParamName="" useRefParam="false" />
        <bool name="bImmediateRotate" value="true" refParamName="" useRefParam="false" />
      </Event>
    </Track>
    <Track trackName="ForbidAbilityDuration0" eventType="ForbidAbilityDuration" guid="4ae02cae-a3bb-4924-b827-3f8765723844" enabled="false" useRefParam="false" refParamName="" r="0.000" g="0.000" b="0.000" execOnForceStopped="false" execOnActionCompleted="false">
      <Event eventName="ForbidAbilityDuration" time="0.000" length="0.200" isDuration="true" guid="2c35dff6-5b05-4b11-9113-acb50256455a">
        <TemplateObject name="attackerId" objectName="self" id="0" isTemp="false" refParamName="" useRefParam="false" />
        <bool name="forbidMove" value="true" refParamName="" useRefParam="false" />
        <Enum name="protectAbortLevel" value="1" EnumValue="保护延迟打断" refParamName="" useRefParam="false" />
      </Event>
    </Track>
    <Track trackName="ForbidAbilityDuration0" eventType="ForbidAbilityDuration" guid="ef83c52f-dabe-48fc-b788-c62d0b1ef8df" enabled="true" useRefParam="false" refParamName="" r="0.000" g="0.000" b="0.000" execOnForceStopped="false" execOnActionCompleted="false">
      <Event eventName="ForbidAbilityDuration" time="0.000" length="0.600" isDuration="true" guid="013129a9-f93b-454d-865f-f36c42201116">
        <TemplateObject name="attackerId" objectName="self" id="0" isTemp="false" refParamName="" useRefParam="false" />
        <bool name="forbidMove" value="true" refParamName="" useRefParam="false" />
        <bool name="forbidSkill" value="true" refParamName="" useRefParam="false" />
        <bool name="forbidFilterSkill0" value="true" refParamName="" useRefParam="false" />
        <bool name="forbidFilterSkill1" value="true" refParamName="" useRefParam="false" />
        <bool name="forbidFilterSkill2" value="true" refParamName="" useRefParam="false" />
        <bool name="forbidFilterSkill4" value="true" refParamName="" useRefParam="false" />
        <bool name="forbidFilterSkill5" value="true" refParamName="" useRefParam="false" />
        <bool name="forbidFilterSkill6" value="true" refParamName="" useRefParam="false" />
        <bool name="forbidFilterSkill7" value="true" refParamName="" useRefParam="false" />
        <bool name="forbidFilterSkill8" value="true" refParamName="" useRefParam="false" />
        <bool name="forbidFilterSkill10" value="true" refParamName="" useRefParam="false" />
        <bool name="forbidFilterSkill11" value="true" refParamName="" useRefParam="false" />
        <bool name="forbidFilterCallBoss" value="true" refParamName="" useRefParam="false" />
        <bool name="forbidFilterExtraBtnSlot1" value="true" refParamName="" useRefParam="false" />
      </Event>
    </Track>
    <Track trackName="SkillInputCacheDuration48" eventType="SkillInputCacheDuration" guid="86746fb8-0b63-47e0-90d2-b05dcabe1a32" enabled="true" useRefParam="false" refParamName="" r="0.000" g="0.000" b="0.000" execOnForceStopped="false" execOnActionCompleted="false">
      <Event eventName="SkillInputCacheDuration" time="0.000" length="0.600" isDuration="true" guid="e6ffe6a3-1ad4-4397-8dc0-18693b9f0918">
        <TemplateObject name="targetId" objectName="self" id="0" isTemp="false" refParamName="" useRefParam="false" />
        <bool name="cacheSkill" value="true" refParamName="" useRefParam="false" />
      </Event>
    </Track>
    <Track trackName="SkillInputCacheDuration48" eventType="SkillInputCacheDuration" guid="e2a6210d-7b56-4e82-a037-fe412e958e96" enabled="true" useRefParam="false" refParamName="" r="0.000" g="0.000" b="0.000" execOnForceStopped="false" execOnActionCompleted="false">
      <Event eventName="SkillInputCacheDuration" time="0.400" length="0.200" isDuration="true" guid="7145614e-b399-4d6b-9bc1-7eb47bc68568">
        <TemplateObject name="targetId" objectName="self" id="0" isTemp="false" refParamName="" useRefParam="false" />
        <bool name="cacheMove" value="true" refParamName="" useRefParam="false" />
      </Event>
    </Track>
    <Track trackName="SpawnObjectDuration0" eventType="SpawnObjectDuration" guid="444ea745-47ef-4827-8fab-8b4ad174145a" enabled="true" useRefParam="false" refParamName="" r="0.000" g="0.000" b="0.000" execOnForceStopped="false" execOnActionCompleted="false">
      <Event eventName="SpawnObjectDuration" time="0.000" length="0.600" isDuration="true" guid="0f99e793-528a-4187-a532-8fb3be049e04">
        <TemplateObject name="targetId" objectName="bullet" id="2" isTemp="true" refParamName="" useRefParam="false" />
        <TemplateObject name="parentId" objectName="self" id="0" isTemp="false" refParamName="" useRefParam="false" />
        <String name="prefabName" value="prefab_characters/commonempty" refParamName="" useRefParam="false" />
        <Vector3i name="translation" x="0" y="1200" z="1000" refParamName="" useRefParam="false" />
        <bool name="modifyDirection" value="true" refParamName="" useRefParam="false" />
        <Vector3i name="direction" x="0" y="0" z="0" refParamName="" useRefParam="false" />
        <TemplateObject name="materialParentActorId" objectName="self" id="0" isTemp="false" refParamName="" useRefParam="false" />
        <bool name="modifyScaling" value="true" refParamName="" useRefParam="false" />
        <TemplateObject name="visionActorId" objectName="self" id="0" isTemp="false" refParamName="" useRefParam="false" />
        <bool name="bRealTimeSight" value="true" refParamName="" useRefParam="false" />
        <int name="bExtraSightRadius" value="1000" refParamName="" useRefParam="false" />
        <TemplateObject name="extraSightObjId" objectName="self" id="0" isTemp="false" refParamName="" useRefParam="false" />
        <TemplateObject name="recordTargeID" objectName="None" id="-1" isTemp="false" refParamName="" useRefParam="false" />
      </Event>
    </Track>
    <Track trackName="CheckSkinIdTick1" eventType="CheckSkinIdTick" guid="f6bb4dff-ef39-4636-9b11-fdf89e1e0461" enabled="true" useRefParam="false" refParamName="" r="0.000" g="0.000" b="0.000" execOnForceStopped="false" execOnActionCompleted="false">
      <Event eventName="CheckSkinIdTick" time="0.000" isDuration="false" guid="d556e4d0-77f1-46d7-9e2e-2ad230b2864f">
        <TemplateObject name="targetId" objectName="self" id="0" isTemp="false" refParamName="" useRefParam="false" />
        <int name="skinId" value="11113" refParamName="" useRefParam="false" />
      </Event>
    </Track>
    <Track trackName="CheckSkinIdVirtualTick0" eventType="CheckSkinIdVirtualTick" guid="92b36a35-ec2d-4a50-88e9-73f085da65d8" enabled="true" useRefParam="false" refParamName="" r="0.000" g="0.000" b="0.000" execOnForceStopped="false" execOnActionCompleted="false">
      <Event eventName="CheckSkinIdVirtualTick" time="0.000" isDuration="false" guid="09f5ba66-e48d-4fc6-9316-f08600ab1bd0">
        <TemplateObject name="targetId" objectName="self" id="0" isTemp="false" refParamName="" useRefParam="false" />
        <int name="skinId" value="11113" refParamName="" useRefParam="false" />
      </Event>
    </Track>
    <Track trackName="CheckSkillCombineConditionTick1" eventType="CheckSkillCombineConditionTick" guid="fd62cea3-5d27-43e5-950d-d3fb75ed09fc" enabled="true" useRefParam="false" refParamName="" r="0.000" g="0.000" b="0.000" execOnForceStopped="false" execOnActionCompleted="false">
      <Event eventName="CheckSkillCombineConditionTick" time="0.000" isDuration="false" guid="653678f3-1cc1-48da-b5f0-8e0229d7ac9e">
        <TemplateObject name="targetId" objectName="self" id="0" isTemp="false" refParamName="" useRefParam="false" />
        <int name="skillCombineId" value="111110" refParamName="" useRefParam="false" />
        <Enum name="checkOPType" value="4" EnumValue="大于" refParamName="" useRefParam="false" />
      </Event>
    </Track>
    <Track trackName="黑化堇" eventType="PlayAnimDuration" guid="f14c3fbf-964c-4790-b139-d9b5560bd835" enabled="true" useRefParam="false" refParamName="" r="0.000" g="0.000" b="0.000" execOnForceStopped="false" execOnActionCompleted="false">
      <Condition id="8" guid="f6bb4dff-ef39-4636-9b11-fdf89e1e0461" status="true" />
      <Condition id="10" guid="fd62cea3-5d27-43e5-950d-d3fb75ed09fc" status="true" />
      <Event eventName="PlayAnimDuration" time="0.000" length="1.500" isDuration="true" guid="d2d94d2a-05c6-42c3-b820-a052cb9a5237">
        <TemplateObject name="targetId" objectName="self" id="0" isTemp="false" refParamName="" useRefParam="false" />
        <String name="clipName" value="Spell3_1" refParamName="" useRefParam="false" />
        <float name="crossFadeTime" value="0.200" refParamName="" useRefParam="false" />
        <bool name="bUseFadeOutTime" value="true" refParamName="" useRefParam="false" />
        <float name="fadeOutTime" value="0.200" refParamName="" useRefParam="false" />
      </Event>
    </Track>
    <Track trackName="TriggerParticleTick0" eventType="TriggerParticleTick" guid="08ee135e-9a4b-4bdb-891f-cd1cedf3bfb0" enabled="true" useRefParam="false" refParamName="" r="0.000" g="0.000" b="0.000" execOnForceStopped="false" execOnActionCompleted="false">
      <Condition id="9" guid="92b36a35-ec2d-4a50-88e9-73f085da65d8" status="true" />
      <Condition id="10" guid="fd62cea3-5d27-43e5-950d-d3fb75ed09fc" status="true" />
      <Event eventName="TriggerParticleTick" time="0.000" isDuration="false" guid="ed4cc506-d0f4-4c02-a603-565b1ba1605b">
        <TemplateObject name="targetId" objectName="None" id="-1" isTemp="false" refParamName="" useRefParam="false" />
        <TemplateObject name="objectSpaceId" objectName="self" id="0" isTemp="false" refParamName="" useRefParam="false" />
        <String name="resourceName" value="prefab_skill_effects/hero_skill_effects/111_sunshangxiang/T3_Sunshuangxiang_skill_03_attack_01" refParamName="" useRefParam="false" />
        <float name="lifeTime" value="1.500" refParamName="" useRefParam="false" />
        <Vector3 name="bindPosOffset" x="0.000" y="0.700" z="0.300" refParamName="" useRefParam="false" />
        <Vector3i name="scalingInt" x="10000" y="10000" z="10000" refParamName="" useRefParam="false" />
        <bool name="bAllowEmptyEffect" value="true" refParamName="" useRefParam="false" />
      </Event>
    </Track>
    <Track trackName="S1中放大招，高位置子弹" eventType="SpawnBulletTick" guid="cbe5ad61-6542-40fe-9317-c881f4618927" enabled="true" useRefParam="false" refParamName="" r="0.000" g="0.000" b="0.000" execOnForceStopped="false" execOnActionCompleted="false">
      <Condition id="8" guid="f6bb4dff-ef39-4636-9b11-fdf89e1e0461" status="true" />
      <Condition id="10" guid="fd62cea3-5d27-43e5-950d-d3fb75ed09fc" status="true" />
      <Event eventName="SpawnBulletTick" time="0.500" isDuration="false" guid="b5eeb8df-9fca-4a4a-94e4-2b197ee0736c">
        <TemplateObject name="targetId" objectName="self" id="0" isTemp="false" refParamName="" useRefParam="false" />
        <String name="ActionName" value="prefab_characters/prefab_hero/111_sunshangxiang/skill/u1b1_T3" refParamName="" useRefParam="false" />
      </Event>
    </Track>
    <Track trackName="TriggerParticleTick0" eventType="TriggerParticleTick" guid="7abd65c4-e66e-4fc7-9ec8-2e376895cb2d" enabled="true" useRefParam="false" refParamName="" r="0.000" g="0.000" b="0.000" execOnForceStopped="false" execOnActionCompleted="false">
      <Condition id="9" guid="92b36a35-ec2d-4a50-88e9-73f085da65d8" status="true" />
      <Condition id="10" guid="fd62cea3-5d27-43e5-950d-d3fb75ed09fc" status="true" />
      <Event eventName="TriggerParticleTick" time="0.500" isDuration="false" guid="ad48c11b-d9f5-4a9f-a12e-c4012f38b79f">
        <TemplateObject name="targetId" objectName="None" id="-1" isTemp="false" refParamName="" useRefParam="false" />
        <TemplateObject name="objectSpaceId" objectName="self" id="0" isTemp="false" refParamName="" useRefParam="false" />
        <String name="resourceName" value="prefab_skill_effects/hero_skill_effects/111_sunshangxiang/sunshangxiang_attack_03" refParamName="" useRefParam="false" />
        <Vector3 name="bindPosOffset" x="-0.200" y="1.900" z="0.800" refParamName="" useRefParam="false" />
        <EulerAngle name="bindRotOffset" x="270.000" y="0.000" z="0.000" refParamName="" useRefParam="false" />
        <Vector3i name="scalingInt" x="10000" y="10000" z="10000" refParamName="" useRefParam="false" />
        <bool name="bAllowEmptyEffect" value="true" refParamName="" useRefParam="false" />
      </Event>
    </Track>
    <Track trackName="StopTracks0" eventType="StopTracks" guid="abfc4701-c38e-4969-925e-fc3ef0f64b78" enabled="true" useRefParam="false" refParamName="" r="0.000" g="0.000" b="0.000" execOnForceStopped="false" execOnActionCompleted="false">
      <Condition id="8" guid="f6bb4dff-ef39-4636-9b11-fdf89e1e0461" status="true" />
      <Condition id="10" guid="fd62cea3-5d27-43e5-950d-d3fb75ed09fc" status="true" />
      <Event eventName="StopTracks" time="0.000" isDuration="false" guid="b889ae65-11d9-4724-aa75-6b874d4d7e48">
        <Array name="trackIds" refParamName="" useRefParam="false" type="TrackObject">
          <TrackObject id="19" guid="036b40ff-08d6-415a-9d97-97e0942d2aee" />
          <TrackObject id="39" guid="f33baa3c-2b9e-4fbb-8650-dacb612888ba" />
          <TrackObject id="20" guid="2d8e1f0d-7f4a-41d6-bef4-aa762513d4fa" />
          <TrackObject id="28" guid="1414bd9d-4a3e-4263-81d9-d5b75fd19390" />
        </Array>
        <bool name="alsoStopNotStartedTrack" value="true" refParamName="" useRefParam="false" />
      </Event>
    </Track>
    <Track trackName="检测联动T3皮肤" eventType="CheckSkinIdTick" guid="c223cdb8-e416-46e2-bd42-639a1a64a839" enabled="true" useRefParam="false" refParamName="" r="0.000" g="0.000" b="0.000" execOnForceStopped="false" execOnActionCompleted="false">
      <Event eventName="CheckSkinIdTick" time="0.000" isDuration="false" guid="299ab45b-69a1-4850-80ab-cd9f8bbdd7bb">
        <TemplateObject name="targetId" objectName="self" id="0" isTemp="false" refParamName="" useRefParam="false" />
        <int name="skinId" value="11115" refParamName="" useRefParam="false" />
      </Event>
    </Track>
    <Track trackName="联动T3堇" eventType="PlayAnimDuration" guid="6a083ba0-0b59-4913-bee4-6fa6f9935258" enabled="true" useRefParam="false" refParamName="" r="0.000" g="0.000" b="0.000" execOnForceStopped="false" execOnActionCompleted="false">
      <Condition id="16" guid="c223cdb8-e416-46e2-bd42-639a1a64a839" status="true" />
      <Condition id="10" guid="fd62cea3-5d27-43e5-950d-d3fb75ed09fc" status="true" />
      <Event eventName="PlayAnimDuration" time="0.000" length="1.500" isDuration="true" guid="303de181-4680-4043-a7de-dd0810519a74">
        <TemplateObject name="targetId" objectName="self" id="0" isTemp="false" refParamName="" useRefParam="false" />
        <String name="clipName" value="Spell3_1" refParamName="" useRefParam="false" />
        <float name="crossFadeTime" value="0.200" refParamName="" useRefParam="false" />
        <bool name="bUseFadeOutTime" value="true" refParamName="" useRefParam="false" />
        <float name="fadeOutTime" value="0.200" refParamName="" useRefParam="false" />
      </Event>
    </Track>
    <Track trackName="StopTracks0" eventType="StopTracks" guid="bb1d1e70-f12e-4e5a-b791-1ee8e7d1c6fc" enabled="true" useRefParam="false" refParamName="" r="0.000" g="0.000" b="0.000" execOnForceStopped="false" execOnActionCompleted="false">
      <Condition id="16" guid="c223cdb8-e416-46e2-bd42-639a1a64a839" status="true" />
      <Condition id="10" guid="fd62cea3-5d27-43e5-950d-d3fb75ed09fc" status="true" />
      <Event eventName="StopTracks" time="0.000" isDuration="false" guid="afd8b946-76c1-41e3-bf35-8661f697596f">
        <Array name="trackIds" refParamName="" useRefParam="false" type="TrackObject">
          <TrackObject id="19" guid="036b40ff-08d6-415a-9d97-97e0942d2aee" />
        </Array>
        <bool name="alsoStopNotStartedTrack" value="true" refParamName="" useRefParam="false" />
      </Event>
    </Track>
    <Track trackName="PlayAnimDuration0" eventType="PlayAnimDuration" guid="036b40ff-08d6-415a-9d97-97e0942d2aee" enabled="true" useRefParam="false" refParamName="" r="0.000" g="0.000" b="0.000" execOnForceStopped="false" execOnActionCompleted="false">
      <Event eventName="PlayAnimDuration" time="0.000" length="1.500" isDuration="true" guid="4b1a5155-01ba-4946-b638-0a98f351fe04">
        <TemplateObject name="targetId" objectName="self" id="0" isTemp="false" refParamName="" useRefParam="false" />
        <String name="clipName" value="Spell3" refParamName="" useRefParam="false" />
        <float name="crossFadeTime" value="0.200" refParamName="" useRefParam="false" />
        <bool name="bUseFadeOutTime" value="true" refParamName="" useRefParam="false" />
        <float name="fadeOutTime" value="0.200" refParamName="" useRefParam="false" />
      </Event>
    </Track>
    <Track trackName="SpawnBulletTick0" eventType="SpawnBulletTick" guid="2d8e1f0d-7f4a-41d6-bef4-aa762513d4fa" enabled="true" useRefParam="false" refParamName="" r="0.000" g="0.000" b="0.000" execOnForceStopped="false" execOnActionCompleted="false">
      <Event eventName="SpawnBulletTick" time="0.500" isDuration="false" guid="868b004b-e701-497b-ae53-d214933ee272">
        <TemplateObject name="targetId" objectName="self" id="0" isTemp="false" refParamName="" useRefParam="false" />
        <String name="ActionName" value="prefab_characters/prefab_hero/111_sunshangxiang/skill/u1b1" refParamName="" useRefParam="false" />
      </Event>
    </Track>
    <Track trackName="CheckSkinIdVirtualTick0" eventType="CheckSkinIdVirtualTick" guid="7a9c616c-18d3-4bd1-9737-158c385dc578" enabled="true" useRefParam="false" refParamName="" r="0.000" g="0.000" b="0.000" execOnForceStopped="false" execOnActionCompleted="false">
      <Event eventName="CheckSkinIdVirtualTick" time="0.000" isDuration="false" guid="229bcab2-920e-4ad8-9354-456e6ccd249a">
        <TemplateObject name="targetId" objectName="self" id="0" isTemp="false" refParamName="" useRefParam="false" />
        <int name="skinId" value="11119" refParamName="" useRefParam="false" />
      </Event>
    </Track>
    <Track trackName="CheckSkinIdTick1" eventType="CheckSkinIdTick" guid="e7bfdda9-6e34-4a91-9e6a-8ba44e105533" enabled="true" useRefParam="false" refParamName="" r="0.000" g="0.000" b="0.000" execOnForceStopped="false" execOnActionCompleted="false">
      <Event eventName="CheckSkinIdTick" time="0.000" isDuration="false" guid="ef85a55d-7a42-46ff-a9b9-d683eb30a8bb">
        <TemplateObject name="targetId" objectName="self" id="0" isTemp="false" refParamName="" useRefParam="false" />
        <int name="skinId" value="11119" refParamName="" useRefParam="false" />
      </Event>
    </Track>
    <Track trackName="StopTracks0" eventType="StopTracks" guid="e4534d1a-3567-4ea8-a047-d64df7dc9600" enabled="true" useRefParam="false" refParamName="" r="0.000" g="0.000" b="0.000" execOnForceStopped="false" execOnActionCompleted="false">
      <Condition id="22" guid="e7bfdda9-6e34-4a91-9e6a-8ba44e105533" status="true" />
      <Event eventName="StopTracks" time="0.000" isDuration="false" guid="205a1e25-320c-4ee3-a9e1-6c39452b1125">
        <Array name="trackIds" refParamName="" useRefParam="false" type="TrackObject">
          <TrackObject id="28" guid="1414bd9d-4a3e-4263-81d9-d5b75fd19390" />
        </Array>
        <bool name="alsoStopNotStartedTrack" value="true" refParamName="" useRefParam="false" />
      </Event>
    </Track>
    <Track trackName="野蔷薇" eventType="CheckSkinIdTick" guid="772f6dfd-072c-4502-b4dd-89dcd86c371a" enabled="true" useRefParam="false" refParamName="" r="0.000" g="0.000" b="0.000" execOnForceStopped="false" execOnActionCompleted="false">
      <Event eventName="CheckSkinIdTick" time="0.000" isDuration="false" guid="15ef00f5-2f2a-4356-b0e9-f909ff26be01">
        <TemplateObject name="targetId" objectName="self" id="0" isTemp="false" refParamName="" useRefParam="false" />
        <int name="skinId" value="11190" refParamName="" useRefParam="false" />
		<bool name="bEqual" value="false" refParamName="" useRefParam="false" />
      </Event>
    </Track>
    <Track trackName="TriggerParticleTick0" eventType="TriggerParticleTick" guid="26880583-2617-4313-ac75-d3001f746630" enabled="true" useRefParam="false" refParamName="" r="0.000" g="0.000" b="0.000" execOnForceStopped="false" execOnActionCompleted="false">
      <Condition id="24" guid="772f6dfd-072c-4502-b4dd-89dcd86c371a" status="true" />
      <Event eventName="TriggerParticleTick" time="0.000" isDuration="false" guid="397dd3c1-91f1-42f3-95c1-9f3b77dc2285">
        <TemplateObject name="targetId" objectName="bullet" id="2" isTemp="true" refParamName="" useRefParam="false" />
        <String name="resourceName" value="prefab_skill_effects/hero_skill_effects/111_sunshangxiang/sunshangxiang_attack_03" refParamName="" useRefParam="false" />
        <EulerAngle name="bindRotOffset" x="270.000" y="0.000" z="0.000" refParamName="" useRefParam="false" />
        <Vector3i name="scalingInt" x="10000" y="10000" z="10000" refParamName="" useRefParam="false" />
        <bool name="applyActionSpeedToParticle" value="false" refParamName="" useRefParam="false" />
      </Event>
    </Track>
    <Track trackName="StopTracks0" eventType="StopTracks" guid="e17a2a99-5bad-4f45-a682-20e9b64f89dc" enabled="true" useRefParam="false" refParamName="" r="0.000" g="0.000" b="0.000" execOnForceStopped="false" execOnActionCompleted="false">
      <Condition id="24" guid="772f6dfd-072c-4502-b4dd-89dcd86c371a" status="true" />
      <Event eventName="StopTracks" time="0.000" isDuration="false" guid="ffac591f-9503-466b-bc9b-54763e4ba21d">
        <Array name="trackIds" refParamName="" useRefParam="false" type="TrackObject">
          <TrackObject id="28" guid="1414bd9d-4a3e-4263-81d9-d5b75fd19390" />
        </Array>
        <bool name="alsoStopNotStartedTrack" value="true" refParamName="" useRefParam="false" />
      </Event>
    </Track>
    <Track trackName="TriggerParticleTick0" eventType="TriggerParticleTick" guid="184fe8b8-75e4-424c-9cca-3c5866bbabc0" enabled="true" useRefParam="false" refParamName="" r="0.000" g="0.000" b="0.000" execOnForceStopped="false" execOnActionCompleted="false">
      <Condition id="21" guid="7a9c616c-18d3-4bd1-9737-158c385dc578" status="true" />
      <Event eventName="TriggerParticleTick" time="0.050" isDuration="false" guid="d6ece555-7e88-4aa3-accf-b750d6eb51c3">
        <TemplateObject name="targetId" objectName="None" id="-1" isTemp="false" refParamName="" useRefParam="false" />
        <TemplateObject name="objectSpaceId" objectName="self" id="0" isTemp="false" refParamName="" useRefParam="false" />
        <String name="resourceName" value="prefab_skill_effects/hero_skill_effects/111_sunshangxiang/sunshangxiang_attack_03" refParamName="" useRefParam="false" />
        <Vector3 name="bindPosOffset" x="-0.200" y="1.200" z="0.500" refParamName="" useRefParam="false" />
        <EulerAngle name="bindRotOffset" x="270.000" y="0.000" z="0.000" refParamName="" useRefParam="false" />
        <Vector3i name="scalingInt" x="10000" y="10000" z="10000" refParamName="" useRefParam="false" />
        <bool name="applyActionSpeedToParticle" value="false" refParamName="" useRefParam="false" />
      </Event>
    </Track>
    <Track trackName="TriggerParticleTick0" eventType="TriggerParticleTick" guid="1414bd9d-4a3e-4263-81d9-d5b75fd19390" enabled="true" useRefParam="false" refParamName="" r="0.000" g="0.000" b="0.000" execOnForceStopped="false" execOnActionCompleted="false">
      <Event eventName="TriggerParticleTick" time="0.500" isDuration="false" guid="1e568d58-f36b-4500-b2c9-99269112f565">
        <TemplateObject name="targetId" objectName="None" id="-1" isTemp="false" refParamName="" useRefParam="false" />
        <TemplateObject name="objectSpaceId" objectName="self" id="0" isTemp="false" refParamName="" useRefParam="false" />
        <String name="resourceName" value="prefab_skill_effects/hero_skill_effects/111_sunshangxiang/sunshangxiang_attack_03" refParamName="" useRefParam="false" />
        <Vector3 name="bindPosOffset" x="-0.200" y="1.200" z="0.500" refParamName="" useRefParam="false" />
        <EulerAngle name="bindRotOffset" x="270.000" y="0.000" z="0.000" refParamName="" useRefParam="false" />
        <Vector3i name="scalingInt" x="10000" y="10000" z="10000" refParamName="" useRefParam="false" />
        <bool name="applyActionSpeedToParticle" value="false" refParamName="" useRefParam="false" />
      </Event>
    </Track>
    <Track trackName="TriggerParticleTick0" eventType="TriggerParticleTick" guid="d747a817-aa14-434f-ba16-60da867e02f9" enabled="true" useRefParam="false" refParamName="" r="0.000" g="0.000" b="0.000" execOnForceStopped="false" execOnActionCompleted="false">
      <Condition id="21" guid="7a9c616c-18d3-4bd1-9737-158c385dc578" status="true" />
      <Event eventName="TriggerParticleTick" time="0.050" isDuration="false" guid="7b2f4688-5202-4830-a07a-b0dae7ae5856">
        <TemplateObject name="targetId" objectName="None" id="-1" isTemp="false" refParamName="" useRefParam="false" />
        <TemplateObject name="objectSpaceId" objectName="self" id="0" isTemp="false" refParamName="" useRefParam="false" />
        <String name="resourceName" value="prefab_skill_effects/hero_skill_effects/111_sunshangxiang/sunshangxiang_attack_03" refParamName="" useRefParam="false" />
        <Vector3 name="bindPosOffset" x="-0.200" y="1.200" z="0.500" refParamName="" useRefParam="false" />
        <EulerAngle name="bindRotOffset" x="270.000" y="0.000" z="0.000" refParamName="" useRefParam="false" />
        <Vector3i name="scalingInt" x="10000" y="10000" z="10000" refParamName="" useRefParam="false" />
        <bool name="applyActionSpeedToParticle" value="false" refParamName="" useRefParam="false" />
      </Event>
    </Track>
    <Track trackName="SkillCDTriggerTick0" eventType="SkillCDTriggerTick" guid="77be38f1-1321-4220-939c-9ac91f01675c" enabled="true" useRefParam="false" refParamName="" r="0.000" g="0.000" b="0.000" execOnForceStopped="false" execOnActionCompleted="false">
      <Event eventName="SkillCDTriggerTick" time="0.500" isDuration="false" guid="702ed0fd-34a1-4c7f-807d-1eb7d035b57e">
        <TemplateObject name="targetId" objectName="self" id="0" isTemp="false" refParamName="" useRefParam="false" />
        <bool name="forbidTriggerRepeatedly" value="true" refParamName="" useRefParam="false" />
      </Event>
    </Track>
    <Track trackName="3s" eventType="SkillCDTriggerTick" guid="d9e2b8fa-408c-441d-b299-84b502e50610" enabled="true" useRefParam="false" refParamName="" r="0.000" g="0.000" b="0.000" execOnForceStopped="true" execOnActionCompleted="false">
      <Event eventName="SkillCDTriggerTick" time="0.000" isDuration="false" guid="6bcc78eb-a592-4eb2-a39c-ce33e69dfd93">
        <TemplateObject name="targetId" objectName="self" id="0" isTemp="false" refParamName="" useRefParam="false" />
        <bool name="forbidTriggerRepeatedly" value="true" refParamName="" useRefParam="false" />
        <int name="overrideCDValue" value="3000" refParamName="" useRefParam="false" />
      </Event>
    </Track>
    <Track trackName="SkillUseCacheTick12" eventType="SkillUseCacheTick" guid="f16c1ad3-1ad8-42be-b530-cfc15c0149aa" enabled="true" useRefParam="false" refParamName="" r="0.000" g="0.000" b="0.000" execOnForceStopped="false" execOnActionCompleted="false">
      <Event eventName="SkillUseCacheTick" time="0.600" isDuration="false" guid="98ee6098-3768-4476-ad5d-c9887d2d39a1">
        <TemplateObject name="targetId" objectName="self" id="0" isTemp="false" refParamName="" useRefParam="false" />
      </Event>
    </Track>
    <Track trackName="PlayHeroSoundTick95" eventType="PlayHeroSoundTick" guid="d508b632-5a33-43cf-a4ad-3c2275285549" enabled="true" useRefParam="false" refParamName="" r="0.000" g="0.000" b="0.000" execOnForceStopped="false" execOnActionCompleted="false">
      <Event eventName="PlayHeroSoundTick" time="0.000" isDuration="false" guid="73567402-7c89-4f94-8b40-9948586ad23c">
        <TemplateObject name="targetId" objectName="self" id="0" isTemp="false" refParamName="" useRefParam="false" />
        <TemplateObject name="sourceId" objectName="self" id="0" isTemp="false" refParamName="" useRefParam="false" />
        <String name="eventName" value="SunShangXiang_Skill_C" refParamName="" useRefParam="false" />
        <Array name="extraSkinId" refParamName="" useRefParam="false" type="uint">
          <uint value="13" />
          <uint value="14" />
          <uint value="15" />
        </Array>
      </Event>
    </Track>
    <Track trackName="CameraShakeDuration0" eventType="CameraShakeDuration" guid="029df97d-85f0-4ca4-8b0c-38a08920a4b0" enabled="true" useRefParam="false" refParamName="" r="0.000" g="0.000" b="0.000" execOnForceStopped="false" execOnActionCompleted="false">
      <Event eventName="CameraShakeDuration" time="0.500" length="0.200" isDuration="true" guid="40f63a88-ae1f-4831-a1c0-8216646a9c7d">
        <bool name="useMainCamera" value="true" refParamName="" useRefParam="false" />
        <bool name="filter_self" value="true" refParamName="" useRefParam="false" />
        <bool name="canBeCover" value="false" refParamName="" useRefParam="false" />
        <Vector3 name="shakeRange" x="0.250" y="0.250" z="0.250" refParamName="" useRefParam="false" />
      </Event>
    </Track>
    <Track trackName="PlayHeroSoundTick21" eventType="PlayHeroSoundTick" guid="b91cfefe-e987-413a-88ec-302a235bef61" enabled="true" useRefParam="false" refParamName="" r="0.000" g="0.000" b="0.000" execOnForceStopped="false" execOnActionCompleted="false">
      <Event eventName="PlayHeroSoundTick" time="0.000" isDuration="false" guid="ee120165-531b-4115-87b8-c6c26b7073ae">
        <TemplateObject name="targetId" objectName="self" id="0" isTemp="false" refParamName="" useRefParam="false" />
        <TemplateObject name="sourceId" objectName="self" id="0" isTemp="false" refParamName="" useRefParam="false" />
        <String name="eventName" value="Play_SunShangXiang_VO_Skill_C" refParamName="" useRefParam="false" />
        <Array name="extraSkinId" refParamName="" useRefParam="false" type="uint">
          <uint value="13" />
          <uint value="14" />
          <uint value="15" />
        </Array>
      </Event>
    </Track>
    <Track trackName="TriggerParticleTick0" eventType="TriggerParticleTick" guid="ff83cc0e-decf-449e-94e2-cf74a2298df4" enabled="true" useRefParam="false" refParamName="" r="0.000" g="0.000" b="0.000" execOnForceStopped="false" execOnActionCompleted="false">
      <Event eventName="TriggerParticleTick" time="0.000" isDuration="false" guid="42d3aa11-7988-435f-a542-3e36a3577037">
        <TemplateObject name="targetId" objectName="None" id="-1" isTemp="false" refParamName="" useRefParam="false" />
        <TemplateObject name="objectSpaceId" objectName="self" id="0" isTemp="false" refParamName="" useRefParam="false" />
        <String name="resourceName" value="prefab_skill_effects/hero_skill_effects/111_sunshangxiang/T2_sunshangxiang_attack_03_tishen" refParamName="" useRefParam="false" />
        <float name="lifeTime" value="1.500" refParamName="" useRefParam="false" />
        <Vector3i name="scalingInt" x="10000" y="10000" z="10000" refParamName="" useRefParam="false" />
        <bool name="bAllowEmptyEffect" value="true" refParamName="" useRefParam="false" />
      </Event>
    </Track>
    <Track trackName="TriggerParticleTick0" eventType="TriggerParticleTick" guid="abc8be00-d9d5-4d99-9dca-78002e596797" enabled="true" useRefParam="false" refParamName="" r="0.000" g="0.000" b="0.000" execOnForceStopped="false" execOnActionCompleted="false">
      <Event eventName="TriggerParticleTick" time="0.000" isDuration="false" guid="746fdbce-71df-41db-a3e1-b3976814c003">
        <TemplateObject name="targetId" objectName="None" id="-1" isTemp="false" refParamName="" useRefParam="false" />
        <TemplateObject name="objectSpaceId" objectName="self" id="0" isTemp="false" refParamName="" useRefParam="false" />
        <String name="resourceName" value="prefab_skill_effects/hero_skill_effects/111_sunshangxiang/T2_sunshangxiang_attack_03" refParamName="" useRefParam="false" />
        <float name="lifeTime" value="2.000" refParamName="" useRefParam="false" />
        <Vector3 name="bindPosOffset" x="-0.200" y="1.200" z="0.500" refParamName="" useRefParam="false" />
        <EulerAngle name="bindRotOffset" x="270.000" y="0.000" z="0.000" refParamName="" useRefParam="false" />
        <Vector3i name="scalingInt" x="10000" y="10000" z="10000" refParamName="" useRefParam="false" />
        <bool name="applyActionSpeedToParticle" value="false" refParamName="" useRefParam="false" />
        <bool name="bAllowEmptyEffect" value="true" refParamName="" useRefParam="false" />
      </Event>
    </Track>
    <Track trackName="TriggerParticle0" eventType="TriggerParticle" guid="8e8227d6-eb36-4e46-8cdb-dbb77ec4635b" enabled="true" useRefParam="false" refParamName="" r="0.000" g="0.000" b="0.000" execOnForceStopped="false" execOnActionCompleted="false">
      <Event eventName="TriggerParticle" time="0.000" length="1.000" isDuration="true" guid="f20a7bb8-8d06-4610-8007-5216482a5312">
        <TemplateObject name="targetId" objectName="self" id="0" isTemp="false" refParamName="" useRefParam="false" />
        <TemplateObject name="objectSpaceId" objectName="self" id="0" isTemp="false" refParamName="" useRefParam="false" />
        <String name="resourceName" value="prefab_skill_effects/hero_skill_effects/111_sunshangxiang/T3_Sunshuangxiang_skill_01_buff_01" refParamName="" useRefParam="false" />
        <String name="bindPointName" value="Bone_Pao05" refParamName="" useRefParam="false" />
        <Vector3i name="scalingInt" x="10000" y="10000" z="10000" refParamName="" useRefParam="false" />
        <bool name="bUseRealScaling" value="true" refParamName="" useRefParam="false" />
        <bool name="bAllowEmptyEffect" value="true" refParamName="" useRefParam="false" />
        <String name="syncAnimationName" value="" refParamName="" useRefParam="false" />
        <String name="customTagName" value="" refParamName="" useRefParam="false" />
      </Event>
    </Track>
    <Track trackName="TriggerParticleTick0" eventType="TriggerParticleTick" guid="f33baa3c-2b9e-4fbb-8650-dacb612888ba" enabled="true" useRefParam="false" refParamName="" r="0.000" g="0.000" b="0.000" execOnForceStopped="false" execOnActionCompleted="false">
      <Event eventName="TriggerParticleTick" time="0.000" isDuration="false" guid="0db1a5c3-e870-460b-8fff-4b11c1213493">
        <TemplateObject name="targetId" objectName="None" id="-1" isTemp="false" refParamName="" useRefParam="false" />
        <TemplateObject name="objectSpaceId" objectName="self" id="0" isTemp="false" refParamName="" useRefParam="false" />
        <String name="resourceName" value="prefab_skill_effects/hero_skill_effects/111_sunshangxiang/T3_Sunshuangxiang_skill_03_attack_01" refParamName="" useRefParam="false" />
        <float name="lifeTime" value="1.500" refParamName="" useRefParam="false" />
        <Vector3i name="scalingInt" x="10000" y="10000" z="10000" refParamName="" useRefParam="false" />
        <bool name="bAllowEmptyEffect" value="true" refParamName="" useRefParam="false" />
      </Event>
    </Track>
    <Track trackName="CommonSkillProcessBarDuration15" eventType="CommonSkillProcessBarDuration" guid="5bc557ab-e4f4-4bf6-be20-cae97579d2f2" enabled="true" useRefParam="false" refParamName="" r="0.000" g="0.000" b="0.000" execOnForceStopped="false" execOnActionCompleted="false">
      <Event eventName="CommonSkillProcessBarDuration" time="0.000" length="0.500" isDuration="true" guid="fbb15fd9-fb43-42c7-977d-548b96947910">
        <TemplateObject name="targetId" objectName="self" id="0" isTemp="false" refParamName="" useRefParam="false" />
        <int name="width" value="150" refParamName="" useRefParam="false" />
      </Event>
    </Track>
  </Action>
</Project>