﻿<?xml version="1.0" encoding="utf-8"?>
<Project>
  <TemplateObjectList>
    <TemplateObject objectName="self" id="0" isTemp="false" />
    <TemplateObject objectName="target" id="1" isTemp="false" />
  </TemplateObjectList>
  <RefParamList>
    <Vector3i name="_TargetDir" x="0" y="0" z="0" refParamName="" useRefParam="false" />
    <Vector3i name="_TargetPos" x="0" y="0" z="0" refParamName="" useRefParam="false" />
  </RefParamList>
  <Action tag="" length="4.500" loop="false">
    <Track trackName="PlayAnimationTick0" eventType="PlayAnimationTick" guid="786f1ad6-fd57-4adc-b724-9b335c23e7ad" enabled="true" useRefParam="false" refParamName="" r="0.000" g="0.000" b="0.000" execOnForceStopped="false" execOnActionCompleted="false">
      <Event eventName="PlayAnimationTick" time="0.000" isDuration="false" guid="5d88599f-63d2-45f1-aa16-84cf79bae1a0">
        <TemplateObject name="targetId" objectName="self" id="0" isTemp="false" refParamName="" useRefParam="false" />
        <String name="clipName" value="Dead" refParamName="" useRefParam="false" />
        <float name="crossFadeTime" value="0.100" refParamName="" useRefParam="false" />
        <int name="layer" value="0" refParamName="" useRefParam="false" />
      </Event>
    </Track>
    <Track trackName="PlayHeroSoundTick7" eventType="PlayHeroSoundTick" guid="e7fff379-b19a-4527-b49e-e3535b2cae57" enabled="true" useRefParam="false" refParamName="" r="0.000" g="0.000" b="0.000" execOnForceStopped="false" execOnActionCompleted="false">
      <Event eventName="PlayHeroSoundTick" time="0.000" isDuration="false" guid="62897448-20d6-440b-a07e-d2ddee5d2c0b">
        <TemplateObject name="targetId" objectName="self" id="0" isTemp="false" refParamName="" useRefParam="false" />
        <TemplateObject name="sourceId" objectName="self" id="0" isTemp="false" refParamName="" useRefParam="false" />
        <String name="eventName" value="JingKe_VO_Dead" refParamName="" useRefParam="false" />
        <Array name="extraSkinId" refParamName="" useRefParam="false" type="uint">
          <uint value="35" />
          <uint value="36" />
          <uint value="37" />
          <uint value="6" />
          <uint value="11" />
          <uint value="13" />
          <uint value="14" />
          <uint value="15" />
        </Array>
      </Event>
    </Track>
    <Track trackName="TriggerParticleTick0" eventType="TriggerParticleTick" guid="86c3da97-a337-42b5-bc12-90f675870cf1" enabled="true" useRefParam="false" refParamName="" r="0.000" g="0.000" b="0.000" execOnForceStopped="false" execOnActionCompleted="false" SkinAvatarFilterType="9">
      <Condition id="-1" guid="dd5403cf-4e69-4aa4-9fe9-346b5d23940e" status="true" />
      <Event eventName="TriggerParticleTick" time="0.000" isDuration="false" guid="26dc1ec1-ed57-4ccc-a740-bde5b0cb68c7">
        <TemplateObject name="targetId" objectName="self" id="0" isTemp="false" refParamName="" useRefParam="false" />
        <String name="resourceName" value="prefab_skill_effects/hero_skill_effects/116_jingke/jingke_dead_01" refParamName="" useRefParam="false" />
        <float name="lifeTime" value="3.000" refParamName="" useRefParam="false" />
        <Vector3i name="scalingInt" x="10000" y="10000" z="10000" refParamName="" useRefParam="false" />
        <bool name="applyActionSpeedToAnimation" value="true" refParamName="" useRefParam="false" />
      </Event>
      <SkinOrAvatarList id="11607" />
      <SkinOrAvatarList id="11600" />
      <SkinOrAvatarList id="11601" />
      <SkinOrAvatarList id="11602" />
      <SkinOrAvatarList id="11603" />
      <SkinOrAvatarList id="11604" />
      <SkinOrAvatarList id="11605" />
      <SkinOrAvatarList id="11606" />
      <SkinOrAvatarList id="11608" />
      <SkinOrAvatarList id="11609" />
      <SkinOrAvatarList id="11610" />
      <SkinOrAvatarList id="11611" />
      <SkinOrAvatarList id="11612" />
      <SkinOrAvatarList id="11613" />
      <SkinOrAvatarList id="11614" />
      <SkinOrAvatarList id="11615" />
      <SkinOrAvatarList id="11616" />
      <SkinOrAvatarList id="11617" />
      <SkinOrAvatarList id="11618" />
      <SkinOrAvatarList id="11619" />
      <SkinOrAvatarList id="11620" />
      <SkinOrAvatarList id="11621" />
      <SkinOrAvatarList id="11622" />
      <SkinOrAvatarList id="11623" />
      <SkinOrAvatarList id="11624" />
    </Track>
    <Track trackName="TriggerParticleTick0" eventType="TriggerParticleTick" guid="79d2c276-688e-4a15-a3df-1cdda2362393" enabled="true" useRefParam="false" refParamName="" r="0.000" g="0.000" b="0.000" execOnForceStopped="false" execOnActionCompleted="false" SkinAvatarFilterType="9">
      <Condition id="-1" guid="bf5e328e-0093-451a-885f-1b51dec6934a" status="true" />
      <Event eventName="TriggerParticleTick" time="0.000" isDuration="false" guid="0cf37bcb-8875-4da7-8d48-996d5a6461c3">
        <TemplateObject name="targetId" objectName="self" id="0" isTemp="false" refParamName="" useRefParam="false" />
        <String name="resourceName" value="prefab_skill_effects/hero_skill_effects/116_jingke/jingke_dead_01" refParamName="" useRefParam="false" />
        <float name="lifeTime" value="5.000" refParamName="" useRefParam="false" />
        <Vector3i name="scalingInt" x="10000" y="10000" z="10000" refParamName="" useRefParam="false" />
        <bool name="applyActionSpeedToAnimation" value="true" refParamName="" useRefParam="false" />
      </Event>
      <SkinOrAvatarList id="11611" />
    </Track>
  </Action>
</Project>