﻿<?xml version="1.0" encoding="utf-8"?>
<Project>
  <TemplateObjectList>
    <TemplateObject objectName="self" id="0" isTemp="false" />
    <TemplateObject objectName="target" id="1" isTemp="false" />
    <TemplateObject objectName="bullet" id="2" isTemp="true" />
    <TemplateObject objectName="bullet2" id="3" isTemp="true" />
  </TemplateObjectList>
  <RefParamList>
    <Vector3i name="targetdir" x="0" y="0" z="0" refParamName="" useRefParam="false" />
    <Vector3i name="_TargetPos" x="0" y="0" z="0" refParamName="" useRefParam="false" />
  </RefParamList>
  <Action tag="" length="1.500" loop="false">
    <Track trackName="ForbidAbilityDuration0" eventType="ForbidAbilityDuration" guid="ef83c52f-dabe-48fc-b788-c62d0b1ef8df" enabled="true" useRefParam="false" refParamName="" r="0.000" g="0.000" b="0.000" execOnForceStopped="false" execOnActionCompleted="false" stopAfterLastEvent="true">
      <Event eventName="ForbidAbilityDuration" time="0.000" length="0.533" isDuration="true" guid="d2f9a4f0-7a79-440a-9532-25d89600bf48">
        <TemplateObject name="attackerId" objectName="self" id="0" isTemp="false" refParamName="" useRefParam="false" />
      </Event>
    </Track>
    <Track trackName="SkillInputCacheDuration48" eventType="SkillInputCacheDuration" guid="86746fb8-0b63-47e0-90d2-b05dcabe1a32" enabled="true" useRefParam="false" refParamName="" r="0.000" g="0.000" b="0.000" execOnForceStopped="false" execOnActionCompleted="false" stopAfterLastEvent="true">
      <Event eventName="SkillInputCacheDuration" time="0.000" length="0.533" isDuration="true" guid="239af445-6fd7-480c-b8dc-b98547ea9902">
        <TemplateObject name="targetId" objectName="self" id="0" isTemp="false" refParamName="" useRefParam="false" />
        <bool name="cacheSkill" value="true" refParamName="" useRefParam="false" />
        <bool name="cacheMove" value="true" refParamName="" useRefParam="false" />
      </Event>
    </Track>
    <Track trackName="RemoveBuffTick0" eventType="RemoveBuffTick" guid="fbd944b8-465a-4d58-bb07-004436e65ada" enabled="true" useRefParam="false" refParamName="" r="0.000" g="0.000" b="0.000" execOnForceStopped="false" execOnActionCompleted="false" stopAfterLastEvent="true">
      <Event eventName="RemoveBuffTick" time="0.000" isDuration="false" guid="b71a0cd2-62cd-46ca-83e2-4fced1452041">
        <TemplateObject name="targetId" objectName="self" id="0" isTemp="false" refParamName="" useRefParam="false" />
        <int name="buffId" value="136800" refParamName="" useRefParam="false" />
        <int name="BuffLayer" value="1" refParamName="" useRefParam="false" />
      </Event>
    </Track>
    <Track trackName="RemoveBuffTick0" eventType="RemoveBuffTick" guid="76327839-5b24-481c-9c20-4c60f7c67047" enabled="true" useRefParam="false" refParamName="" r="0.000" g="0.000" b="0.000" execOnForceStopped="false" execOnActionCompleted="false" stopAfterLastEvent="true">
      <Event eventName="RemoveBuffTick" time="0.000" isDuration="false" guid="6340d1cc-70f7-40f7-9c34-d3c7f1f096e4">
        <TemplateObject name="targetId" objectName="self" id="0" isTemp="false" refParamName="" useRefParam="false" />
        <int name="buffId" value="136801" refParamName="" useRefParam="false" />
        <int name="BuffLayer" value="1" refParamName="" useRefParam="false" />
      </Event>
    </Track>
    <Track trackName="RemoveBuffTick0" eventType="RemoveBuffTick" guid="d55bc9a5-0eff-4857-aec9-89087b104a3c" enabled="true" useRefParam="false" refParamName="" r="0.000" g="0.000" b="0.000" execOnForceStopped="false" execOnActionCompleted="false" stopAfterLastEvent="true">
      <Event eventName="RemoveBuffTick" time="0.000" isDuration="false" guid="9825b2a9-28e9-4b8d-895a-a3426f84e2a1">
        <TemplateObject name="targetId" objectName="self" id="0" isTemp="false" refParamName="" useRefParam="false" />
        <int name="buffId" value="136802" refParamName="" useRefParam="false" />
        <int name="BuffLayer" value="1" refParamName="" useRefParam="false" />
      </Event>
    </Track>
    <Track trackName="RemoveBuffTick0" eventType="RemoveBuffTick" guid="a6feea8d-3069-4932-8f35-6f0688d5d052" enabled="true" useRefParam="false" refParamName="" r="0.000" g="0.000" b="0.000" execOnForceStopped="false" execOnActionCompleted="false" stopAfterLastEvent="true">
      <Event eventName="RemoveBuffTick" time="0.000" isDuration="false" guid="6f5ffba9-4339-4a19-95d8-2b57626a9a0f">
        <TemplateObject name="targetId" objectName="self" id="0" isTemp="false" refParamName="" useRefParam="false" />
        <int name="buffId" value="136803" refParamName="" useRefParam="false" />
        <int name="BuffLayer" value="1" refParamName="" useRefParam="false" />
      </Event>
    </Track>
    <Track trackName="RemoveBuffTick0" eventType="RemoveBuffTick" guid="2a8bf895-68c8-4bd4-bede-4b7b40009eeb" enabled="true" useRefParam="false" refParamName="" r="0.000" g="0.000" b="0.000" execOnForceStopped="false" execOnActionCompleted="false" stopAfterLastEvent="true">
      <Event eventName="RemoveBuffTick" time="0.000" isDuration="false" guid="a323703c-990e-4ae9-bb8d-a5ad35b3c64a">
        <TemplateObject name="targetId" objectName="self" id="0" isTemp="false" refParamName="" useRefParam="false" />
        <int name="buffId" value="136804" refParamName="" useRefParam="false" />
        <int name="BuffLayer" value="1" refParamName="" useRefParam="false" />
      </Event>
    </Track>
    <Track trackName="RemoveBuffTick0" eventType="RemoveBuffTick" guid="0532fc2e-a8b4-4d76-9663-bd7d13b3bcd9" enabled="true" useRefParam="false" refParamName="" r="0.000" g="0.000" b="0.000" execOnForceStopped="false" execOnActionCompleted="false" stopAfterLastEvent="true">
      <Event eventName="RemoveBuffTick" time="0.000" isDuration="false" guid="e4cf55ba-854e-4c26-9a50-adddba475f91">
        <TemplateObject name="targetId" objectName="self" id="0" isTemp="false" refParamName="" useRefParam="false" />
        <int name="buffId" value="136805" refParamName="" useRefParam="false" />
        <int name="BuffLayer" value="1" refParamName="" useRefParam="false" />
      </Event>
    </Track>
    <Track trackName="HitTriggerTick0" eventType="HitTriggerTick" guid="6ebcd1f3-4014-420d-9c68-e1b403db0b4f" enabled="true" useRefParam="false" refParamName="" r="0.000" g="0.000" b="0.000" execOnForceStopped="false" execOnActionCompleted="false" stopAfterLastEvent="true">
      <Event eventName="HitTriggerTick" time="0.000" isDuration="false" guid="4e982dc0-423f-47bd-8b9d-731ccf89ad16">
        <TemplateObject name="targetId" objectName="self" id="0" isTemp="false" refParamName="" useRefParam="false" />
        <int name="SelfSkillCombineID_1" value="136804" refParamName="" useRefParam="false" />
        <int name="SelfSkillCombineID_2" value="136808" refParamName="" useRefParam="false" />
      </Event>
    </Track>
    <Track trackName="PlayAnimDuration0" eventType="PlayAnimDuration" guid="036b40ff-08d6-415a-9d97-97e0942d2aee" enabled="true" useRefParam="false" refParamName="" r="0.000" g="0.000" b="0.000" execOnForceStopped="false" execOnActionCompleted="false" stopAfterLastEvent="true">
      <Event eventName="PlayAnimDuration" time="0.000" length="1.500" isDuration="true" guid="b36b57d4-a7eb-46d3-9b37-fd0f30850254">
        <TemplateObject name="targetId" objectName="self" id="0" isTemp="false" refParamName="" useRefParam="false" />
        <String name="clipName" value="Spell2" refParamName="" useRefParam="false" />
        <int name="layer" value="2" refParamName="" useRefParam="false" />
        <float name="crossFadeTime" value="0.133" refParamName="" useRefParam="false" />
        <bool name="bUseFadeOutTime" value="true" refParamName="" useRefParam="false" />
        <float name="fadeOutTime" value="0.200" refParamName="" useRefParam="false" />
      </Event>
    </Track>
    <Track trackName="CheckConditionDuration0" eventType="CheckConditionDuration" guid="1ae18598-0516-42ad-8826-8c54d10a277a" enabled="true" useRefParam="false" refParamName="" r="0.000" g="0.000" b="0.000" execOnForceStopped="false" execOnActionCompleted="false" stopAfterLastEvent="true">
      <Event eventName="CheckConditionDuration" time="0.533" length="0.967" isDuration="true" guid="3ac27b9b-74a1-43cc-bf43-3be62828d091">
        <TemplateObject name="targetId" objectName="self" id="0" isTemp="false" refParamName="" useRefParam="false" />
        <Enum name="operatorMethod" value="0" EnumValue="大于" refParamName="" useRefParam="false" />
        <bool name="bActorMoving" value="true" refParamName="" useRefParam="false" />
      </Event>
    </Track>
    <Track trackName="StopTrack0" eventType="StopTrack" guid="ac7e9027-ec72-45c6-90e0-caa9f4635a52" enabled="true" useRefParam="false" refParamName="" r="0.000" g="0.000" b="0.000" execOnForceStopped="false" execOnActionCompleted="false" stopAfterLastEvent="true">
      <Condition id="10" guid="1ae18598-0516-42ad-8826-8c54d10a277a" status="true" />
      <Event eventName="StopTrack" time="0.000" isDuration="false" guid="901a9950-4b21-4f63-abf7-4295d7985368">
        <TrackObject name="trackId" id="9" guid="036b40ff-08d6-415a-9d97-97e0942d2aee" refParamName="" useRefParam="false" />
      </Event>
    </Track>
    <Track trackName="印记" eventType="HitTriggerTick" guid="dc7929dc-efc0-4c34-9e4b-532b40118f19" enabled="true" useRefParam="false" refParamName="" r="0.000" g="0.000" b="0.000" execOnForceStopped="false" execOnActionCompleted="false" stopAfterLastEvent="true">
      <Event eventName="HitTriggerTick" time="0.000" isDuration="false" guid="9bfd36e3-2f72-4f54-8cfd-47a4b2fbae12">
        <TemplateObject name="targetId" objectName="self" id="0" isTemp="false" refParamName="" useRefParam="false" />
        <int name="SelfSkillCombineID_1" value="136900" refParamName="" useRefParam="false" />
        <TemplateObject name="triggerId" objectName="self" id="0" isTemp="false" refParamName="" useRefParam="false" />
      </Event>
    </Track>
    <Track trackName="SkillCDTriggerTick0" eventType="SkillCDTriggerTick" guid="77be38f1-1321-4220-939c-9ac91f01675c" enabled="false" useRefParam="false" refParamName="" r="0.000" g="0.000" b="0.000" execOnForceStopped="false" execOnActionCompleted="false" stopAfterLastEvent="true">
      <Event eventName="SkillCDTriggerTick" time="0.000" isDuration="false" guid="e20950f9-e5e7-4c2a-9710-2c181b3580b9">
        <TemplateObject name="targetId" objectName="self" id="0" isTemp="false" refParamName="" useRefParam="false" />
      </Event>
    </Track>
    <Track trackName="SkillUseCacheTick12" eventType="SkillUseCacheTick" guid="f16c1ad3-1ad8-42be-b530-cfc15c0149aa" enabled="true" useRefParam="false" refParamName="" r="0.000" g="0.000" b="0.000" execOnForceStopped="false" execOnActionCompleted="false" stopAfterLastEvent="true">
      <Event eventName="SkillUseCacheTick" time="0.533" isDuration="false" guid="8488dc23-8307-43bb-862f-ca7d17633ff5">
        <TemplateObject name="targetId" objectName="self" id="0" isTemp="false" refParamName="" useRefParam="false" />
        <bool name="excuteMoveCmd" value="true" refParamName="" useRefParam="false" />
      </Event>
    </Track>
    <Track trackName="SpawnObjectDuration2" eventType="SpawnObjectDuration" guid="caea99a2-1ea4-445f-a01e-494e7a02c15d" enabled="true" useRefParam="false" refParamName="" r="0.000" g="0.000" b="0.000" execOnForceStopped="false" execOnActionCompleted="false" stopAfterLastEvent="true">
      <Event eventName="SpawnObjectDuration" time="0.000" length="0.333" isDuration="true" guid="424d1add-dadf-44b6-904c-d48fc32a2eca">
        <TemplateObject name="targetId" objectName="bullet" id="2" isTemp="true" refParamName="" useRefParam="false" />
        <TemplateObject name="parentId" objectName="self" id="0" isTemp="false" refParamName="" useRefParam="false" />
        <TemplateObject name="objectSpaceId" objectName="self" id="0" isTemp="false" refParamName="" useRefParam="false" />
        <String name="prefabName" value="prefab_characters/commonempty" refParamName="" useRefParam="false" />
        <bool name="modifyDirection" value="true" refParamName="" useRefParam="false" />
        <Vector3i name="direction" x="0" y="0" z="0" refParamName="" useRefParam="false" />
        <TemplateObject name="materialParentActorId" objectName="self" id="0" isTemp="false" refParamName="" useRefParam="false" />
        <TemplateObject name="visionActorId" objectName="self" id="0" isTemp="false" refParamName="" useRefParam="false" />
        <TemplateObject name="recordTargeID" objectName="None" id="-1" isTemp="false" refParamName="" useRefParam="false" />
      </Event>
    </Track>
    <Track trackName="SetCollisionTick0" eventType="SetCollisionTick" guid="8226a1c9-8deb-4f54-accf-c1d21730b400" enabled="true" useRefParam="false" refParamName="" r="0.000" g="0.000" b="0.000" execOnForceStopped="false" execOnActionCompleted="false" stopAfterLastEvent="true">
      <Event eventName="SetCollisionTick" time="0.000" isDuration="false" guid="888e1052-d099-4c23-bedb-365dd520c8ad">
        <TemplateObject name="targetId" objectName="bullet" id="2" isTemp="true" refParamName="" useRefParam="false" />
        <Enum name="type" value="1" EnumValue="SPHERE" refParamName="" useRefParam="false" />
        <Vector3i name="Size" x="0" y="0" z="0" refParamName="" useRefParam="false" />
        <int name="Radius" value="6000" refParamName="" useRefParam="false" />
        <int name="Rotation" value="160" refParamName="" useRefParam="false" />
      </Event>
    </Track>
    <Track trackName="HitTriggerDuration2" eventType="HitTriggerDuration" guid="bb692f01-7cbc-44a9-8dab-11f20e87bcd1" enabled="true" useRefParam="false" refParamName="" r="0.000" g="0.000" b="0.000" execOnForceStopped="false" execOnActionCompleted="false" stopAfterLastEvent="true">
      <Event eventName="HitTriggerDuration" time="0.000" length="0.200" isDuration="true" guid="7ef74465-7353-45a5-980e-b719431be9f2">
        <TemplateObject name="triggerId" objectName="bullet" id="2" isTemp="true" refParamName="" useRefParam="false" />
        <TemplateObject name="attackerId" objectName="self" id="0" isTemp="false" refParamName="" useRefParam="false" />
        <int name="triggerInterval" value="200" refParamName="" useRefParam="false" />
        <int name="TriggerActorInterval" value="200" refParamName="" useRefParam="false" />
        <bool name="bFileterOrgan" value="true" refParamName="" useRefParam="false" />
        <TemplateObject name="bulletID" objectName="None" id="-1" isTemp="false" refParamName="" useRefParam="false" />
        <int name="TriggerActorCount" value="32" refParamName="" useRefParam="false" />
        <int name="CollideMaxCount" value="1" refParamName="" useRefParam="false" />
        <int name="MaxTriggerCount" value="1" refParamName="" useRefParam="false" />
        <int name="TargetSkillCombine_1" value="136200" refParamName="" useRefParam="false" />
        <int name="TargetSkillCombine_2" value="136290" refParamName="" useRefParam="false" />
        <String name="BulletActionName" value="" refParamName="" useRefParam="false" />
      </Event>
    </Track>
    <Track trackName="击中英雄印记" eventType="HitTriggerDuration" guid="cc9db2a5-9ff5-4bdd-b39c-c8d10dabd48e" enabled="true" useRefParam="false" refParamName="" r="0.000" g="0.000" b="0.000" execOnForceStopped="false" execOnActionCompleted="false" stopAfterLastEvent="true">
      <Event eventName="HitTriggerDuration" time="0.000" length="0.200" isDuration="true" guid="d123a0ec-cc52-452e-8903-1030ff7ad0be">
        <TemplateObject name="triggerId" objectName="bullet" id="2" isTemp="true" refParamName="" useRefParam="false" />
        <TemplateObject name="attackerId" objectName="self" id="0" isTemp="false" refParamName="" useRefParam="false" />
        <int name="triggerInterval" value="200" refParamName="" useRefParam="false" />
        <int name="TriggerActorInterval" value="200" refParamName="" useRefParam="false" />
        <bool name="bFileterMonter" value="true" refParamName="" useRefParam="false" />
        <bool name="bFileterOrgan" value="true" refParamName="" useRefParam="false" />
        <TemplateObject name="bulletID" objectName="None" id="-1" isTemp="false" refParamName="" useRefParam="false" />
        <int name="TriggerActorCount" value="1" refParamName="" useRefParam="false" />
        <int name="CollideMaxCount" value="1" refParamName="" useRefParam="false" />
        <int name="MaxTriggerCount" value="1" refParamName="" useRefParam="false" />
        <int name="MaxSelfBuffCount" value="1" refParamName="" useRefParam="false" />
        <int name="SelfSkillCombineID_1" value="136900" refParamName="" useRefParam="false" />
        <String name="BulletActionName" value="" refParamName="" useRefParam="false" />
      </Event>
    </Track>
    <Track trackName="TriggerParticleTick0" eventType="TriggerParticleTick" guid="0d42dc89-5d24-433d-a6f9-0eee474cb28f" enabled="false" useRefParam="false" refParamName="" r="0.000" g="0.000" b="0.000" execOnForceStopped="false" execOnActionCompleted="false" stopAfterLastEvent="true">
      <Event eventName="TriggerParticleTick" time="0.200" isDuration="false" guid="66a1bfa3-a2be-4ad6-9fda-41320a24c82f">
        <TemplateObject name="targetId" objectName="None" id="-1" isTemp="false" refParamName="" useRefParam="false" />
        <TemplateObject name="objectSpaceId" objectName="self" id="0" isTemp="false" refParamName="" useRefParam="false" />
        <String name="resourceName" value="prefab_skill_effects/hero_skill_effects/136_wuzetian/wuzetian_attack_spell02" refParamName="" useRefParam="false" />
        <float name="lifeTime" value="2.000" refParamName="" useRefParam="false" />
        <Vector3 name="bindPosOffset" x="0.000" y="1.000" z="0.000" refParamName="" useRefParam="false" />
        <Vector3i name="scalingInt" x="10000" y="10000" z="10000" refParamName="" useRefParam="false" />
      </Event>
    </Track>
    <Track trackName="检测是13613" eventType="CheckSkinIdTick" guid="06fe325b-70ac-4b9d-83c9-2afb9c371f20" enabled="true" useRefParam="false" refParamName="" r="0.000" g="0.000" b="0.000" execOnForceStopped="false" execOnActionCompleted="false" stopAfterLastEvent="true">
      <Event eventName="CheckSkinIdTick" time="0.000" isDuration="false" guid="64587c66-5085-411a-a36c-faa305b6b84e">
        <TemplateObject name="targetId" objectName="self" id="0" isTemp="false" refParamName="" useRefParam="false" />
        <int name="skinId" value="13613" refParamName="" useRefParam="false" />
        <bool name="bSkipLogicCheck" value="true" refParamName="" useRefParam="false" />
      </Event>
    </Track>
    <Track trackName="检测不是13613" eventType="CheckSkinIdTick" guid="8550169d-3f9e-492f-bbe0-3d6305370f80" enabled="true" useRefParam="false" refParamName="" r="0.000" g="0.000" b="0.000" execOnForceStopped="false" execOnActionCompleted="false" stopAfterLastEvent="true">
      <Event eventName="CheckSkinIdTick" time="0.000" isDuration="false" guid="feea3c45-c7b6-4e02-87c9-b53f12842948">
        <TemplateObject name="targetId" objectName="self" id="0" isTemp="false" refParamName="" useRefParam="false" />
        <int name="skinId" value="13613" refParamName="" useRefParam="false" />
        <bool name="bEqual" value="false" refParamName="" useRefParam="false" />
        <bool name="bSkipLogicCheck" value="true" refParamName="" useRefParam="false" />
      </Event>
    </Track>
    <Track trackName="检测不是13609" eventType="CheckSkinIdTick" guid="0c69c7ca-aabe-4b49-8831-b129a6b4cef3" enabled="true" useRefParam="false" refParamName="" r="0.000" g="0.000" b="0.000" execOnForceStopped="false" execOnActionCompleted="false" stopAfterLastEvent="true">
      <Event eventName="CheckSkinIdTick" time="0.000" isDuration="false" guid="cb52fc44-9095-4721-974f-7939b7a057ba">
        <TemplateObject name="targetId" objectName="self" id="0" isTemp="false" refParamName="" useRefParam="false" />
        <int name="skinId" value="13699" refParamName="" useRefParam="false" />
        <bool name="bSkipLogicCheck" value="true" refParamName="" useRefParam="false" />
      </Event>
    </Track>
    <Track trackName="检测13609" eventType="CheckSkinIdTick" guid="9be27a36-0b48-4ecb-a3e8-3724c0cb6779" enabled="true" useRefParam="false" refParamName="" r="0.000" g="0.000" b="0.000" execOnForceStopped="false" execOnActionCompleted="false" stopAfterLastEvent="true">
      <Event eventName="CheckSkinIdTick" time="0.000" isDuration="false" guid="5eea26c6-3a05-4b8e-9082-e010aca570d7">
        <TemplateObject name="targetId" objectName="self" id="0" isTemp="false" refParamName="" useRefParam="false" />
        <int name="skinId" value="13699" refParamName="" useRefParam="false" />
        <bool name="bEqual" value="false" refParamName="" useRefParam="false" />
        <bool name="bSkipLogicCheck" value="true" refParamName="" useRefParam="false" />
      </Event>
    </Track>
    <Track trackName="TriggerParticle0" eventType="TriggerParticle" guid="ef58f5dd-6170-4043-8c4e-29e32bda0410" enabled="true" useRefParam="false" refParamName="" r="0.000" g="0.000" b="0.000" execOnForceStopped="false" execOnActionCompleted="false" stopAfterLastEvent="true">
      <Condition id="22" guid="0c69c7ca-aabe-4b49-8831-b129a6b4cef3" status="true" />
      <Condition id="21" guid="8550169d-3f9e-492f-bbe0-3d6305370f80" status="true" />
      <Event eventName="TriggerParticle" time="0.000" length="1.500" isDuration="true" guid="e94cddda-cb3a-4bf0-92c7-b121d2494d47">
        <TemplateObject name="targetId" objectName="None" id="-1" isTemp="false" refParamName="" useRefParam="false" />
        <TemplateObject name="objectSpaceId" objectName="self" id="0" isTemp="false" refParamName="" useRefParam="false" />
        <String name="resourceName" value="prefab_skill_effects/hero_skill_effects/136_wuzetian/wuzetian_attack_spell02" refParamName="" useRefParam="false" />
        <Vector3 name="bindPosOffset" x="0.000" y="1.000" z="0.000" refParamName="" useRefParam="false" />
        <bool name="useScalingInt" value="true" refParamName="" useRefParam="false" />
        <Vector3i name="scalingInt" x="10500" y="10000" z="10500" refParamName="" useRefParam="false" />
        <bool name="bUseRealScaling" value="true" refParamName="" useRefParam="false" />
        <bool name="bOnlyFollowPos" value="true" refParamName="" useRefParam="false" />
        <bool name="b1stTickParentRot" value="true" refParamName="" useRefParam="false" />
        <bool name="enableMaxFollowTime" value="true" refParamName="" useRefParam="false" />
        <float name="maxFollowTime" value="0.133" refParamName="" useRefParam="false" />
        <String name="syncAnimationName" value="" refParamName="" useRefParam="false" />
        <String name="customTagName" value="" refParamName="" useRefParam="false" />
      </Event>
    </Track>
    <Track trackName="13609未缩放特效" eventType="TriggerParticle" guid="abde83c9-31ba-4871-81e0-8a980432692f" enabled="true" useRefParam="false" refParamName="" r="0.000" g="0.000" b="0.000" execOnForceStopped="false" execOnActionCompleted="false" stopAfterLastEvent="true">
      <Condition id="23" guid="9be27a36-0b48-4ecb-a3e8-3724c0cb6779" status="true" />
      <Event eventName="TriggerParticle" time="0.000" length="1.500" isDuration="true" guid="acdb7b8f-b0a1-4fc1-93a1-b779290ddb36">
        <TemplateObject name="targetId" objectName="None" id="-1" isTemp="false" refParamName="" useRefParam="false" />
        <TemplateObject name="objectSpaceId" objectName="self" id="0" isTemp="false" refParamName="" useRefParam="false" />
        <String name="resourceName" value="prefab_skill_effects/hero_skill_effects/136_wuzetian/wuzetian_attack_spell02" refParamName="" useRefParam="false" />
        <Vector3 name="bindPosOffset" x="0.000" y="1.000" z="0.000" refParamName="" useRefParam="false" />
        <Vector3i name="scalingInt" x="10500" y="10000" z="10500" refParamName="" useRefParam="false" />
        <bool name="bUseRealScaling" value="true" refParamName="" useRefParam="false" />
        <bool name="bOnlyFollowPos" value="true" refParamName="" useRefParam="false" />
        <bool name="b1stTickParentRot" value="true" refParamName="" useRefParam="false" />
        <bool name="enableMaxFollowTime" value="true" refParamName="" useRefParam="false" />
        <float name="maxFollowTime" value="0.133" refParamName="" useRefParam="false" />
        <String name="syncAnimationName" value="" refParamName="" useRefParam="false" />
        <String name="customTagName" value="" refParamName="" useRefParam="false" />
      </Event>
    </Track>
    <Track trackName="PlayHeroSoundTick4" eventType="PlayHeroSoundTick" guid="8d201c07-ca02-41a9-b734-0295010d8036" enabled="true" useRefParam="false" refParamName="" r="0.000" g="0.000" b="0.000" execOnForceStopped="false" execOnActionCompleted="false" stopAfterLastEvent="true">
      <Event eventName="PlayHeroSoundTick" time="0.000" isDuration="false" guid="f23bbb18-5ee1-4e13-a599-a9bb5021e7a2">
        <TemplateObject name="targetId" objectName="self" id="0" isTemp="false" refParamName="" useRefParam="false" />
        <TemplateObject name="sourceId" objectName="self" id="0" isTemp="false" refParamName="" useRefParam="false" />
        <String name="eventName" value="Play_WuZeTian_VO_Anger" refParamName="" useRefParam="false" />
      </Event>
    </Track>
    <Track trackName="加速" eventType="HitTriggerTick" guid="218b75ca-2495-41aa-943b-d89d97348c3f" enabled="true" useRefParam="false" refParamName="" r="0.000" g="0.000" b="0.000" execOnForceStopped="false" execOnActionCompleted="false" stopAfterLastEvent="true">
      <Condition id="17" guid="bb692f01-7cbc-44a9-8dab-11f20e87bcd1" status="true" />
      <Event eventName="HitTriggerTick" time="0.000" isDuration="false" guid="4308860b-4f5e-4a83-b1ef-1a791e3b54aa">
        <TemplateObject name="targetId" objectName="self" id="0" isTemp="false" refParamName="" useRefParam="false" />
        <int name="SelfSkillCombineID_1" value="136250" refParamName="" useRefParam="false" />
        <TemplateObject name="triggerId" objectName="None" id="-1" isTemp="false" refParamName="" useRefParam="false" />
      </Event>
    </Track>
    <Track trackName="印记2层条件" eventType="CheckSkillCombineConditionTick" guid="e1d4de19-bde3-41d9-9b92-50443d06e099" enabled="true" useRefParam="false" refParamName="" r="0.000" g="0.000" b="0.000" execOnForceStopped="false" execOnActionCompleted="false" stopAfterLastEvent="true">
      <Event eventName="CheckSkillCombineConditionTick" time="0.000" isDuration="false" guid="b5912558-7fec-4a5a-9115-d6a4b8207899">
        <TemplateObject name="targetId" objectName="self" id="0" isTemp="false" refParamName="" useRefParam="false" />
        <int name="skillCombineId" value="13600" refParamName="" useRefParam="false" />
        <Enum name="checkOPType" value="3" EnumValue="等于" refParamName="" useRefParam="false" />
        <int name="skillCombineLevel" value="2" refParamName="" useRefParam="false" />
        <bool name="bCheckSkillMark" value="true" refParamName="" useRefParam="false" />
      </Event>
    </Track>
    <Track trackName="重置S1冷却" eventType="HitTriggerTick" guid="c652c578-40f7-444a-8407-696d66ae66e7" enabled="true" useRefParam="false" refParamName="" r="0.000" g="0.000" b="0.000" execOnForceStopped="false" execOnActionCompleted="false" stopAfterLastEvent="true">
      <Condition id="28" guid="e1d4de19-bde3-41d9-9b92-50443d06e099" status="true" />
      <Event eventName="HitTriggerTick" time="0.000" isDuration="false" guid="607a3806-4548-4e81-8491-0de818a7c717">
        <TemplateObject name="targetId" objectName="self" id="0" isTemp="false" refParamName="" useRefParam="false" />
        <int name="SelfSkillCombineID_1" value="136910" refParamName="" useRefParam="false" />
        <TemplateObject name="triggerId" objectName="None" id="-1" isTemp="false" refParamName="" useRefParam="false" />
      </Event>
    </Track>
    <Track trackName="CreateRandomNumTick0" eventType="CreateRandomNumTick" guid="18c5ee54-a717-4680-a063-d306d524ce79" enabled="true" useRefParam="false" refParamName="" r="0.000" g="0.000" b="0.000" execOnForceStopped="false" execOnActionCompleted="false" stopAfterLastEvent="true">
      <Event eventName="CreateRandomNumTick" time="0.000" isDuration="false" guid="a8c72822-e3a2-457f-a580-7c59a43f7f6d">
        <int name="randomRangeBegin" value="1" refParamName="" useRefParam="false" />
        <int name="randomRangeEnd" value="3" refParamName="" useRefParam="false" />
        <String name="preCreateRandonNumName" value="random" refParamName="" useRefParam="false" />
      </Event>
    </Track>
    <Track trackName="CheckRandomRangeTick0" eventType="CheckRandomRangeTick" guid="1633c723-bd3a-4e71-a07a-f1e728c217f5" enabled="true" useRefParam="false" refParamName="" r="0.000" g="0.000" b="0.000" execOnForceStopped="false" execOnActionCompleted="false" stopAfterLastEvent="true">
      <Event eventName="CheckRandomRangeTick" time="0.000" isDuration="false" guid="b549315a-b831-49b6-9005-4f0434962ec5">
        <int name="checkRangeBegin" value="1" refParamName="" useRefParam="false" />
        <int name="checkRangeEnd" value="1" refParamName="" useRefParam="false" />
        <bool name="bUsePreCreateRandonNum" value="true" refParamName="" useRefParam="false" />
        <String name="preCreateRandonNumName" value="random" refParamName="" useRefParam="false" />
      </Event>
    </Track>
    <Track trackName="TriggerParticle0" eventType="TriggerParticle" guid="96cab6eb-136d-4a62-b101-b027d430dd9f" enabled="true" useRefParam="false" refParamName="" r="0.000" g="0.000" b="0.000" execOnForceStopped="false" execOnActionCompleted="false" stopAfterLastEvent="true">
      <Condition id="31" guid="1633c723-bd3a-4e71-a07a-f1e728c217f5" status="true" />
      <Condition id="20" guid="06fe325b-70ac-4b9d-83c9-2afb9c371f20" status="true" />
      <Event eventName="TriggerParticle" time="0.000" length="1.500" isDuration="true" guid="a9137cd0-b9da-4f58-9e1f-7cd69492ecd0">
        <TemplateObject name="targetId" objectName="None" id="-1" isTemp="false" refParamName="" useRefParam="false" />
        <TemplateObject name="objectSpaceId" objectName="self" id="0" isTemp="false" refParamName="" useRefParam="false" />
        <String name="resourceName" value="prefab_skill_effects/hero_skill_effects/136_wuzetian/wuzetian_attack_spell02" refParamName="" useRefParam="false" />
        <Vector3 name="bindPosOffset" x="0.000" y="1.000" z="0.000" refParamName="" useRefParam="false" />
        <bool name="useScalingInt" value="true" refParamName="" useRefParam="false" />
        <Vector3i name="scalingInt" x="10500" y="10000" z="10500" refParamName="" useRefParam="false" />
        <bool name="bUseRealScaling" value="true" refParamName="" useRefParam="false" />
        <bool name="bOnlyFollowPos" value="true" refParamName="" useRefParam="false" />
        <bool name="b1stTickParentRot" value="true" refParamName="" useRefParam="false" />
        <bool name="enableMaxFollowTime" value="true" refParamName="" useRefParam="false" />
        <float name="maxFollowTime" value="0.133" refParamName="" useRefParam="false" />
        <String name="syncAnimationName" value="" refParamName="" useRefParam="false" />
        <String name="customTagName" value="" refParamName="" useRefParam="false" />
      </Event>
    </Track>
    <Track trackName="TriggerParticle0" eventType="TriggerParticle" guid="de199764-8c97-43b1-8fda-e28d25092e25" enabled="true" useRefParam="false" refParamName="" r="0.000" g="0.000" b="0.000" execOnForceStopped="false" execOnActionCompleted="false" stopAfterLastEvent="true">
      <Condition id="31" guid="1633c723-bd3a-4e71-a07a-f1e728c217f5" status="false" />
      <Condition id="20" guid="06fe325b-70ac-4b9d-83c9-2afb9c371f20" status="true" />
      <Event eventName="TriggerParticle" time="0.000" length="1.500" isDuration="true" guid="73f35e7c-0628-408e-bf87-59b050aade64">
        <TemplateObject name="targetId" objectName="None" id="-1" isTemp="false" refParamName="" useRefParam="false" />
        <TemplateObject name="objectSpaceId" objectName="self" id="0" isTemp="false" refParamName="" useRefParam="false" />
        <String name="resourceName" value="prefab_skill_effects/hero_skill_effects/136_wuzetian/WuZeTian_attack_spell02_02" refParamName="" useRefParam="false" />
        <Vector3 name="bindPosOffset" x="0.000" y="1.000" z="0.000" refParamName="" useRefParam="false" />
        <bool name="useScalingInt" value="true" refParamName="" useRefParam="false" />
        <Vector3i name="scalingInt" x="10500" y="10000" z="10500" refParamName="" useRefParam="false" />
        <bool name="bUseRealScaling" value="true" refParamName="" useRefParam="false" />
        <bool name="bOnlyFollowPos" value="true" refParamName="" useRefParam="false" />
        <bool name="b1stTickParentRot" value="true" refParamName="" useRefParam="false" />
        <bool name="enableMaxFollowTime" value="true" refParamName="" useRefParam="false" />
        <float name="maxFollowTime" value="0.133" refParamName="" useRefParam="false" />
        <String name="syncAnimationName" value="" refParamName="" useRefParam="false" />
        <String name="customTagName" value="" refParamName="" useRefParam="false" />
      </Event>
    </Track>
  </Action>
</Project>