﻿<?xml version="1.0" encoding="utf-8"?>
<Project>
  <TemplateObjectList>
    <TemplateObject objectName="self" id="0" isTemp="false" />
    <TemplateObject objectName="target" id="1" isTemp="false" />
  </TemplateObjectList>
  <RefParamList />
  <Action tag="" length="0.500" loop="false">
    <Track trackName="FilterTargetType0" eventType="FilterTargetType" guid="efdb163c-b41c-4d39-b682-49e0e463281a" enabled="true" useRefParam="false" refParamName="" r="0.000" g="0.000" b="0.000" execOnForceStopped="false" execOnActionCompleted="false" stopAfterLastEvent="true">
      <Event eventName="FilterTargetType" time="0.000" isDuration="false" guid="def3ab2c-a329-43cd-a69d-e3752566d676">
        <TemplateObject name="targetId" objectName="target" id="1" isTemp="false" refParamName="" useRefParam="false" />
        <bool name="bFilterHero" value="true" refParamName="" useRefParam="false" />
        <bool name="bFilterBoss" value="true" refParamName="" useRefParam="false" />
        <bool name="bFilterOrgan" value="true" refParamName="" useRefParam="false" />
      </Event>
    </Track>
    <Track trackName="SetBehaviourModeTick0" eventType="SetBehaviourModeTick" guid="53e062a5-ebd1-4b49-83fe-4b2026e48ae4" enabled="true" useRefParam="false" refParamName="" r="0.000" g="0.000" b="0.000" execOnForceStopped="false" execOnActionCompleted="false" stopAfterLastEvent="true">
      <Condition id="0" guid="efdb163c-b41c-4d39-b682-49e0e463281a" status="true" />
      <Event eventName="SetBehaviourModeTick" time="0.000" isDuration="false" guid="ddbf7f68-deed-4e4a-9328-141dfa10017d">
        <TemplateObject name="targetId" objectName="target" id="1" isTemp="false" refParamName="" useRefParam="false" />
        <bool name="clearMove" value="true" refParamName="" useRefParam="false" />
        <bool name="stopCurSkill" value="true" refParamName="" useRefParam="false" />
      </Event>
    </Track>
    <Track trackName="检测原皮" eventType="CheckSkinIdTick" guid="4dc1eb84-a862-4906-9413-e57bfab86ae9" enabled="true" useRefParam="false" refParamName="" r="0.000" g="0.000" b="0.000" execOnForceStopped="false" execOnActionCompleted="false" stopAfterLastEvent="true">
      <Event eventName="CheckSkinIdTick" time="0.000" isDuration="false" guid="874d7eb0-25b9-4012-b8da-deca6e9b3e4b">
        <TemplateObject name="targetId" objectName="self" id="0" isTemp="false" refParamName="" useRefParam="false" />
        <int name="skinId" value="13698" refParamName="" useRefParam="false" />
        <bool name="bEqual" value="true" refParamName="" useRefParam="false" />
        <bool name="bSkipLogicCheck" value="true" refParamName="" useRefParam="false" />
      </Event>
    </Track>
    <Track trackName="检测13609" eventType="CheckSkinIdTick" guid="06415a57-3439-4c0e-9644-db9050e98ee0" enabled="true" useRefParam="false" refParamName="" r="0.000" g="0.000" b="0.000" execOnForceStopped="false" execOnActionCompleted="false" stopAfterLastEvent="true">
      <Event eventName="CheckSkinIdTick" time="0.000" isDuration="false" guid="76d9d621-a9e5-4cb6-8736-b44a854eb045">
        <TemplateObject name="targetId" objectName="self" id="0" isTemp="false" refParamName="" useRefParam="false" />
        <int name="skinId" value="13697" refParamName="" useRefParam="false" />
        <bool name="bEqual" value="false" refParamName="" useRefParam="false" />
        <bool name="bSkipLogicCheck" value="true" refParamName="" useRefParam="false" />
      </Event>
    </Track>
    <Track trackName="TriggerParticleTick0" eventType="TriggerParticleTick" guid="a66c0c5d-659b-4258-b6f7-6630f5046041" enabled="true" useRefParam="false" refParamName="" r="0.000" g="0.000" b="0.000" execOnForceStopped="false" execOnActionCompleted="false" stopAfterLastEvent="true">
      <Condition id="2" guid="4dc1eb84-a862-4906-9413-e57bfab86ae9" status="true" />
      <Event eventName="TriggerParticleTick" time="0.000" isDuration="false" guid="957277e1-bb08-4954-89af-f1b528c26350">
        <TemplateObject name="targetId" objectName="None" id="-1" isTemp="false" refParamName="" useRefParam="false" />
        <TemplateObject name="objectSpaceId" objectName="target" id="1" isTemp="false" refParamName="" useRefParam="false" />
        <String name="resourceName" value="prefab_skill_effects/hero_skill_effects/136_wuzetian/wuzetian_hurt01" refParamName="" useRefParam="false" />
        <float name="lifeTime" value="0.600" refParamName="" useRefParam="false" />
        <Vector3 name="bindPosOffset" x="0.000" y="1.000" z="0.000" refParamName="" useRefParam="false" />
      </Event>
    </Track>
    <Track trackName="13609受击" eventType="TriggerParticleTick" guid="e4a56939-07b4-4262-8450-9a2e194efc10" enabled="true" useRefParam="false" refParamName="" r="0.000" g="0.000" b="0.000" execOnForceStopped="false" execOnActionCompleted="false" stopAfterLastEvent="true">
      <Condition id="3" guid="06415a57-3439-4c0e-9644-db9050e98ee0" status="true" />
      <Event eventName="TriggerParticleTick" time="0.000" isDuration="false" guid="c57edba4-dffe-43ab-a8d6-fbe01fbe3c03">
        <TemplateObject name="targetId" objectName="None" id="-1" isTemp="false" refParamName="" useRefParam="false" />
        <TemplateObject name="objectSpaceId" objectName="target" id="1" isTemp="false" refParamName="" useRefParam="false" />
        <String name="resourceName" value="prefab_skill_effects/hero_skill_effects/136_wuzetian/wuzetian_hurt03" refParamName="" useRefParam="false" />
        <float name="lifeTime" value="0.600" refParamName="" useRefParam="false" />
        <Vector3 name="bindPosOffset" x="0.000" y="1.000" z="0.000" refParamName="" useRefParam="false" />
      </Event>
    </Track>
    <Track trackName="SkillFuncInstant0" eventType="SkillFuncInstant" guid="8d09eb2f-50ed-4358-a741-27ca7e1a94dd" enabled="true" useRefParam="false" refParamName="" r="0.000" g="0.000" b="0.000" execOnForceStopped="false" execOnActionCompleted="false" stopAfterLastEvent="true">
      <Event eventName="SkillFuncInstant" time="0.000" isDuration="false" guid="8118a001-fca0-494a-828e-2ede1f1d1819">
        <Enum name="SkillFuncType" value="1" EnumValue="法术伤害" refParamName="" useRefParam="false" />
      </Event>
    </Track>
    <Track trackName="ForbidAbilityDuration12" eventType="ForbidAbilityDuration" guid="ae7adc4b-a73f-4229-a4f1-dd860c67f460" enabled="true" useRefParam="false" refParamName="" r="0.000" g="0.000" b="0.000" execOnForceStopped="false" execOnActionCompleted="false" stopAfterLastEvent="true">
      <Condition id="0" guid="efdb163c-b41c-4d39-b682-49e0e463281a" status="true" />
      <Event eventName="ForbidAbilityDuration" time="0.000" length="0.500" isDuration="true" guid="fbc281af-f1e9-47a5-b8e1-f53cbb66639c">
        <TemplateObject name="attackerId" objectName="target" id="1" isTemp="false" refParamName="" useRefParam="false" />
        <bool name="forbidMove" value="true" refParamName="" useRefParam="false" />
        <bool name="forbidSkill" value="true" refParamName="" useRefParam="false" />
        <bool name="forbidMoveRotate" value="true" refParamName="" useRefParam="false" />
      </Event>
    </Track>
    <Track trackName="PlayAnimDuration0" eventType="PlayAnimDuration" guid="4abae504-d3a2-4370-a0a8-255fde6c84d5" enabled="true" useRefParam="false" refParamName="" r="0.000" g="0.000" b="0.000" execOnForceStopped="false" execOnActionCompleted="false" stopAfterLastEvent="true">
      <Condition id="0" guid="efdb163c-b41c-4d39-b682-49e0e463281a" status="true" />
      <Event eventName="PlayAnimDuration" time="0.000" length="0.500" isDuration="true" guid="06e0bfbd-d327-40fb-a411-78aee5580543">
        <TemplateObject name="targetId" objectName="target" id="1" isTemp="false" refParamName="" useRefParam="false" />
        <String name="clipName" value="Hit" refParamName="" useRefParam="false" />
        <float name="crossFadeTime" value="0.100" refParamName="" useRefParam="false" />
      </Event>
    </Track>
    <Track trackName="PlayHeroSoundTick6" eventType="PlayHeroSoundTick" guid="38e93f31-74b7-46ef-98b5-583d32ce546c" enabled="true" useRefParam="false" refParamName="" r="0.000" g="0.000" b="0.000" execOnForceStopped="false" execOnActionCompleted="false" stopAfterLastEvent="true">
      <Event eventName="PlayHeroSoundTick" time="0.000" isDuration="false" guid="f3fcb166-257e-496d-aaf0-d2d8a897b777">
        <TemplateObject name="targetId" objectName="target" id="1" isTemp="false" refParamName="" useRefParam="false" />
        <TemplateObject name="sourceId" objectName="self" id="0" isTemp="false" refParamName="" useRefParam="false" />
        <String name="eventName" value="Play_Wuzetian_Skill_B_Hit" refParamName="" useRefParam="false" />
      </Event>
    </Track>
    <Track trackName="检测是13613" eventType="CheckSkinIdTick" guid="3893339d-b1fb-4854-9d1a-6206bfacaf25" enabled="true" useRefParam="false" refParamName="" r="0.000" g="0.000" b="0.000" execOnForceStopped="false" execOnActionCompleted="false" stopAfterLastEvent="true">
      <Event eventName="CheckSkinIdTick" time="0.000" isDuration="false" guid="150a4794-1c2b-4716-b606-17f7a6ba947e">
        <TemplateObject name="targetId" objectName="self" id="0" isTemp="false" refParamName="" useRefParam="false" />
        <int name="skinId" value="13613" refParamName="" useRefParam="false" />
        <bool name="bSkipLogicCheck" value="true" refParamName="" useRefParam="false" />
      </Event>
    </Track>
    <Track trackName="13613受击" eventType="TriggerParticleTick" guid="daa65ca6-798c-4280-84b3-171fc3a73a82" enabled="true" useRefParam="false" refParamName="" r="0.000" g="0.000" b="0.000" execOnForceStopped="false" execOnActionCompleted="false" stopAfterLastEvent="true">
      <Condition id="10" guid="3893339d-b1fb-4854-9d1a-6206bfacaf25" status="true" />
      <Event eventName="TriggerParticleTick" time="0.000" isDuration="false" guid="5f30bc82-d28a-4b25-b3a6-92fc32eac064">
        <TemplateObject name="targetId" objectName="None" id="-1" isTemp="false" refParamName="" useRefParam="false" />
        <TemplateObject name="objectSpaceId" objectName="target" id="1" isTemp="false" refParamName="" useRefParam="false" />
        <String name="resourceName" value="prefab_skill_effects/hero_skill_effects/136_wuzetian/WuZeTian_hurt02" refParamName="" useRefParam="false" />
        <float name="lifeTime" value="0.600" refParamName="" useRefParam="false" />
        <Vector3 name="bindPosOffset" x="0.000" y="1.000" z="0.000" refParamName="" useRefParam="false" />
      </Event>
    </Track>
  </Action>
</Project>