﻿<?xml version="1.0" encoding="utf-8"?>
<Project>
  <TemplateObjectList>
    <TemplateObject id="0" objectName="self" isTemp="false" />
    <TemplateObject id="1" objectName="target" isTemp="false" />
  </TemplateObjectList>
  <RefParamList>
    <Vector3i name="_BulletDir" x="0" y="0" z="0" refParamName="" useRefParam="false" />
  </RefParamList>
  <Action tag="" length="8.000" loop="false">
    <Track trackName="SkillFuncDuration0" eventType="SkillFuncDuration" guid="6c2f3e35-6729-4492-82fa-55d181a84691" enabled="true" useRefParam="false" refParamName="" r="0.000" g="0.000" b="0.000" execOnForceStopped="false" execOnActionCompleted="false" stopAfterLastEvent="true">
      <Event eventName="SkillFuncDuration" time="0.000" length="8.000" isDuration="true" guid="190f9992-6cf1-498d-a945-9a79c1ce160b">
        <Enum name="SkillFuncType" value="55" EnumValue="改变技能" refParamName="" useRefParam="false" />
      </Event>
    </Track>
    <Track trackName="非12608" eventType="CheckSkinIdVirtualTick" guid="04974c18-a43c-4a0f-bbfd-2546709fc13f" enabled="true" useRefParam="false" refParamName="" r="0.000" g="0.000" b="0.000" execOnForceStopped="false" execOnActionCompleted="false" stopAfterLastEvent="true">
      <Event eventName="CheckSkinIdVirtualTick" time="0.000" isDuration="false" guid="0ce09158-c309-40fb-96c5-b250a91cdd50">
        <TemplateObject name="targetId" id="0" objectName="self" isTemp="false" refParamName="" useRefParam="false" />
        <int name="skinId" value="12608" refParamName="" useRefParam="false" />
        <bool name="useNegateValue" value="true" refParamName="" useRefParam="false" />
      </Event>
    </Track>
    <Track trackName="否12606皮" eventType="CheckSkinIdVirtualTick" guid="7e484485-9eb8-4290-92f6-86982e9211a6" enabled="true" useRefParam="false" refParamName="" r="0.000" g="0.000" b="0.000" execOnForceStopped="false" execOnActionCompleted="false" stopAfterLastEvent="true">
      <Event eventName="CheckSkinIdVirtualTick" time="0.000" isDuration="false" guid="044f63d9-1585-4151-a96b-8958859977b7">
        <TemplateObject name="targetId" id="0" objectName="self" isTemp="false" refParamName="" useRefParam="false" />
        <int name="skinId" value="12692" refParamName="" useRefParam="false" />
        <bool name="useNegateValue" value="false" refParamName="" useRefParam="false" />
      </Event>
    </Track>
    <Track trackName="默认" eventType="TriggerParticle" guid="5c3eaf18-c03c-41d8-884f-88be5ff9d318" enabled="true" useRefParam="false" refParamName="" r="0.000" g="0.000" b="0.000" execOnForceStopped="false" execOnActionCompleted="false" stopAfterLastEvent="true">
      <Condition id="2" guid="7e484485-9eb8-4290-92f6-86982e9211a6" status="true" />
      <Condition id="1" guid="04974c18-a43c-4a0f-bbfd-2546709fc13f" status="true" />
      <Event eventName="TriggerParticle" time="0.000" length="8.000" isDuration="true" guid="67112a67-792b-4ab8-849f-1635a5f593ea">
        <TemplateObject name="targetId" id="0" objectName="self" isTemp="false" refParamName="" useRefParam="false" />
        <String name="resourceName" value="prefab_skill_effects/hero_skill_effects/126_xiahoudun/xiahoudun_buff_WuQi_spell02" refParamName="" useRefParam="false" />
        <String name="bindPointName" value="Bip001 Prop1" refParamName="" useRefParam="false" />
        <Vector3 name="bindPosOffset" x="0.450" y="0.000" z="0.000" refParamName="" useRefParam="false" />
        <EulerAngle name="bindRotOffset" x="0.000" y="-90.000" z="-90.000" refParamName="" useRefParam="false" />
        <Vector3i name="scalingInt" x="10000" y="10000" z="10000" refParamName="" useRefParam="false" />
        <String name="syncAnimationName" value="" refParamName="" useRefParam="false" />
        <bool name="bReverseXWhenCameraMirror" value="true" refParamName="" useRefParam="false" />
        <String name="customTagName" value="" refParamName="" useRefParam="false" />
      </Event>
    </Track>
    <Track trackName="是12606皮" eventType="CheckSkinIdVirtualTick" guid="ff23569a-60c2-4207-9cc9-8c398207b970" enabled="true" useRefParam="false" refParamName="" r="0.000" g="0.000" b="0.000" execOnForceStopped="false" execOnActionCompleted="false" stopAfterLastEvent="true">
      <Event eventName="CheckSkinIdVirtualTick" time="0.000" isDuration="false" guid="291226a8-ca53-4302-974e-30095eaf2cd2">
        <TemplateObject name="targetId" id="0" objectName="self" isTemp="false" refParamName="" useRefParam="false" />
        <int name="skinId" value="12692" refParamName="" useRefParam="false" />
        <bool name="useNegateValue" value="true" refParamName="" useRefParam="false" />
      </Event>
    </Track>
    <Track trackName="06皮肤" eventType="TriggerParticle" guid="6b826b34-2276-4537-a4a7-6c2192931187" enabled="true" useRefParam="false" refParamName="" r="0.000" g="0.000" b="0.000" execOnForceStopped="false" execOnActionCompleted="false" stopAfterLastEvent="true">
      <Condition id="4" guid="ff23569a-60c2-4207-9cc9-8c398207b970" status="true" />
      <Event eventName="TriggerParticle" time="0.000" length="8.000" isDuration="true" guid="9f493596-867b-43a0-9c0a-9453997fdebb">
        <TemplateObject name="targetId" id="0" objectName="self" isTemp="false" refParamName="" useRefParam="false" />
        <String name="resourceName" value="prefab_skill_effects/hero_skill_effects/126_xiahoudun/xiahoudun_buff_WuQi_spell02" refParamName="" useRefParam="false" />
        <String name="bindPointName" value="Point001" refParamName="" useRefParam="false" />
        <Vector3i name="scalingInt" x="10000" y="10000" z="10000" refParamName="" useRefParam="false" />
        <String name="syncAnimationName" value="" refParamName="" useRefParam="false" />
        <bool name="bReverseXWhenCameraMirror" value="true" refParamName="" useRefParam="false" />
        <String name="customTagName" value="" refParamName="" useRefParam="false" />
      </Event>
    </Track>
    <Track trackName="12608" eventType="CheckSkinIdVirtualTick" guid="831691b1-b4a2-4903-9253-82ad00ec23f4" enabled="true" useRefParam="false" refParamName="" r="0.000" g="0.000" b="0.000" execOnForceStopped="false" execOnActionCompleted="false" stopAfterLastEvent="true">
      <Event eventName="CheckSkinIdVirtualTick" time="0.000" isDuration="false" guid="2d697b59-8549-4308-8262-e31d07ab5f54">
        <TemplateObject name="targetId" id="0" objectName="self" isTemp="false" refParamName="" useRefParam="false" />
        <int name="skinId" value="12608" refParamName="" useRefParam="false" />
      </Event>
    </Track>
    <Track trackName="08皮肤" eventType="TriggerParticle" guid="7cd4953a-2cbd-4d66-ae87-fa59be8f805e" enabled="true" useRefParam="false" refParamName="" r="0.000" g="0.000" b="0.000" execOnForceStopped="false" execOnActionCompleted="false" stopAfterLastEvent="true">
      <Condition id="6" guid="831691b1-b4a2-4903-9253-82ad00ec23f4" status="true" />
      <Event eventName="TriggerParticle" time="0.000" length="8.000" isDuration="true" guid="ce1d40a0-6a80-48ba-ae22-406ba78c0f07">
        <TemplateObject name="targetId" id="0" objectName="self" isTemp="false" refParamName="" useRefParam="false" />
        <String name="resourceName" value="prefab_skill_effects/hero_skill_effects/126_xiahoudun/xiahoudun_buff_WuQi_spell02" refParamName="" useRefParam="false" />
        <String name="bindPointName" value="Bone_Bip001_Weapon_Skin" refParamName="" useRefParam="false" />
        <Vector3i name="scalingInt" x="10000" y="10000" z="10000" refParamName="" useRefParam="false" />
        <String name="syncAnimationName" value="" refParamName="" useRefParam="false" />
        <bool name="bReverseXWhenCameraMirror" value="true" refParamName="" useRefParam="false" />
        <String name="customTagName" value="" refParamName="" useRefParam="false" />
      </Event>
    </Track>
  </Action>
</Project>