﻿<?xml version="1.0" encoding="utf-8"?>
<Project>
  <TemplateObjectList>
    <TemplateObject objectName="self" id="0" isTemp="false" />
    <TemplateObject objectName="target" id="1" isTemp="false" />
    <TemplateObject objectName="bullet" id="2" isTemp="true" />
    <TemplateObject objectName="bullet1" id="3" isTemp="true" />
  </TemplateObjectList>
  <RefParamList>
    <String name="BulletPrefab" value="" refParamName="" useRefParam="false" />
    <Vector3i name="_TargetDir" x="0" y="0" z="0" refParamName="" useRefParam="false" />
    <Vector3i name="_TargetPos" x="0" y="0" z="0" refParamName="" useRefParam="false" />
  </RefParamList>
  <Action tag="" length="0.400" loop="false">
    <Track trackName="SpawnObjectDuration0" eventType="SpawnObjectDuration" guid="f3537a64-a6cf-4de9-9dc7-7fba56330fef" enabled="true" useRefParam="false" refParamName="" r="0.000" g="0.000" b="0.000" execOnForceStopped="false" execOnActionCompleted="false">
      <Event eventName="SpawnObjectDuration" time="0.000" length="0.400" isDuration="true" guid="a872e5cc-3cd3-417c-a716-8ecece47ad11">
        <TemplateObject name="targetId" objectName="bullet" id="2" isTemp="true" refParamName="" useRefParam="false" />
        <TemplateObject name="objectSpaceId" objectName="self" id="0" isTemp="false" refParamName="" useRefParam="false" />
        <String name="prefabName" value="prefab_characters/commonempty" refParamName="" useRefParam="false" />
        <Vector3i name="translation" x="0" y="1200" z="0" refParamName="" useRefParam="false" />
        <bool name="modifyDirection" value="true" refParamName="" useRefParam="false" />
        <Vector3i name="direction" x="0" y="0" z="0" refParamName="" useRefParam="false" />
        <TemplateObject name="materialParentActorId" objectName="self" id="0" isTemp="false" refParamName="" useRefParam="false" />
        <bool name="modifyScaling" value="true" refParamName="" useRefParam="false" />
        <TemplateObject name="visionActorId" objectName="self" id="0" isTemp="false" refParamName="" useRefParam="false" />
        <TemplateObject name="recordTargeID" objectName="None" id="-1" isTemp="false" refParamName="" useRefParam="false" />
      </Event>
    </Track>
    <Track trackName="SetCollisionTick6" eventType="SetCollisionTick" guid="f9af1ecc-6b6a-4c9a-a059-3f21f3c58e45" enabled="true" useRefParam="false" refParamName="" r="0.000" g="0.000" b="0.000" execOnForceStopped="false" execOnActionCompleted="false">
      <Event eventName="SetCollisionTick" time="0.000" isDuration="false" guid="3c5c2fde-8a79-4a39-8bc5-f6200d2e5963">
        <TemplateObject name="targetId" objectName="bullet" id="2" isTemp="true" refParamName="" useRefParam="false" />
        <Vector3i name="Pos" x="0" y="0" z="-1000" refParamName="" useRefParam="false" />
        <Vector3i name="Size" x="2000" y="10000" z="3000" refParamName="" useRefParam="false" />
        <int name="Radius" value="0" refParamName="" useRefParam="false" />
        <int name="Rotation" value="160" refParamName="" useRefParam="false" />
      </Event>
    </Track>
    <Track trackName="MoveBulletDuration2" eventType="MoveBulletDuration" guid="94b4ae0a-a59b-444b-9bce-9afb78a8b3ad" enabled="true" useRefParam="false" refParamName="" r="0.000" g="0.000" b="0.000" execOnForceStopped="false" execOnActionCompleted="false">
      <Event eventName="MoveBulletDuration" time="0.000" length="0.400" isDuration="true" guid="5d906a3e-a9c6-488b-82ff-ef0afab0aeb0">
        <TemplateObject name="targetId" objectName="bullet" id="2" isTemp="true" refParamName="" useRefParam="false" />
        <Enum name="MoveType" value="2" EnumValue="指定朝向" refParamName="" useRefParam="false" />
        <int name="distance" value="8000" refParamName="" useRefParam="false" />
        <int name="velocity" value="25000" refParamName="" useRefParam="false" />
      </Event>
    </Track>
    <Track trackName="HitTriggerDuration1" eventType="HitTriggerDuration" guid="a7e6e924-7007-4234-8ea8-29971ea9c55a" enabled="true" useRefParam="false" refParamName="" r="0.000" g="0.000" b="0.000" execOnForceStopped="false" execOnActionCompleted="false">
      <Event eventName="HitTriggerDuration" time="0.000" length="0.400" isDuration="true" guid="9a70c54c-91f9-4278-8608-d0693d5fcaa8">
        <TemplateObject name="triggerId" objectName="bullet" id="2" isTemp="true" refParamName="" useRefParam="false" />
        <TemplateObject name="attackerId" objectName="self" id="0" isTemp="false" refParamName="" useRefParam="false" />
        <bool name="bFileterOrgan" value="true" refParamName="" useRefParam="false" />
        <TemplateObject name="bulletID" objectName="None" id="-1" isTemp="false" refParamName="" useRefParam="false" />
        <int name="TriggerActorCount" value="32" refParamName="" useRefParam="false" />
        <int name="CollideMaxCount" value="1" refParamName="" useRefParam="false" />
        <int name="TargetSkillCombine_1" value="110000" refParamName="" useRefParam="false" />
        <int name="TargetSkillCombine_2" value="110001" refParamName="" useRefParam="false" />
        <String name="BulletActionName" value="" refParamName="" useRefParam="false" />
      </Event>
    </Track>
    <Track trackName="HitTriggerDuration1" eventType="HitTriggerDuration" guid="de15b048-d339-4e07-a7e4-0f8fbf994ca4" enabled="true" useRefParam="false" refParamName="" r="0.000" g="0.000" b="0.000" execOnForceStopped="false" execOnActionCompleted="false">
      <Event eventName="HitTriggerDuration" time="0.000" length="0.400" isDuration="true" guid="2cae5cc3-4a54-47ee-a90c-514112b9e303">
        <TemplateObject name="triggerId" objectName="bullet" id="2" isTemp="true" refParamName="" useRefParam="false" />
        <TemplateObject name="attackerId" objectName="self" id="0" isTemp="false" refParamName="" useRefParam="false" />
        <bool name="bFilterHero" value="true" refParamName="" useRefParam="false" />
        <bool name="bFileterMonter" value="true" refParamName="" useRefParam="false" />
        <bool name="bFilterMoveDirection" value="true" refParamName="" useRefParam="false" />
        <TemplateObject name="bulletID" objectName="None" id="-1" isTemp="false" refParamName="" useRefParam="false" />
        <int name="TriggerActorCount" value="32" refParamName="" useRefParam="false" />
        <int name="CollideMaxCount" value="1" refParamName="" useRefParam="false" />
        <int name="TargetSkillCombine_1" value="1100001" refParamName="" useRefParam="false" />
        <int name="TargetSkillCombine_2" value="1100011" refParamName="" useRefParam="false" />
        <String name="BulletActionName" value="" refParamName="" useRefParam="false" />
      </Event>
    </Track>
    <Track trackName="TriggerParticle0" eventType="TriggerParticle" guid="1cbea153-3269-4ab7-a569-3f04486339e0" enabled="true" useRefParam="false" refParamName="" r="0.000" g="0.000" b="0.000" execOnForceStopped="false" execOnActionCompleted="false" SkinAvatarFilterType="11">
      <Event eventName="TriggerParticle" time="0.000" length="0.400" isDuration="true" guid="1b8da25d-2251-434e-a626-d1de31f9bd40">
        <TemplateObject name="targetId" objectName="bullet" id="2" isTemp="true" refParamName="" useRefParam="false" />
        <TemplateObject name="objectSpaceId" objectName="bullet" id="2" isTemp="true" refParamName="" useRefParam="false" />
        <String name="resourceName" value="prefab_skill_effects/hero_skill_effects/110_yingzheng/yingzheng_skill03_feijian" refParamName="" useRefParam="false" />
        <Vector3 name="bindPosOffset" x="0.000" y="0.000" z="0.500" refParamName="" useRefParam="false" />
        <String name="syncAnimationName" value="" refParamName="" useRefParam="false" />
        <String name="customTagName" value="" refParamName="" useRefParam="false" />
      </Event>
      <SkinOrAvatarList id="11009" />
      <SkinOrAvatarList id="11000" />
      <SkinOrAvatarList id="11001" />
      <SkinOrAvatarList id="11002" />
      <SkinOrAvatarList id="11003" />
      <SkinOrAvatarList id="11004" />
      <SkinOrAvatarList id="11005" />
      <SkinOrAvatarList id="11006" />
      <SkinOrAvatarList id="11007" />
      <SkinOrAvatarList id="11008" />
      <SkinOrAvatarList id="11010" />
      <SkinOrAvatarList id="11011" />
      <SkinOrAvatarList id="11012" />
      <SkinOrAvatarList id="11013" />
      <SkinOrAvatarList id="11014" />
      <SkinOrAvatarList id="11015" />
      <SkinOrAvatarList id="11016" />
      <SkinOrAvatarList id="11017" />
      <SkinOrAvatarList id="11018" />
      <SkinOrAvatarList id="11019" />
      <SkinOrAvatarList id="11020" />
      <SkinOrAvatarList id="11021" />
      <SkinOrAvatarList id="11022" />
      <SkinOrAvatarList id="11023" />
      <SkinOrAvatarList id="11024" />
    </Track>
    <Track trackName="StopAction1" eventType="StopAction" guid="dcd1a838-cc32-453d-8443-815e2189982a" enabled="true" useRefParam="false" refParamName="" r="0.000" g="0.000" b="0.000" execOnForceStopped="false" execOnActionCompleted="false">
      <Condition id="2" guid="94b4ae0a-a59b-444b-9bce-9afb78a8b3ad" status="true" />
      <Event eventName="StopAction" time="0.000" isDuration="false" guid="42bee5b3-8bde-4f7e-ba63-b4940065367e" />
    </Track>
    <Track trackName="TriggerParticle0" eventType="TriggerParticle" guid="9026d545-ac62-44ff-84d5-be51265327c2" enabled="true" useRefParam="false" refParamName="" r="0.000" g="0.000" b="0.000" execOnForceStopped="false" execOnActionCompleted="false" SkinAvatarFilterType="9">
      <Event eventName="TriggerParticle" time="0.000" length="0.400" isDuration="true" guid="d82ef7f2-609b-48c3-91e7-27d0b7f41138">
        <TemplateObject name="targetId" objectName="bullet" id="2" isTemp="true" refParamName="" useRefParam="false" />
        <TemplateObject name="objectSpaceId" objectName="bullet" id="2" isTemp="true" refParamName="" useRefParam="false" />
        <String name="resourceName" value="prefab_skill_effects/hero_skill_effects/110_yingzheng/11009/yingzheng_skill03_feijian_01" refParamName="" useRefParam="false" />
        <Vector3 name="bindPosOffset" x="0.000" y="0.000" z="0.500" refParamName="" useRefParam="false" />
        <String name="syncAnimationName" value="" refParamName="" useRefParam="false" />
        <String name="customTagName" value="" refParamName="" useRefParam="false" />
      </Event>
      <SkinOrAvatarList id="11009" />
      <SkinOrAvatarList id="11000" />
      <SkinOrAvatarList id="11001" />
      <SkinOrAvatarList id="11002" />
      <SkinOrAvatarList id="11003" />
      <SkinOrAvatarList id="11004" />
      <SkinOrAvatarList id="11005" />
      <SkinOrAvatarList id="11006" />
      <SkinOrAvatarList id="11007" />
      <SkinOrAvatarList id="11008" />
      <SkinOrAvatarList id="11010" />
      <SkinOrAvatarList id="11011" />
      <SkinOrAvatarList id="11012" />
      <SkinOrAvatarList id="11013" />
      <SkinOrAvatarList id="11014" />
      <SkinOrAvatarList id="11015" />
      <SkinOrAvatarList id="11016" />
      <SkinOrAvatarList id="11017" />
      <SkinOrAvatarList id="11018" />
      <SkinOrAvatarList id="11019" />
      <SkinOrAvatarList id="11020" />
      <SkinOrAvatarList id="11021" />
      <SkinOrAvatarList id="11022" />
      <SkinOrAvatarList id="11023" />
      <SkinOrAvatarList id="11024" />
    </Track>
  </Action>
</Project>