﻿<?xml version="1.0" encoding="utf-8"?>
<Project>
  <TemplateObjectList>
    <TemplateObject objectName="self" id="0" isTemp="false" />
    <TemplateObject objectName="target" id="1" isTemp="false" />
    <TemplateObject objectName="bullet" id="2" isTemp="true" />
  </TemplateObjectList>
  <RefParamList>
    <Vector3i name="_BulletPos" x="0" y="0" z="0" refParamName="" useRefParam="false" />
    <Vector3i name="targetdir" x="0" y="0" z="0" refParamName="" useRefParam="false" />
    <Vector3i name="_TargetPos" x="0" y="0" z="0" refParamName="" useRefParam="false" />
  </RefParamList>
  <Action tag="" length="4.500" loop="false">
    <Track trackName="ForbidAbilityDuration0" eventType="ForbidAbilityDuration" guid="ef83c52f-dabe-48fc-b788-c62d0b1ef8df" enabled="true" useRefParam="false" refParamName="" r="0.000" g="0.000" b="0.000" execOnForceStopped="false" execOnActionCompleted="false">
      <Event eventName="ForbidAbilityDuration" time="0.000" length="4.500" isDuration="true" guid="c28a5a6d-76d6-45c3-b942-1ae65461aa92">
        <TemplateObject name="attackerId" objectName="self" id="0" isTemp="false" refParamName="" useRefParam="false" />
        <bool name="forbidSkill" value="true" refParamName="" useRefParam="false" />
        <bool name="forbidFilterSkill1" value="true" refParamName="" useRefParam="false" />
        <bool name="forbidFilterSkill2" value="true" refParamName="" useRefParam="false" />
        <bool name="forbidFilterSkill4" value="true" refParamName="" useRefParam="false" />
        <bool name="forbidFilterSkill5" value="true" refParamName="" useRefParam="false" />
        <bool name="forbidFilterCallBoss" value="true" refParamName="" useRefParam="false" />
        <bool name="forbidFilterExtraBtnSlot1" value="true" refParamName="" useRefParam="false" />
        <bool name="forbidMoveRotate" value="true" refParamName="" useRefParam="false" />
      </Event>
    </Track>
    <Track trackName="SkillInputCacheDuration16" eventType="SkillInputCacheDuration" guid="4f0ec2ca-f319-4462-8430-000b907eb73e" enabled="false" useRefParam="false" refParamName="" r="0.000" g="0.000" b="0.000" execOnForceStopped="false" execOnActionCompleted="false">
      <Event eventName="SkillInputCacheDuration" time="0.000" length="4.500" isDuration="true" guid="9de2dd64-056a-4f1e-bf2e-101a1e3bd7fa">
        <TemplateObject name="targetId" objectName="self" id="0" isTemp="false" refParamName="" useRefParam="false" />
        <bool name="cacheSkill" value="true" refParamName="" useRefParam="false" />
      </Event>
    </Track>
    <Track trackName="PlayAnimDuration0" eventType="PlayAnimDuration" guid="9d243092-f160-4189-a9da-f132595032c9" enabled="true" useRefParam="false" refParamName="" r="0.000" g="0.000" b="0.000" execOnForceStopped="false" execOnActionCompleted="false">
      <Event eventName="PlayAnimDuration" time="0.000" length="4.500" isDuration="true" guid="9a186d70-88fc-4cae-b6d0-c2f03622b558">
        <TemplateObject name="targetId" objectName="self" id="0" isTemp="false" refParamName="" useRefParam="false" />
        <String name="clipName" value="Spell3_loop" refParamName="" useRefParam="false" />
        <int name="layer" value="3" refParamName="" useRefParam="false" />
        <bool name="bLoop" value="true" refParamName="" useRefParam="false" />
        <float name="crossFadeTime" value="0.100" refParamName="" useRefParam="false" />
        <bool name="applyActionSpeed" value="true" refParamName="" useRefParam="false" />
      </Event>
    </Track>
    <Track trackName="SpawnBulletDuration1" eventType="SpawnBulletDuration" guid="2206744e-7af4-46d0-86cf-2026fcfa2ca6" enabled="true" useRefParam="false" refParamName="" r="0.000" g="0.000" b="0.000" execOnForceStopped="false" execOnActionCompleted="false">
      <Event eventName="SpawnBulletDuration" time="0.000" length="4.500" isDuration="true" guid="2ff31af5-9e5d-4b47-aa5c-6f7bdaa7d024">
        <TemplateObject name="targetId" objectName="self" id="0" isTemp="false" refParamName="" useRefParam="false" />
        <String name="ActionName" value="prefab_characters/prefab_hero/110_yingzheng/skill/u1b1" refParamName="" useRefParam="false" />
        <Array name="transArray" refParamName="" useRefParam="false" type="Vector3i">
          <Vector3i x="1200" y="1700" z="-2000" />
          <Vector3i x="-1200" y="1400" z="-2600" />
          <Vector3i x="-600" y="1500" z="-2800" />
          <Vector3i x="-360" y="2300" z="-2404" />
          <Vector3i x="-240" y="1900" z="-2400" />
          <Vector3i x="600" y="900" z="-2000" />
          <Vector3i x="-900" y="700" z="-2500" />
          <Vector3i x="100" y="1400" z="-2300" />
          <Vector3i x="900" y="1200" z="-2600" />
          <Vector3i x="-300" y="800" z="-2300" />
        </Array>
        <int name="spawnFreq" value="100" refParamName="" useRefParam="false" />
      </Event>
    </Track>
    <Track trackName="SpawnBulletDuration1" eventType="SpawnBulletDuration" guid="a5af7cb4-5740-4bef-aa9b-1822fef85057" enabled="true" useRefParam="false" refParamName="" r="0.000" g="0.000" b="0.000" execOnForceStopped="false" execOnActionCompleted="false">
      <Event eventName="SpawnBulletDuration" time="0.000" length="4.500" isDuration="true" guid="3ac4b1af-3e3c-4e7a-ba1e-5f563c8831ce">
        <TemplateObject name="targetId" objectName="self" id="0" isTemp="false" refParamName="" useRefParam="false" />
        <String name="ActionName" value="prefab_characters/prefab_hero/110_yingzheng/skill/u1b1" refParamName="" useRefParam="false" />
        <Array name="transArray" refParamName="" useRefParam="false" type="Vector3i">
          <Vector3i x="800" y="1500" z="-2800" />
          <Vector3i x="-300" y="1800" z="-2600" />
          <Vector3i x="300" y="1200" z="-2800" />
          <Vector3i x="-400" y="2200" z="-2500" />
          <Vector3i x="-300" y="1900" z="-2400" />
          <Vector3i x="200" y="700" z="-2000" />
          <Vector3i x="-700" y="500" z="-2500" />
          <Vector3i x="550" y="1000" z="-2300" />
          <Vector3i x="-400" y="1500" z="-1600" />
          <Vector3i x="300" y="600" z="-2300" />
        </Array>
        <int name="spawnFreq" value="200" refParamName="" useRefParam="false" />
      </Event>
    </Track>
    <Track trackName="SpawnBulletDuration1" eventType="SpawnBulletDuration" guid="49160feb-c47c-42f9-b403-dd78d0a68621" enabled="true" useRefParam="false" refParamName="" r="0.000" g="0.000" b="0.000" execOnForceStopped="false" execOnActionCompleted="false">
      <Event eventName="SpawnBulletDuration" time="0.000" length="4.500" isDuration="true" guid="4a2279b3-d9c7-4676-ae00-7652b90ed28c">
        <TemplateObject name="targetId" objectName="self" id="0" isTemp="false" refParamName="" useRefParam="false" />
        <String name="ActionName" value="prefab_characters/prefab_hero/110_yingzheng/skill/u1b1" refParamName="" useRefParam="false" />
        <Array name="transArray" refParamName="" useRefParam="false" type="Vector3i">
          <Vector3i x="1600" y="2000" z="-2800" />
          <Vector3i x="-1700" y="2400" z="-2600" />
          <Vector3i x="1400" y="1500" z="-2800" />
          <Vector3i x="-1400" y="2700" z="-2500" />
          <Vector3i x="-1300" y="2200" z="-2400" />
          <Vector3i x="1200" y="700" z="-2000" />
          <Vector3i x="-1700" y="500" z="-2500" />
          <Vector3i x="1700" y="1200" z="-2300" />
          <Vector3i x="-1400" y="1400" z="-1600" />
          <Vector3i x="1300" y="900" z="-2300" />
        </Array>
        <int name="spawnFreq" value="500" refParamName="" useRefParam="false" />
      </Event>
    </Track>
    <Track trackName="SpawnBulletDuration1" eventType="SpawnBulletDuration" guid="e14930b8-9ba4-4818-b585-8dc44e948a7e" enabled="true" useRefParam="false" refParamName="" r="0.000" g="0.000" b="0.000" execOnForceStopped="false" execOnActionCompleted="false">
      <Event eventName="SpawnBulletDuration" time="0.000" length="4.000" isDuration="true" guid="f1ce10da-6751-441f-aa51-8f20249f1fc6">
        <TemplateObject name="targetId" objectName="self" id="0" isTemp="false" refParamName="" useRefParam="false" />
        <String name="ActionName" value="prefab_characters/prefab_hero/110_yingzheng/skill/u1b1" refParamName="" useRefParam="false" />
        <Array name="transArray" refParamName="" useRefParam="false" type="Vector3i">
          <Vector3i x="1600" y="2000" z="-2800" />
          <Vector3i x="-1700" y="2400" z="-2600" />
          <Vector3i x="1400" y="1500" z="-2800" />
          <Vector3i x="-1400" y="2700" z="-2500" />
          <Vector3i x="-1300" y="2200" z="-2400" />
          <Vector3i x="1200" y="700" z="-2000" />
          <Vector3i x="-1700" y="500" z="-2500" />
          <Vector3i x="1700" y="1200" z="-2300" />
          <Vector3i x="-1400" y="1400" z="-1600" />
          <Vector3i x="1300" y="900" z="-2300" />
        </Array>
        <int name="spawnFreq" value="300" refParamName="" useRefParam="false" />
      </Event>
    </Track>
    <Track trackName="SkillUseCacheTick4" eventType="SkillUseCacheTick" guid="0a9694da-98a6-4da7-87bc-6b5ca656f77b" enabled="false" useRefParam="false" refParamName="" r="0.000" g="0.000" b="0.000" execOnForceStopped="false" execOnActionCompleted="false">
      <Event eventName="SkillUseCacheTick" time="4.500" isDuration="false" guid="cc468151-0e20-456e-9118-62544a9e33e7">
        <TemplateObject name="targetId" objectName="self" id="0" isTemp="false" refParamName="" useRefParam="false" />
      </Event>
    </Track>
    <Track trackName="TriggerParticle0" eventType="TriggerParticle" guid="d3726a23-c35c-4b55-87e4-de5879318c46" enabled="true" useRefParam="false" refParamName="" r="0.000" g="0.000" b="0.000" execOnForceStopped="false" execOnActionCompleted="false">
      <Event eventName="TriggerParticle" time="0.000" length="4.500" isDuration="true" guid="afc99f66-f1cc-4332-97a6-a2976755f63a">
        <TemplateObject name="targetId" objectName="self" id="0" isTemp="false" refParamName="" useRefParam="false" />
        <TemplateObject name="objectSpaceId" objectName="self" id="0" isTemp="false" refParamName="" useRefParam="false" />
        <String name="resourceName" value="prefab_skill_effects/hero_skill_effects/110_yingzheng/yingzheng_skill03_fazhen" refParamName="" useRefParam="false" />
        <Vector3 name="bindPosOffset" x="0.000" y="1.500" z="-1.000" refParamName="" useRefParam="false" />
        <Vector3i name="scalingInt" x="10000" y="10000" z="10000" refParamName="" useRefParam="false" />
        <String name="syncAnimationName" value="" refParamName="" useRefParam="false" />
        <String name="customTagName" value="" refParamName="" useRefParam="false" />
      </Event>
    </Track>
    <Track trackName="TriggerParticle0" eventType="TriggerParticle" guid="b1dfbde1-6619-455a-96f7-7f87254c2424" enabled="true" useRefParam="false" refParamName="" r="0.000" g="0.000" b="0.000" execOnForceStopped="false" execOnActionCompleted="false">
      <Event eventName="TriggerParticle" time="0.000" length="4.500" isDuration="true" guid="f7687e35-c98d-4e74-ac9b-0ef6e438951b">
        <TemplateObject name="targetId" objectName="self" id="0" isTemp="false" refParamName="" useRefParam="false" />
        <TemplateObject name="objectSpaceId" objectName="self" id="0" isTemp="false" refParamName="" useRefParam="false" />
        <String name="resourceName" value="prefab_skill_effects/hero_skill_effects/110_yingzheng/yingzheng_skill03_jianbang" refParamName="" useRefParam="false" />
        <Vector3 name="bindPosOffset" x="0.000" y="2.000" z="-0.200" refParamName="" useRefParam="false" />
        <Vector3i name="scalingInt" x="10000" y="10000" z="10000" refParamName="" useRefParam="false" />
        <String name="syncAnimationName" value="" refParamName="" useRefParam="false" />
        <String name="customTagName" value="" refParamName="" useRefParam="false" />
      </Event>
    </Track>
    <Track trackName="PlayAnimDuration0" eventType="PlayAnimDuration" guid="9d0f1edd-5e5e-4768-a6f9-4a934a5aab6a" enabled="false" useRefParam="false" refParamName="" r="0.000" g="0.000" b="0.000" execOnForceStopped="false" execOnActionCompleted="false">
      <Event eventName="PlayAnimDuration" time="0.500" length="0.500" isDuration="true" guid="a01b6ec2-1068-43ff-bd29-5b24fabe0d22">
        <TemplateObject name="targetId" objectName="self" id="0" isTemp="false" refParamName="" useRefParam="false" />
        <String name="clipName" value="Spell03_loop" refParamName="" useRefParam="false" />
        <int name="layer" value="3" refParamName="" useRefParam="false" />
        <float name="crossFadeTime" value="0.100" refParamName="" useRefParam="false" />
      </Event>
    </Track>
    <Track trackName="PlayAnimDuration0" eventType="PlayAnimDuration" guid="481f8e7e-0517-4891-a8ff-b0b52b11a3e5" enabled="false" useRefParam="false" refParamName="" r="0.000" g="0.000" b="0.000" execOnForceStopped="false" execOnActionCompleted="false">
      <Event eventName="PlayAnimDuration" time="1.000" length="0.500" isDuration="true" guid="38d8298c-ca15-4f6b-80e1-0496267540f3">
        <TemplateObject name="targetId" objectName="self" id="0" isTemp="false" refParamName="" useRefParam="false" />
        <String name="clipName" value="Spell03_loop" refParamName="" useRefParam="false" />
        <int name="layer" value="3" refParamName="" useRefParam="false" />
        <float name="crossFadeTime" value="0.100" refParamName="" useRefParam="false" />
      </Event>
    </Track>
    <Track trackName="PlayAnimDuration0" eventType="PlayAnimDuration" guid="d3bd03c9-984d-48ee-b184-0d288b93e4ec" enabled="false" useRefParam="false" refParamName="" r="0.000" g="0.000" b="0.000" execOnForceStopped="false" execOnActionCompleted="false">
      <Event eventName="PlayAnimDuration" time="1.500" length="0.500" isDuration="true" guid="216e9ef5-6f1d-41a9-81d0-99c102650aa8">
        <TemplateObject name="targetId" objectName="self" id="0" isTemp="false" refParamName="" useRefParam="false" />
        <String name="clipName" value="Spell03_loop" refParamName="" useRefParam="false" />
        <int name="layer" value="3" refParamName="" useRefParam="false" />
        <float name="crossFadeTime" value="0.100" refParamName="" useRefParam="false" />
      </Event>
    </Track>
    <Track trackName="PlayAnimDuration0" eventType="PlayAnimDuration" guid="61ef505e-a89a-4399-aef8-4c785163dd53" enabled="false" useRefParam="false" refParamName="" r="0.000" g="0.000" b="0.000" execOnForceStopped="false" execOnActionCompleted="false">
      <Event eventName="PlayAnimDuration" time="2.000" length="0.500" isDuration="true" guid="684c5b27-e7da-4aab-91eb-7a5d0a9cfc58">
        <TemplateObject name="targetId" objectName="self" id="0" isTemp="false" refParamName="" useRefParam="false" />
        <String name="clipName" value="Spell03_loop" refParamName="" useRefParam="false" />
        <int name="layer" value="3" refParamName="" useRefParam="false" />
        <float name="crossFadeTime" value="0.100" refParamName="" useRefParam="false" />
      </Event>
    </Track>
    <Track trackName="PlayAnimDuration0" eventType="PlayAnimDuration" guid="70e7123e-466f-4dab-b4c3-651a7855ca3f" enabled="false" useRefParam="false" refParamName="" r="0.000" g="0.000" b="0.000" execOnForceStopped="false" execOnActionCompleted="false">
      <Event eventName="PlayAnimDuration" time="2.500" length="0.500" isDuration="true" guid="64d7c0a0-628b-4f41-b01f-57a04c49018f">
        <TemplateObject name="targetId" objectName="self" id="0" isTemp="false" refParamName="" useRefParam="false" />
        <String name="clipName" value="Spell03_loop" refParamName="" useRefParam="false" />
        <int name="layer" value="3" refParamName="" useRefParam="false" />
        <float name="crossFadeTime" value="0.100" refParamName="" useRefParam="false" />
      </Event>
    </Track>
    <Track trackName="PlayAnimDuration0" eventType="PlayAnimDuration" guid="94a144f8-310a-4b14-a59d-16988888a73a" enabled="false" useRefParam="false" refParamName="" r="0.000" g="0.000" b="0.000" execOnForceStopped="false" execOnActionCompleted="false">
      <Event eventName="PlayAnimDuration" time="3.000" length="0.500" isDuration="true" guid="8a806683-15c2-4905-b65e-6cb6d3a205c7">
        <TemplateObject name="targetId" objectName="self" id="0" isTemp="false" refParamName="" useRefParam="false" />
        <String name="clipName" value="Spell03_loop" refParamName="" useRefParam="false" />
        <int name="layer" value="3" refParamName="" useRefParam="false" />
        <float name="crossFadeTime" value="0.100" refParamName="" useRefParam="false" />
      </Event>
    </Track>
    <Track trackName="PlayAnimDuration0" eventType="PlayAnimDuration" guid="e83ef148-9109-40ca-abb9-c8b952f92503" enabled="false" useRefParam="false" refParamName="" r="0.000" g="0.000" b="0.000" execOnForceStopped="false" execOnActionCompleted="false">
      <Event eventName="PlayAnimDuration" time="3.500" length="0.500" isDuration="true" guid="ba8486d5-63d3-4763-a598-9133d26c05d2">
        <TemplateObject name="targetId" objectName="self" id="0" isTemp="false" refParamName="" useRefParam="false" />
        <String name="clipName" value="Spell03_loop" refParamName="" useRefParam="false" />
        <int name="layer" value="3" refParamName="" useRefParam="false" />
        <float name="crossFadeTime" value="0.100" refParamName="" useRefParam="false" />
      </Event>
    </Track>
    <Track trackName="PlayAnimDuration0" eventType="PlayAnimDuration" guid="f02870d5-db02-4aa9-874e-bd063cef86e7" enabled="false" useRefParam="false" refParamName="" r="0.000" g="0.000" b="0.000" execOnForceStopped="false" execOnActionCompleted="false">
      <Event eventName="PlayAnimDuration" time="4.000" length="0.500" isDuration="true" guid="a002443e-fc7e-4443-95e0-32a0d42c0bf6">
        <TemplateObject name="targetId" objectName="self" id="0" isTemp="false" refParamName="" useRefParam="false" />
        <String name="clipName" value="Spell03_loop" refParamName="" useRefParam="false" />
        <int name="layer" value="3" refParamName="" useRefParam="false" />
        <float name="crossFadeTime" value="0.100" refParamName="" useRefParam="false" />
      </Event>
    </Track>
    <Track trackName="SkillTimerProcessBarDuration2" eventType="SkillTimerProcessBarDuration" guid="e37f15f5-a5db-4273-bd23-9672b0b4b405" enabled="true" useRefParam="false" refParamName="" r="0.000" g="0.000" b="0.000" execOnForceStopped="false" execOnActionCompleted="false">
      <Event eventName="SkillTimerProcessBarDuration" time="0.000" length="4.500" isDuration="true" guid="ad2b7a54-b326-4ebe-837a-29a4e9bbdfd6">
        <TemplateObject name="targetId" objectName="self" id="0" isTemp="false" refParamName="" useRefParam="false" />
      </Event>
    </Track>
    <Track trackName="PlayHeroSoundTick83" eventType="PlayHeroSoundTick" guid="957f7bc6-dd22-4781-a84e-dcfa7bc30585" enabled="true" useRefParam="false" refParamName="" r="0.000" g="0.000" b="0.000" execOnForceStopped="true" execOnActionCompleted="true">
      <Event eventName="PlayHeroSoundTick" time="0.000" isDuration="false" guid="f33aa44a-8a10-42cd-b89a-45865422452c">
        <TemplateObject name="targetId" objectName="self" id="0" isTemp="false" refParamName="" useRefParam="false" />
        <TemplateObject name="sourceId" objectName="self" id="0" isTemp="false" refParamName="" useRefParam="false" />
        <String name="eventName" value="Stop_YingZheng_Skill_C" refParamName="" useRefParam="false" />
      </Event>
    </Track>
    <Track trackName="SkillHitCountDuration0" eventType="SkillHitCountDuration" guid="355d8fdc-ae53-4257-86a1-1d31bb638573" enabled="true" useRefParam="false" refParamName="" r="0.000" g="0.000" b="0.000" execOnForceStopped="false" execOnActionCompleted="false">
      <Event eventName="SkillHitCountDuration" time="0.000" length="4.500" isDuration="true" guid="0eb2722e-ca57-4540-9656-a26fcbdd61a9">
        <TemplateObject name="targetId" objectName="self" id="0" isTemp="false" refParamName="" useRefParam="false" />
        <bool name="bResetHitCount" value="true" refParamName="" useRefParam="false" />
        <Enum name="showTag" value="1" EnumValue="卡莉计数" refParamName="" useRefParam="false" />
        <int name="maxDisplayHitNum" value="99" refParamName="" useRefParam="false" />
      </Event>
    </Track>
    <Track trackName="SkillCDTriggerTick0" eventType="SkillCDTriggerTick" guid="091b1090-7ae4-494e-a525-fd5f840e50ac" enabled="true" useRefParam="false" refParamName="" r="0.000" g="0.000" b="0.000" execOnForceStopped="true" execOnActionCompleted="true">
      <Event eventName="SkillCDTriggerTick" time="0.000" isDuration="false" guid="bacf52c0-a137-4f83-a172-c02ffd2b8247">
        <TemplateObject name="targetId" objectName="self" id="0" isTemp="false" refParamName="" useRefParam="false" />
        <Enum name="slotType" value="3" EnumValue="技能3" refParamName="" useRefParam="false" />
      </Event>
    </Track>
    <Track trackName="TriggerParticle0" eventType="TriggerParticle" guid="371761bc-9216-46bd-8e19-64052c896890" enabled="true" useRefParam="false" refParamName="" r="0.000" g="0.000" b="0.000" execOnForceStopped="false" execOnActionCompleted="false" SkinAvatarFilterType="9">
      <Event eventName="TriggerParticle" time="0.000" length="4.500" isDuration="true" guid="4af99367-8a31-48fd-b17f-4f450d783932">
        <TemplateObject name="targetId" objectName="self" id="0" isTemp="false" refParamName="" useRefParam="false" />
        <TemplateObject name="objectSpaceId" objectName="self" id="0" isTemp="false" refParamName="" useRefParam="false" />
        <String name="resourceName" value="prefab_skill_effects/hero_skill_effects/110_yingzheng/yingzheng_skill03_fazhen02" refParamName="" useRefParam="false" />
        <Vector3 name="bindPosOffset" x="0.000" y="1.500" z="-1.000" refParamName="" useRefParam="false" />
        <Vector3i name="scalingInt" x="10000" y="10000" z="10000" refParamName="" useRefParam="false" />
        <String name="syncAnimationName" value="" refParamName="" useRefParam="false" />
        <String name="customTagName" value="" refParamName="" useRefParam="false" />
      </Event>
      <SkinOrAvatarList id="11009" />
      <SkinOrAvatarList id="11000" />
      <SkinOrAvatarList id="11001" />
      <SkinOrAvatarList id="11002" />
      <SkinOrAvatarList id="11003" />
      <SkinOrAvatarList id="11004" />
      <SkinOrAvatarList id="11005" />
      <SkinOrAvatarList id="11006" />
      <SkinOrAvatarList id="11007" />
      <SkinOrAvatarList id="11008" />
      <SkinOrAvatarList id="11010" />
      <SkinOrAvatarList id="11011" />
      <SkinOrAvatarList id="11012" />
      <SkinOrAvatarList id="11013" />
      <SkinOrAvatarList id="11014" />
      <SkinOrAvatarList id="11015" />
      <SkinOrAvatarList id="11016" />
      <SkinOrAvatarList id="11017" />
      <SkinOrAvatarList id="11018" />
      <SkinOrAvatarList id="11019" />
      <SkinOrAvatarList id="11020" />
      <SkinOrAvatarList id="11021" />
      <SkinOrAvatarList id="11022" />
      <SkinOrAvatarList id="11023" />
      <SkinOrAvatarList id="11024" />
    </Track>
  </Action>
</Project>