﻿<?xml version="1.0" encoding="utf-8"?>
<Project>
  <TemplateObjectList>
    <TemplateObject objectName="self" id="0" isTemp="false" />
    <TemplateObject objectName="target" id="1" isTemp="false" />
    <TemplateObject objectName="bullet" id="2" isTemp="true" />
  </TemplateObjectList>
  <RefParamList>
    <Vector3i name="_TargetDir" x="0" y="0" z="0" refParamName="" useRefParam="false" />
    <Vector3i name="_TargetPos" x="0" y="0" z="0" refParamName="" useRefParam="false" />
  </RefParamList>
  <Action tag="" length="1.600" loop="false">
    <Track trackName="SetBehaviourModeTick0" eventType="SetBehaviourModeTick" guid="884649fb-eee1-4f09-8e8c-136817834eb9" enabled="true" useRefParam="false" refParamName="" r="0.000" g="0.000" b="0.000" execOnForceStopped="false" execOnActionCompleted="false" stopAfterLastEvent="true">
      <Event eventName="SetBehaviourModeTick" time="0.000" isDuration="false" guid="208b6bc7-9b07-489b-a92f-ed4b2b4e7d8f">
        <TemplateObject name="targetId" objectName="self" id="0" isTemp="false" refParamName="" useRefParam="false" />
      </Event>
    </Track>
    <Track trackName="SetAttackDirDuration0" eventType="SetAttackDirDuration" guid="13f98c0c-0c95-4e18-aeb2-1fef43e76e8b" enabled="true" useRefParam="false" refParamName="" r="0.000" g="0.000" b="0.000" execOnForceStopped="false" execOnActionCompleted="false" stopAfterLastEvent="true">
      <Event eventName="SetAttackDirDuration" time="0.000" length="0.066" isDuration="true" guid="84bb73c9-c0e3-4b53-8e93-8ba8d8746c4a">
        <TemplateObject name="attackerId" objectName="self" id="0" isTemp="false" refParamName="" useRefParam="false" />
        <bool name="bImmediateRotate" value="true" refParamName="" useRefParam="false" />
      </Event>
    </Track>
    <Track trackName="ForbidAbilityDuration0" eventType="ForbidAbilityDuration" guid="ef83c52f-dabe-48fc-b788-c62d0b1ef8df" enabled="true" useRefParam="false" refParamName="" r="0.000" g="0.000" b="0.000" execOnForceStopped="false" execOnActionCompleted="false" stopAfterLastEvent="true">
      <Event eventName="ForbidAbilityDuration" time="0.000" length="0.400" isDuration="true" guid="c061ee91-d362-4c26-a1d1-86e6570466f0">
        <TemplateObject name="attackerId" objectName="self" id="0" isTemp="false" refParamName="" useRefParam="false" />
        <bool name="forbidMove" value="true" refParamName="" useRefParam="false" />
        <bool name="delaySkillAbort" value="true" refParamName="" useRefParam="false" />
      </Event>
    </Track>
    <Track trackName="SkillInputCacheDuration0" eventType="SkillInputCacheDuration" guid="a74d46ba-4213-46ba-a7ec-e1f30bd87c8a" enabled="true" useRefParam="false" refParamName="" r="0.000" g="0.000" b="0.000" execOnForceStopped="false" execOnActionCompleted="false" stopAfterLastEvent="true">
      <Event eventName="SkillInputCacheDuration" time="0.000" length="0.400" isDuration="true" guid="7c0b5bb6-cec4-4296-aff2-dbb3060a7d62">
        <TemplateObject name="targetId" objectName="self" id="0" isTemp="false" refParamName="" useRefParam="false" />
        <bool name="cacheSkill" value="true" refParamName="" useRefParam="false" />
        <bool name="bCacheSkillReCalcLock" value="true" refParamName="" useRefParam="false" />
      </Event>
    </Track>
    <Track trackName="SkillInputCacheDuration0" eventType="SkillInputCacheDuration" guid="94693e86-7067-4c32-b793-6b714b63159c" enabled="true" useRefParam="false" refParamName="" r="0.000" g="0.000" b="0.000" execOnForceStopped="false" execOnActionCompleted="false" stopAfterLastEvent="true">
      <Event eventName="SkillInputCacheDuration" time="0.300" length="0.100" isDuration="true" guid="b4a46371-7543-4f28-985b-0c909b550ae5">
        <TemplateObject name="targetId" objectName="self" id="0" isTemp="false" refParamName="" useRefParam="false" />
        <bool name="cacheMove" value="true" refParamName="" useRefParam="false" />
      </Event>
    </Track>
    <Track trackName="检测" eventType="CheckSkinIdTick" guid="8c59a03f-63da-4b1e-b4fb-b1edc2b0b223" enabled="true" useRefParam="false" refParamName="" r="0.000" g="0.000" b="0.000" execOnForceStopped="false" execOnActionCompleted="false" stopAfterLastEvent="true">
      <Event eventName="CheckSkinIdTick" time="0.000" isDuration="false" guid="6e9fa35a-69b8-4a7f-b6ef-2ce2c2605206">
        <TemplateObject name="targetId" objectName="self" id="0" isTemp="false" refParamName="" useRefParam="false" />
        <int name="skinId" value="12898" refParamName="" useRefParam="false" />
		<bool name="bEqual" value="false" refParamName="" useRefParam="false" />
        <bool name="bSkipLogicCheck" value="true" refParamName="" useRefParam="false" />
      </Event>
    </Track>
    <Track trackName="PlayAnimDuration0" eventType="PlayAnimDuration" guid="9d243092-f160-4189-a9da-f132595032c9" enabled="true" useRefParam="false" refParamName="" r="0.000" g="0.000" b="0.000" execOnForceStopped="false" execOnActionCompleted="false" stopAfterLastEvent="true">
      <Condition id="5" guid="8c59a03f-63da-4b1e-b4fb-b1edc2b0b223" status="true" />
      <Event eventName="PlayAnimDuration" time="0.000" length="1.600" isDuration="true" guid="6d1a8fe5-ad65-4179-8fd9-0b77288cf1de">
        <TemplateObject name="targetId" objectName="self" id="0" isTemp="false" refParamName="" useRefParam="false" />
        <String name="clipName" value="Spell1_1" refParamName="" useRefParam="false" />
        <float name="crossFadeTime" value="0.100" refParamName="" useRefParam="false" />
        <bool name="bUseFadeOutTime" value="true" refParamName="" useRefParam="false" />
        <float name="fadeOutTime" value="0.200" refParamName="" useRefParam="false" />
        <bool name="applyActionSpeed" value="true" refParamName="" useRefParam="false" />
      </Event>
    </Track>
    <Track trackName="CheckSkinIdTick3" eventType="CheckSkinIdTick" guid="0e27d1f2-8812-4d8b-9b4c-5cd8ea6684c4" enabled="false" useRefParam="false" refParamName="" r="0.000" g="0.000" b="0.000" execOnForceStopped="false" execOnActionCompleted="false" stopAfterLastEvent="true">
      <Condition id="7" guid="0e27d1f2-8812-4d8b-9b4c-5cd8ea6684c4" status="true" />
      <Event eventName="CheckSkinIdTick" time="0.000" isDuration="false" guid="78cbac8f-f7ca-493e-b816-0f59209b0473">
        <TemplateObject name="targetId" objectName="self" id="0" isTemp="false" refParamName="" useRefParam="false" />
        <int name="skinId" value="12898" refParamName="" useRefParam="false" />
        <bool name="bSkipLogicCheck" value="true" refParamName="" useRefParam="false" />
      </Event>
    </Track>
    <Track trackName="PlayAnimDuration0" eventType="PlayAnimDuration" guid="ab39d685-9fec-40fa-a141-742f91abc971" enabled="true" useRefParam="false" refParamName="" r="0.000" g="0.000" b="0.000" execOnForceStopped="false" execOnActionCompleted="false" stopAfterLastEvent="true">
      <Event eventName="PlayAnimDuration" time="0.000" length="1.400" isDuration="true" guid="61f386bd-ce1f-47db-aabb-a8c321353e32">
        <TemplateObject name="targetId" objectName="self" id="0" isTemp="false" refParamName="" useRefParam="false" />
        <String name="clipName" value="Spell1_1" refParamName="" useRefParam="false" />
        <float name="crossFadeTime" value="0.100" refParamName="" useRefParam="false" />
        <bool name="bUseFadeOutTime" value="true" refParamName="" useRefParam="false" />
        <float name="fadeOutTime" value="0.200" refParamName="" useRefParam="false" />
        <bool name="applyActionSpeed" value="true" refParamName="" useRefParam="false" />
      </Event>
    </Track>
    <Track trackName="MoveActorDuration0" eventType="MoveActorDuration" guid="1774edff-6da9-4515-8a2b-c29662f95584" enabled="true" useRefParam="false" refParamName="" r="0.000" g="0.000" b="0.000" execOnForceStopped="false" execOnActionCompleted="false" stopAfterLastEvent="true">
      <Event eventName="MoveActorDuration" time="0.000" length="0.250" isDuration="true" guid="03a1357e-76a3-4d6e-9cd6-1473764acaf6">
        <Enum name="moveType" value="2" EnumValue="指定朝向" refParamName="" useRefParam="false" />
        <TemplateObject name="actorId" objectName="self" id="0" isTemp="false" refParamName="" useRefParam="false" />
        <int name="moveDistance" value="3250" refParamName="" useRefParam="false" />
        <int name="moveSpeed" value="15152" refParamName="" useRefParam="false" />
        <bool name="enableRotate" value="true" refParamName="" useRefParam="false" />
        <bool name="IgnoreCollision" value="true" refParamName="" useRefParam="false" />
      </Event>
    </Track>
    <Track trackName="SpawnObjectDuration0" eventType="SpawnObjectDuration" guid="d7e3a6f9-943b-4dda-9650-7a88a29698f8" enabled="true" useRefParam="false" refParamName="" r="0.000" g="0.000" b="0.000" execOnForceStopped="false" execOnActionCompleted="false" stopAfterLastEvent="true">
      <Event eventName="SpawnObjectDuration" time="0.000" length="0.400" isDuration="true" guid="078b9de5-61e1-4e8f-b361-c184ec737cab">
        <TemplateObject name="targetId" objectName="bullet" id="2" isTemp="true" refParamName="" useRefParam="false" />
        <TemplateObject name="parentId" objectName="self" id="0" isTemp="false" refParamName="" useRefParam="false" />
        <TemplateObject name="objectSpaceId" objectName="self" id="0" isTemp="false" refParamName="" useRefParam="false" />
        <String name="prefabName" value="prefab_characters/commonempty" refParamName="" useRefParam="false" />
        <Vector3i name="translation" x="0" y="0" z="1000" refParamName="" useRefParam="false" />
        <bool name="modifyDirection" value="true" refParamName="" useRefParam="false" />
        <Vector3i name="direction" x="0" y="0" z="0" refParamName="targetdir" useRefParam="true" />
        <TemplateObject name="materialParentActorId" objectName="self" id="0" isTemp="false" refParamName="" useRefParam="false" />
        <TemplateObject name="visionActorId" objectName="self" id="0" isTemp="false" refParamName="" useRefParam="false" />
        <TemplateObject name="recordTargeID" objectName="None" id="-1" isTemp="false" refParamName="" useRefParam="false" />
      </Event>
    </Track>
    <Track trackName="非12812" eventType="CheckSkinIdVirtualTick" guid="dffd7f0e-97de-4159-a89f-81b9cbff17b6" enabled="true" useRefParam="false" refParamName="" r="0.000" g="0.000" b="0.000" execOnForceStopped="false" execOnActionCompleted="false" stopAfterLastEvent="true">
      <Event eventName="CheckSkinIdVirtualTick" time="0.000" isDuration="false" guid="75d4a004-1b33-45bb-9d46-65ca2fa08fa8">
        <TemplateObject name="targetId" objectName="self" id="0" isTemp="false" refParamName="" useRefParam="false" />
        <int name="skinId" value="12812" refParamName="" useRefParam="false" />
        <bool name="useNegateValue" value="true" refParamName="" useRefParam="false" />
      </Event>
    </Track>
    <Track trackName="12812" eventType="CheckSkinIdVirtualTick" guid="06c147a6-5477-4d11-b694-8457002e26b9" enabled="true" useRefParam="false" refParamName="" r="0.000" g="0.000" b="0.000" execOnForceStopped="false" execOnActionCompleted="false" stopAfterLastEvent="true">
      <Event eventName="CheckSkinIdVirtualTick" time="0.000" isDuration="false" guid="fcccf637-3413-436f-923b-8232586b7ab5">
        <TemplateObject name="targetId" objectName="self" id="0" isTemp="false" refParamName="" useRefParam="false" />
        <int name="skinId" value="12812" refParamName="" useRefParam="false" />
      </Event>
    </Track>
    <Track trackName="TriggerParticleTick6" eventType="TriggerParticleTick" guid="f9cb89e8-16d8-47df-86d6-e27e2383f586" enabled="true" useRefParam="false" refParamName="" r="0.000" g="0.000" b="0.000" execOnForceStopped="false" execOnActionCompleted="false" stopAfterLastEvent="true">
      <Condition id="12" guid="06c147a6-5477-4d11-b694-8457002e26b9" status="true" />
      <Event eventName="TriggerParticleTick" time="0.200" isDuration="false" guid="e42628a7-5697-437f-a994-9d15e2763f12">
        <TemplateObject name="targetId" objectName="None" id="-1" isTemp="false" refParamName="" useRefParam="false" />
        <TemplateObject name="objectSpaceId" objectName="self" id="0" isTemp="false" refParamName="" useRefParam="false" />
        <String name="resourceName" value="prefab_skill_effects/hero_skill_effects/128_caocao/caocao_attack01_spell01" refParamName="" useRefParam="false" />
        <Vector3 name="bindPosOffset" x="0.000" y="1.400" z="1.000" refParamName="" useRefParam="false" />
        <EulerAngle name="bindRotOffset" x="280.000" y="0.000" z="190.000" refParamName="" useRefParam="false" />
        <Vector3i name="scalingInt" x="10000" y="10000" z="10000" refParamName="" useRefParam="false" />
      </Event>
    </Track>
    <Track trackName="T2皮肤特有" eventType="TriggerParticleTick" guid="c77b525f-a992-4565-b58a-227a98728335" enabled="true" useRefParam="false" refParamName="" r="0.000" g="0.000" b="0.000" execOnForceStopped="false" execOnActionCompleted="false" stopAfterLastEvent="true">
      <Condition id="12" guid="06c147a6-5477-4d11-b694-8457002e26b9" status="true" />
      <Event eventName="TriggerParticleTick" time="0.000" isDuration="false" guid="940948e3-2d96-4fde-a068-8ada09211bb8">
        <TemplateObject name="targetId" objectName="None" id="-1" isTemp="false" refParamName="" useRefParam="false" />
        <TemplateObject name="objectSpaceId" objectName="self" id="0" isTemp="false" refParamName="" useRefParam="false" />
        <String name="resourceName" value="prefab_skill_effects/hero_skill_effects/128_caocao/caocao_attack_01skillty" refParamName="" useRefParam="false" />
        <EulerAngle name="bindRotOffset" x="0.000" y="270.000" z="0.000" refParamName="" useRefParam="false" />
        <Vector3i name="scalingInt" x="10000" y="10000" z="10000" refParamName="" useRefParam="false" />
      </Event>
    </Track>
    <Track trackName="TriggerParticleTick6" eventType="TriggerParticleTick" guid="5a3966a0-1a6d-420c-82ed-be363b380a4f" enabled="true" useRefParam="false" refParamName="" r="0.000" g="0.000" b="0.000" execOnForceStopped="false" execOnActionCompleted="false" stopAfterLastEvent="true">
      <Condition id="11" guid="dffd7f0e-97de-4159-a89f-81b9cbff17b6" status="true" />
      <Event eventName="TriggerParticleTick" time="0.250" isDuration="false" guid="2ae2f1ce-3e8d-4001-983d-26a09d542e0c">
        <TemplateObject name="targetId" objectName="None" id="-1" isTemp="false" refParamName="" useRefParam="false" />
        <TemplateObject name="objectSpaceId" objectName="self" id="0" isTemp="false" refParamName="" useRefParam="false" />
        <String name="resourceName" value="prefab_skill_effects/hero_skill_effects/128_caocao/caocao_attack01_spell01" refParamName="" useRefParam="false" />
        <Vector3 name="bindPosOffset" x="0.000" y="1.400" z="1.000" refParamName="" useRefParam="false" />
        <EulerAngle name="bindRotOffset" x="280.000" y="0.000" z="190.000" refParamName="" useRefParam="false" />
        <Vector3 name="scaling" x="1.200" y="1.200" z="1.200" refParamName="" useRefParam="false" />
        <Vector3i name="scalingInt" x="10000" y="10000" z="10000" refParamName="" useRefParam="false" />
      </Event>
    </Track>
    <Track trackName="T2皮肤特有" eventType="TriggerParticleTick" guid="05cf554e-dcc9-466b-a450-b20b61336703" enabled="true" useRefParam="false" refParamName="" r="0.000" g="0.000" b="0.000" execOnForceStopped="false" execOnActionCompleted="false" stopAfterLastEvent="true">
      <Condition id="11" guid="dffd7f0e-97de-4159-a89f-81b9cbff17b6" status="true" />
      <Event eventName="TriggerParticleTick" time="0.000" isDuration="false" guid="3675786a-f114-4899-9acc-c511ea964961">
        <TemplateObject name="targetId" objectName="None" id="-1" isTemp="false" refParamName="" useRefParam="false" />
        <TemplateObject name="objectSpaceId" objectName="self" id="0" isTemp="false" refParamName="" useRefParam="false" />
        <String name="resourceName" value="prefab_skill_effects/hero_skill_effects/128_caocao/caocao_attack_01skillty" refParamName="" useRefParam="false" />
        <EulerAngle name="bindRotOffset" x="0.000" y="270.000" z="0.000" refParamName="" useRefParam="false" />
        <Vector3 name="scaling" x="1.200" y="1.200" z="1.200" refParamName="" useRefParam="false" />
        <Vector3i name="scalingInt" x="10000" y="10000" z="10000" refParamName="" useRefParam="false" />
      </Event>
    </Track>
    <Track trackName="SetCollisionTick0" eventType="SetCollisionTick" guid="e1b146b5-4667-4a54-9ced-80750fe2a2d7" enabled="true" useRefParam="false" refParamName="" r="0.000" g="0.000" b="0.000" execOnForceStopped="false" execOnActionCompleted="false" stopAfterLastEvent="true">
      <Event eventName="SetCollisionTick" time="0.000" isDuration="false" guid="7094f818-5310-4e59-a5c9-8f217edb4702">
        <TemplateObject name="targetId" objectName="bullet" id="2" isTemp="true" refParamName="" useRefParam="false" />
        <Vector3i name="Size" x="3500" y="8000" z="4500" refParamName="" useRefParam="false" />
        <int name="Radius" value="0" refParamName="" useRefParam="false" />
        <int name="Rotation" value="160" refParamName="" useRefParam="false" />
      </Event>
    </Track>
    <Track trackName="HitTriggerDuration0" eventType="HitTriggerDuration" guid="bb8a4fee-0237-4217-8a07-2ea90fe63ffd" enabled="true" useRefParam="false" refParamName="" r="0.000" g="0.000" b="0.000" execOnForceStopped="false" execOnActionCompleted="false" stopAfterLastEvent="true">
      <Event eventName="HitTriggerDuration" time="0.000" length="0.400" isDuration="true" guid="7fe5632d-14d4-4a80-b269-6eb085aeb424">
        <TemplateObject name="triggerId" objectName="bullet" id="2" isTemp="true" refParamName="" useRefParam="false" />
        <TemplateObject name="attackerId" objectName="self" id="0" isTemp="false" refParamName="" useRefParam="false" />
        <bool name="bFileterOrgan" value="true" refParamName="" useRefParam="false" />
        <TemplateObject name="bulletID" objectName="None" id="-1" isTemp="false" refParamName="" useRefParam="false" />
        <int name="CollideMaxCount" value="1" refParamName="" useRefParam="false" />
        <bool name="bTotalHitCount" value="true" refParamName="" useRefParam="false" />
        <int name="TargetSkillCombine_1" value="128100" refParamName="" useRefParam="false" />
        <String name="BulletActionName" value="" refParamName="" useRefParam="false" />
      </Event>
    </Track>
    <Track trackName="大招检测" eventType="CheckSkillCombineConditionTick" guid="90bd2510-3f0a-4387-9879-e97b13445eb0" enabled="true" useRefParam="false" refParamName="" r="0.000" g="0.000" b="0.000" execOnForceStopped="false" execOnActionCompleted="false" stopAfterLastEvent="true">
      <Event eventName="CheckSkillCombineConditionTick" time="0.000" isDuration="false" guid="374bd4be-2b9d-45af-bee8-608f4167e664">
        <TemplateObject name="targetId" objectName="self" id="0" isTemp="false" refParamName="" useRefParam="false" />
        <int name="skillCombineId" value="128300" refParamName="" useRefParam="false" />
        <Enum name="checkOPType" value="3" EnumValue="等于" refParamName="" useRefParam="false" />
        <int name="skillCombineLevel" value="1" refParamName="" useRefParam="false" />
      </Event>
    </Track>
    <Track trackName="HitTriggerDuration14" eventType="HitTriggerDuration" guid="0331edfe-3800-438d-a344-e7a61ab2fa05" enabled="true" useRefParam="false" refParamName="" r="0.000" g="0.000" b="0.000" execOnForceStopped="false" execOnActionCompleted="false" stopAfterLastEvent="true">
      <Condition id="19" guid="90bd2510-3f0a-4387-9879-e97b13445eb0" status="true" />
      <Event eventName="HitTriggerDuration" time="0.000" length="0.400" isDuration="true" guid="49058404-49c6-4ae5-9f36-47e3eccd45dc">
        <TemplateObject name="triggerId" objectName="bullet" id="2" isTemp="true" refParamName="" useRefParam="false" />
        <TemplateObject name="attackerId" objectName="self" id="0" isTemp="false" refParamName="" useRefParam="false" />
        <int name="triggerInterval" value="40" refParamName="" useRefParam="false" />
        <int name="TriggerActorInterval" value="40" refParamName="" useRefParam="false" />
        <bool name="bFileterOrgan" value="true" refParamName="" useRefParam="false" />
        <TemplateObject name="bulletID" objectName="None" id="-1" isTemp="false" refParamName="" useRefParam="false" />
        <int name="TriggerActorCount" value="32" refParamName="" useRefParam="false" />
        <int name="CollideMaxCount" value="1" refParamName="" useRefParam="false" />
        <int name="MaxSelfBuffCount" value="1" refParamName="" useRefParam="false" />
        <int name="SelfSkillCombineID_1" value="128330" refParamName="" useRefParam="false" />
        <String name="BulletActionName" value="" refParamName="" useRefParam="false" />
      </Event>
    </Track>
    <Track trackName="HitTriggerDuration0" eventType="HitTriggerDuration" guid="8becb93d-b1f5-49be-a8b1-e57dcbc3a2af" enabled="false" useRefParam="false" refParamName="" r="0.000" g="0.000" b="0.000" execOnForceStopped="false" execOnActionCompleted="false" stopAfterLastEvent="true">
      <Event eventName="HitTriggerDuration" time="0.000" length="0.333" isDuration="true" guid="8302fea3-94d6-4c3e-ba8e-e48f141ded4f">
        <TemplateObject name="triggerId" objectName="bullet" id="2" isTemp="true" refParamName="" useRefParam="false" />
        <TemplateObject name="attackerId" objectName="self" id="0" isTemp="false" refParamName="" useRefParam="false" />
        <bool name="bFileterOrgan" value="true" refParamName="" useRefParam="false" />
        <TemplateObject name="bulletID" objectName="None" id="-1" isTemp="false" refParamName="" useRefParam="false" />
        <int name="CollideMaxCount" value="1" refParamName="" useRefParam="false" />
        <int name="MaxSelfBuffCount" value="1" refParamName="" useRefParam="false" />
        <bool name="bTotalHitCount" value="true" refParamName="" useRefParam="false" />
        <int name="SelfSkillCombineID_1" value="128900" refParamName="" useRefParam="false" />
        <String name="BulletActionName" value="" refParamName="" useRefParam="false" />
      </Event>
    </Track>
    <Track trackName="HitTriggerDuration0" eventType="HitTriggerDuration" guid="36f1bd71-c20c-4f1a-8e3b-01353846fe9b" enabled="false" useRefParam="false" refParamName="" r="0.000" g="0.000" b="0.000" execOnForceStopped="false" execOnActionCompleted="false" stopAfterLastEvent="true">
      <Event eventName="HitTriggerDuration" time="0.000" length="0.333" isDuration="true" guid="0dce67c0-72d2-404d-a864-25ae74874c90">
        <TemplateObject name="triggerId" objectName="bullet" id="2" isTemp="true" refParamName="" useRefParam="false" />
        <TemplateObject name="attackerId" objectName="self" id="0" isTemp="false" refParamName="" useRefParam="false" />
        <bool name="bFileterMonter" value="true" refParamName="" useRefParam="false" />
        <bool name="bFileterOrgan" value="true" refParamName="" useRefParam="false" />
        <TemplateObject name="bulletID" objectName="None" id="-1" isTemp="false" refParamName="" useRefParam="false" />
        <int name="CollideMaxCount" value="1" refParamName="" useRefParam="false" />
        <int name="MaxSelfBuffCount" value="1" refParamName="" useRefParam="false" />
        <bool name="bTotalHitCount" value="true" refParamName="" useRefParam="false" />
        <int name="SelfSkillCombineID_1" value="128901" refParamName="" useRefParam="false" />
        <String name="BulletActionName" value="" refParamName="" useRefParam="false" />
      </Event>
    </Track>
    <Track trackName="ChangeSkillTriggerTick1" eventType="ChangeSkillTriggerTick" guid="8b4dc0df-9c1f-4eb4-a9e7-2744977f9084" enabled="true" useRefParam="false" refParamName="" r="0.000" g="0.000" b="0.000" execOnForceStopped="false" execOnActionCompleted="false" stopAfterLastEvent="true">
      <Event eventName="ChangeSkillTriggerTick" time="0.000" isDuration="false" guid="959f0bee-5c63-40cb-9b5b-60120fe5fb4d">
        <TemplateObject name="targetId" objectName="self" id="0" isTemp="false" refParamName="" useRefParam="false" />
        <Enum name="slotType" value="1" EnumValue="技能1" refParamName="" useRefParam="false" />
        <int name="effectTime" value="3500" refParamName="" useRefParam="false" />
        <int name="recoverSkillID" value="12810" refParamName="" useRefParam="false" />
        <bool name="bOvertimeCD" value="false" refParamName="" useRefParam="false" />
        <TemplateObject name="attackTargetId" objectName="target" id="1" isTemp="false" refParamName="" useRefParam="false" />
        <int name="changeSkillID" value="12811" refParamName="" useRefParam="false" />
      </Event>
    </Track>
    <Track trackName="SkillUseCacheTick0" eventType="SkillUseCacheTick" guid="e03d493e-77e8-4c61-b376-297642301904" enabled="true" useRefParam="false" refParamName="" r="0.000" g="0.000" b="0.000" execOnForceStopped="false" execOnActionCompleted="false" stopAfterLastEvent="true">
      <Event eventName="SkillUseCacheTick" time="0.400" isDuration="false" guid="4e03bb2a-390c-4ce9-bc79-8b99baa4571e">
        <TemplateObject name="targetId" objectName="self" id="0" isTemp="false" refParamName="" useRefParam="false" />
      </Event>
    </Track>
    <Track trackName="PlayHeroSoundTick22" eventType="PlayHeroSoundTick" guid="c995a857-9111-43cf-a09d-e9253d7a1972" enabled="true" useRefParam="false" refParamName="" r="0.000" g="0.000" b="0.000" execOnForceStopped="false" execOnActionCompleted="false" stopAfterLastEvent="true">
      <Event eventName="PlayHeroSoundTick" time="0.066" isDuration="false" guid="5a015e82-0b73-47b1-9910-84d4f5289d47">
        <TemplateObject name="targetId" objectName="self" id="0" isTemp="false" refParamName="" useRefParam="false" />
        <TemplateObject name="sourceId" objectName="self" id="0" isTemp="false" refParamName="" useRefParam="false" />
        <String name="eventName" value="Play_CaoCao_Skill_A" refParamName="" useRefParam="false" />
      </Event>
    </Track>
    <Track trackName="PlayHeroSoundTick1" eventType="PlayHeroSoundTick" guid="62bcc654-0212-48b8-bca6-8145b2a4ada3" enabled="true" useRefParam="false" refParamName="" r="0.000" g="0.000" b="0.000" execOnForceStopped="false" execOnActionCompleted="false" stopAfterLastEvent="true">
      <Event eventName="PlayHeroSoundTick" time="0.066" isDuration="false" guid="5a32c4d2-a7b2-46f1-aec3-8c1dc064f1c6">
        <TemplateObject name="targetId" objectName="self" id="0" isTemp="false" refParamName="" useRefParam="false" />
        <TemplateObject name="sourceId" objectName="self" id="0" isTemp="false" refParamName="" useRefParam="false" />
        <String name="eventName" value="Play_CaoCao_Voice_Skill_A" refParamName="" useRefParam="false" />
      </Event>
    </Track>
    <Track trackName="HitTriggerTick1" eventType="HitTriggerTick" guid="03126889-06d1-4061-81d7-109ff0033e2e" enabled="true" useRefParam="false" refParamName="" r="0.000" g="0.000" b="0.000" execOnForceStopped="false" execOnActionCompleted="false" stopAfterLastEvent="true">
      <Event eventName="HitTriggerTick" time="0.000" isDuration="false" guid="5e37528e-e634-4dcd-9cd7-8bd029124d64">
        <TemplateObject name="targetId" objectName="self" id="0" isTemp="false" refParamName="" useRefParam="false" />
        <int name="SelfSkillCombineID_1" value="910000" refParamName="" useRefParam="false" />
        <int name="SelfSkillCombineID_2" value="128910" refParamName="" useRefParam="false" />
        <int name="SelfSkillCombineID_3" value="128130" refParamName="" useRefParam="false" />
        <TemplateObject name="triggerId" objectName="None" id="-1" isTemp="false" refParamName="" useRefParam="false" />
      </Event>
    </Track>
    <Track trackName="被动攻速检测" eventType="CheckSkillCombineConditionTick" guid="aa1e77f5-59ed-42d8-8c75-18161dca80fe" enabled="true" useRefParam="false" refParamName="" r="0.000" g="0.000" b="0.000" execOnForceStopped="false" execOnActionCompleted="false" stopAfterLastEvent="true">
      <Event eventName="CheckSkillCombineConditionTick" time="0.000" isDuration="false" guid="15fd8c40-5a75-4cfa-8717-9fd32bee2e5a">
        <TemplateObject name="targetId" objectName="self" id="0" isTemp="false" refParamName="" useRefParam="false" />
        <int name="skillCombineId" value="128920" refParamName="" useRefParam="false" />
        <Enum name="checkOPType" value="1" EnumValue="小于" refParamName="" useRefParam="false" />
        <int name="skillCombineLevel" value="1" refParamName="" useRefParam="false" />
      </Event>
    </Track>
    <Track trackName="加攻速" eventType="HitTriggerTick" guid="384648a6-0ca2-484c-8b53-622afbeb29b6" enabled="true" useRefParam="false" refParamName="" r="0.000" g="0.000" b="0.000" execOnForceStopped="false" execOnActionCompleted="false" stopAfterLastEvent="true">
      <Condition id="28" guid="aa1e77f5-59ed-42d8-8c75-18161dca80fe" status="true" />
      <Event eventName="HitTriggerTick" time="0.000" isDuration="false" guid="26dcfc37-4fcf-40fb-88a5-066a5abe31ba">
        <TemplateObject name="targetId" objectName="self" id="0" isTemp="false" refParamName="" useRefParam="false" />
        <int name="SelfSkillCombineID_1" value="128920" refParamName="" useRefParam="false" />
        <TemplateObject name="triggerId" objectName="None" id="-1" isTemp="false" refParamName="" useRefParam="false" />
      </Event>
    </Track>
    <Track trackName="切换强普" eventType="ChangeSkillTriggerTick" guid="519404dc-5b87-4439-a5da-28511395a719" enabled="true" useRefParam="false" refParamName="" r="0.000" g="0.000" b="0.000" execOnForceStopped="false" execOnActionCompleted="false" stopAfterLastEvent="true">
      <Event eventName="ChangeSkillTriggerTick" time="0.000" isDuration="false" guid="e5dac254-e6c6-491f-9a8b-503f76fc97f9">
        <TemplateObject name="targetId" objectName="self" id="0" isTemp="false" refParamName="" useRefParam="false" />
        <int name="effectTime" value="5000" refParamName="" useRefParam="false" />
        <int name="recoverSkillID" value="12841" refParamName="" useRefParam="false" />
        <TemplateObject name="attackTargetId" objectName="target" id="1" isTemp="false" refParamName="" useRefParam="false" />
        <int name="changeSkillID" value="12840" refParamName="" useRefParam="false" />
      </Event>
    </Track>
    <Track trackName="UI条层数" eventType="HitTriggerTick" guid="59469a53-c45f-47f1-a11c-8f5264e33268" enabled="false" useRefParam="false" refParamName="" r="0.000" g="0.000" b="0.000" execOnForceStopped="false" execOnActionCompleted="false" stopAfterLastEvent="true">
      <Event eventName="HitTriggerTick" time="0.000" isDuration="false" guid="fb5d8d9a-d280-4bb5-a15e-b31c6b154572">
        <TemplateObject name="targetId" objectName="self" id="0" isTemp="false" refParamName="" useRefParam="false" />
        <int name="SelfSkillCombineID_1" value="128999" refParamName="" useRefParam="false" />
        <int name="SelfSkillCombineID_2" value="128998" refParamName="" useRefParam="false" />
        <TemplateObject name="triggerId" objectName="None" id="-1" isTemp="false" refParamName="" useRefParam="false" />
      </Event>
    </Track>
  </Action>
</Project>