﻿<?xml version="1.0" encoding="utf-8"?>
<Project>
  <TemplateObjectList>
    <TemplateObject objectName="self" id="0" isTemp="false" />
    <TemplateObject objectName="target" id="1" isTemp="false" />
    <TemplateObject objectName="bullet" id="2" isTemp="true" />
  </TemplateObjectList>
  <RefParamList>
    <Vector3i name="targetdir" x="0" y="0" z="0" refParamName="" useRefParam="false" />
    <Vector3i name="_TargetPos" x="0" y="0" z="0" refParamName="" useRefParam="false" />
  </RefParamList>
  <Action tag="" length="2.000" loop="false">
    <Track trackName="ForbidAbilityDuration0" eventType="ForbidAbilityDuration" guid="ef83c52f-dabe-48fc-b788-c62d0b1ef8df" enabled="true" useRefParam="false" refParamName="" r="0.000" g="0.000" b="0.000" execOnForceStopped="false" execOnActionCompleted="false">
      <Event eventName="ForbidAbilityDuration" time="0.000" length="0.333" isDuration="true" guid="1aca6751-3b7e-4187-8599-1614cef342e2">
        <TemplateObject name="attackerId" objectName="self" id="0" isTemp="false" refParamName="" useRefParam="false" />
        <bool name="forbidFilterSkill2" value="true" refParamName="" useRefParam="false" />
        <bool name="forbidFilterSkill3" value="true" refParamName="" useRefParam="false" />
        <bool name="forbidFilterSkill4" value="true" refParamName="" useRefParam="false" />
        <bool name="forbidFilterSkill5" value="true" refParamName="" useRefParam="false" />
        <bool name="forbidFilterSkill6" value="true" refParamName="" useRefParam="false" />
        <bool name="forbidFilterSkill7" value="true" refParamName="" useRefParam="false" />
        <bool name="forbidFilterSkill9" value="true" refParamName="" useRefParam="false" />
        <bool name="forbidFilterSkill11" value="true" refParamName="" useRefParam="false" />
      </Event>
    </Track>
    <Track trackName="SkillInputCacheDuration56" eventType="SkillInputCacheDuration" guid="7b862fcd-a47e-45a9-8aa4-5d6809ed9fe7" enabled="true" useRefParam="false" refParamName="" r="0.000" g="0.000" b="0.000" execOnForceStopped="false" execOnActionCompleted="false">
      <Event eventName="SkillInputCacheDuration" time="0.000" length="0.333" isDuration="true" guid="927735ce-2bba-4a21-b879-de9cedd1c002">
        <TemplateObject name="targetId" objectName="self" id="0" isTemp="false" refParamName="" useRefParam="false" />
        <bool name="cacheSkill" value="true" refParamName="" useRefParam="false" />
        <bool name="forceCacheSkill" value="true" refParamName="" useRefParam="false" />
        <bool name="bCacheSkillReCalcLock" value="true" refParamName="" useRefParam="false" />
      </Event>
    </Track>
    <Track trackName="11620" eventType="CheckSkinIdVirtualTick" guid="0f2b6e4a-0dc8-4306-9bbc-4076a2888037" enabled="true" useRefParam="false" refParamName="" r="0.000" g="0.000" b="0.000" execOnForceStopped="false" execOnActionCompleted="false">
      <Event eventName="CheckSkinIdVirtualTick" time="0.000" isDuration="false" guid="70efbfed-9512-46bd-98e6-5a9eb2382c27">
        <TemplateObject name="targetId" objectName="self" id="0" isTemp="false" refParamName="" useRefParam="false" />
        <int name="skinId" value="11620" refParamName="" useRefParam="false" />
      </Event>
    </Track>
    <Track trackName="非11620" eventType="CheckSkinIdVirtualTick" guid="85daad19-b9f0-4139-9a9f-9194ca485fee" enabled="true" useRefParam="false" refParamName="" r="0.000" g="0.000" b="0.000" execOnForceStopped="false" execOnActionCompleted="false">
      <Event eventName="CheckSkinIdVirtualTick" time="0.000" isDuration="false" guid="e37bb0fa-aa4f-4a5f-9c2b-9c6ec112453b">
        <TemplateObject name="targetId" objectName="self" id="0" isTemp="false" refParamName="" useRefParam="false" />
        <int name="skinId" value="11620" refParamName="" useRefParam="false" />
        <bool name="useNegateValue" value="true" refParamName="" useRefParam="false" />
      </Event>
    </Track>
    <Track trackName="PlayAnimDuration0" eventType="PlayAnimDuration" guid="9d243092-f160-4189-a9da-f132595032c9" enabled="true" useRefParam="false" refParamName="" r="0.000" g="0.000" b="0.000" execOnForceStopped="false" execOnActionCompleted="false">
      <Condition id="3" guid="85daad19-b9f0-4139-9a9f-9194ca485fee" status="true" />
      <Event eventName="PlayAnimDuration" time="0.000" length="0.633" isDuration="true" guid="0ae84f0b-9857-46b2-a33c-216291842842">
        <TemplateObject name="targetId" objectName="self" id="0" isTemp="false" refParamName="" useRefParam="false" />
        <String name="clipName" value="Spell1" refParamName="" useRefParam="false" />
        <float name="crossFadeTime" value="0.133" refParamName="" useRefParam="false" />
        <bool name="bUseFadeOutTime" value="true" refParamName="" useRefParam="false" />
        <float name="fadeOutTime" value="0.200" refParamName="" useRefParam="false" />
        <float name="endTime" value="9999.000" refParamName="" useRefParam="false" />
        <bool name="applyActionSpeed" value="true" refParamName="" useRefParam="false" />
      </Event>
    </Track>
    <Track trackName="Y=0" eventType="FilterTargetType" guid="f3741a6e-4631-4f5f-87d8-17a63c12d8c8" enabled="true" useRefParam="false" refParamName="" r="0.000" g="0.000" b="0.000" execOnForceStopped="false" execOnActionCompleted="false">
      <Condition id="2" guid="0f2b6e4a-0dc8-4306-9bbc-4076a2888037" status="true" />
      <Event eventName="FilterTargetType" time="0.000" isDuration="false" guid="ae9154d7-eff6-4ffb-9921-bbf04e3ea72c">
        <TemplateObject name="targetId" objectName="self" id="0" isTemp="false" refParamName="" useRefParam="false" />
        <bool name="bFilterBufferLayers" value="true" refParamName="" useRefParam="false" />
        <int name="buffId" value="116896" refParamName="" useRefParam="false" />
        <Enum name="operatorType" value="3" EnumValue="等于" refParamName="" useRefParam="false" />
      </Event>
    </Track>
    <Track trackName="PlayHeroSoundTick1" eventType="PlayHeroSoundTick" guid="a9338a39-d9d1-4a60-b049-1cc88cec8c37" enabled="true" useRefParam="false" refParamName="" r="0.000" g="0.000" b="0.000" execOnForceStopped="false" execOnActionCompleted="false">
      <Condition id="5" guid="f3741a6e-4631-4f5f-87d8-17a63c12d8c8" status="true" />
      <Condition id="2" guid="0f2b6e4a-0dc8-4306-9bbc-4076a2888037" status="true" />
      <Event eventName="PlayHeroSoundTick" time="0.000" isDuration="false" guid="0d873e48-4325-42f7-b7bc-c61eff90d9a2">
        <TemplateObject name="targetId" objectName="self" id="0" isTemp="false" refParamName="" useRefParam="false" />
        <TemplateObject name="sourceId" objectName="self" id="0" isTemp="false" refParamName="" useRefParam="false" />
        <String name="eventName" value="Play_JingKe_Skill_A_1" refParamName="" useRefParam="false" />
        <Array name="extraSkinId" refParamName="" useRefParam="false" type="uint">
          <uint value="11" />
          <uint value="13" />
          <uint value="14" />
          <uint value="15" />
        </Array>
      </Event>
    </Track>
    <Track trackName="PlayAnimDuration0" eventType="PlayAnimDuration" guid="bb81361d-7c1a-4927-a0ea-c1525840daa9" enabled="true" useRefParam="false" refParamName="" r="0.000" g="0.000" b="0.000" execOnForceStopped="false" execOnActionCompleted="false">
      <Condition id="5" guid="f3741a6e-4631-4f5f-87d8-17a63c12d8c8" status="true" />
      <Condition id="2" guid="0f2b6e4a-0dc8-4306-9bbc-4076a2888037" status="true" />
      <Event eventName="PlayAnimDuration" time="0.000" length="0.867" isDuration="true" guid="02144747-b5cd-4f10-87e0-7f91ba252906">
        <TemplateObject name="targetId" objectName="self" id="0" isTemp="false" refParamName="" useRefParam="false" />
        <String name="clipName" value="Spell1_1" refParamName="" useRefParam="false" />
        <float name="crossFadeTime" value="0.100" refParamName="" useRefParam="false" />
        <float name="fadeOutTime" value="0.200" refParamName="" useRefParam="false" />
        <float name="endTime" value="9999.000" refParamName="" useRefParam="false" />
        <bool name="applyActionSpeed" value="true" refParamName="" useRefParam="false" />
      </Event>
    </Track>
    <Track trackName="TriggerParticle0" eventType="TriggerParticle" guid="4ed38ecb-dcfd-4986-9739-3f2035bb5043" enabled="true" useRefParam="false" refParamName="" r="0.000" g="0.000" b="0.000" execOnForceStopped="false" execOnActionCompleted="false">
      <Condition id="5" guid="f3741a6e-4631-4f5f-87d8-17a63c12d8c8" status="true" />
      <Condition id="2" guid="0f2b6e4a-0dc8-4306-9bbc-4076a2888037" status="true" />
      <Event eventName="TriggerParticle" time="0.000" length="2.000" isDuration="true" guid="bd2a8d52-6844-4997-b09b-2fc3db559325">
        <TemplateObject name="targetId" objectName="None" id="-1" isTemp="false" refParamName="" useRefParam="false" />
        <TemplateObject name="objectSpaceId" objectName="self" id="0" isTemp="false" refParamName="" useRefParam="false" />
        <String name="resourceName" value="Prefab_Skill_Effects/Component_Effects/11620/11620_3/jingke_attack_spell01_T3_A01" refParamName="" useRefParam="false" />
        <Vector3i name="scalingInt" x="10000" y="10000" z="10000" refParamName="" useRefParam="false" />
        <bool name="bUseRealScaling" value="true" refParamName="" useRefParam="false" />
        <bool name="bAllowEmptyEffect" value="true" refParamName="" useRefParam="false" />
        <String name="syncAnimationName" value="" refParamName="" useRefParam="false" />
        <String name="customTagName" value="" refParamName="" useRefParam="false" />
      </Event>
    </Track>
    <Track trackName="TriggerParticle0" eventType="TriggerParticle" guid="da8ca624-d611-4b56-838a-8ce7d22b13fa" enabled="true" useRefParam="false" refParamName="" r="0.000" g="0.000" b="0.000" execOnForceStopped="false" execOnActionCompleted="false">
      <Condition id="5" guid="f3741a6e-4631-4f5f-87d8-17a63c12d8c8" status="true" />
      <Condition id="2" guid="0f2b6e4a-0dc8-4306-9bbc-4076a2888037" status="true" />
      <Event eventName="TriggerParticle" time="0.000" length="2.000" isDuration="true" guid="25953018-376c-4eec-9ffc-a0505f884eb7">
        <TemplateObject name="targetId" objectName="None" id="-1" isTemp="false" refParamName="" useRefParam="false" />
        <TemplateObject name="objectSpaceId" objectName="self" id="0" isTemp="false" refParamName="" useRefParam="false" />
        <String name="resourceName" value="Prefab_Skill_Effects/Component_Effects/11620/11620_3/jingke_attack_spell01_T3_A02" refParamName="" useRefParam="false" />
        <Vector3i name="scalingInt" x="10000" y="10000" z="10000" refParamName="" useRefParam="false" />
        <bool name="bUseRealScaling" value="true" refParamName="" useRefParam="false" />
        <bool name="bAllowEmptyEffect" value="true" refParamName="" useRefParam="false" />
        <String name="syncAnimationName" value="" refParamName="" useRefParam="false" />
        <String name="customTagName" value="" refParamName="" useRefParam="false" />
      </Event>
    </Track>
    <Track trackName="TriggerParticle0" eventType="TriggerParticle" guid="c7eba92d-b598-4df2-9ab8-88994f3bee7d" enabled="true" useRefParam="false" refParamName="" r="0.000" g="0.000" b="0.000" execOnForceStopped="false" execOnActionCompleted="false">
      <Condition id="5" guid="f3741a6e-4631-4f5f-87d8-17a63c12d8c8" status="true" />
      <Condition id="2" guid="0f2b6e4a-0dc8-4306-9bbc-4076a2888037" status="true" />
      <Event eventName="TriggerParticle" time="0.000" length="2.000" isDuration="true" guid="7a0a07c7-1d8f-474e-8134-a610a9a8c1dc">
        <TemplateObject name="targetId" objectName="None" id="-1" isTemp="false" refParamName="" useRefParam="false" />
        <TemplateObject name="objectSpaceId" objectName="self" id="0" isTemp="false" refParamName="" useRefParam="false" />
        <String name="resourceName" value="Prefab_Skill_Effects/Component_Effects/11620/11620_3/jingke_attack_spell01_T3_A03" refParamName="" useRefParam="false" />
        <Vector3i name="scalingInt" x="10000" y="10000" z="10000" refParamName="" useRefParam="false" />
        <bool name="bUseRealScaling" value="true" refParamName="" useRefParam="false" />
        <bool name="bAllowEmptyEffect" value="true" refParamName="" useRefParam="false" />
        <String name="syncAnimationName" value="" refParamName="" useRefParam="false" />
        <String name="customTagName" value="" refParamName="" useRefParam="false" />
      </Event>
    </Track>
    <Track trackName="set Y=1" eventType="SimpleSpawnBuffTick" guid="c6a885b7-385b-475c-9c73-76d1d51dc1ac" enabled="true" useRefParam="false" refParamName="" r="0.000" g="0.000" b="0.000" execOnForceStopped="false" execOnActionCompleted="false">
      <Condition id="5" guid="f3741a6e-4631-4f5f-87d8-17a63c12d8c8" status="true" />
      <Condition id="2" guid="0f2b6e4a-0dc8-4306-9bbc-4076a2888037" status="true" />
      <Event eventName="SimpleSpawnBuffTick" time="0.200" isDuration="false" guid="5b647f9f-cf4b-421c-b84d-951ec68432b4">
        <TemplateObject name="originatorId" objectName="self" id="0" isTemp="false" refParamName="" useRefParam="false" />
        <TemplateObject name="targetId" objectName="self" id="0" isTemp="false" refParamName="" useRefParam="false" />
        <bool name="bIgnoreSetTargetBeAttackHit" value="true" refParamName="" useRefParam="false" />
        <Array name="buffIds" refParamName="" useRefParam="false" type="int">
          <int value="116896" />
        </Array>
        <int name="buffLayer" value="1" refParamName="" useRefParam="false" />
      </Event>
    </Track>
    <Track trackName="Y=1" eventType="FilterTargetType" guid="12e388b7-8eeb-41d2-9c98-bedea66712bf" enabled="true" useRefParam="false" refParamName="" r="0.000" g="0.000" b="0.000" execOnForceStopped="false" execOnActionCompleted="false">
      <Condition id="2" guid="0f2b6e4a-0dc8-4306-9bbc-4076a2888037" status="true" />
      <Event eventName="FilterTargetType" time="0.000" isDuration="false" guid="6b707816-a7d0-436d-928c-008910f88b3c">
        <TemplateObject name="targetId" objectName="self" id="0" isTemp="false" refParamName="" useRefParam="false" />
        <bool name="bFilterBufferLayers" value="true" refParamName="" useRefParam="false" />
        <int name="buffId" value="116896" refParamName="" useRefParam="false" />
        <Enum name="operatorType" value="3" EnumValue="等于" refParamName="" useRefParam="false" />
        <int name="buffLayers" value="1" refParamName="" useRefParam="false" />
      </Event>
    </Track>
    <Track trackName="PlayHeroSoundTick1" eventType="PlayHeroSoundTick" guid="a0fe442c-cd68-4a05-a08e-5bd7b4b7ba97" enabled="true" useRefParam="false" refParamName="" r="0.000" g="0.000" b="0.000" execOnForceStopped="false" execOnActionCompleted="false">
      <Condition id="12" guid="12e388b7-8eeb-41d2-9c98-bedea66712bf" status="true" />
      <Condition id="2" guid="0f2b6e4a-0dc8-4306-9bbc-4076a2888037" status="true" />
      <Event eventName="PlayHeroSoundTick" time="0.000" isDuration="false" guid="34621207-130a-4099-8e5c-d68ad87d328d">
        <TemplateObject name="targetId" objectName="self" id="0" isTemp="false" refParamName="" useRefParam="false" />
        <TemplateObject name="sourceId" objectName="self" id="0" isTemp="false" refParamName="" useRefParam="false" />
        <String name="eventName" value="Play_JingKe_Skill_A_2" refParamName="" useRefParam="false" />
        <Array name="extraSkinId" refParamName="" useRefParam="false" type="uint">
          <uint value="11" />
          <uint value="13" />
          <uint value="14" />
          <uint value="15" />
        </Array>
      </Event>
    </Track>
    <Track trackName="PlayAnimDuration0" eventType="PlayAnimDuration" guid="926dcd67-e3a2-49a1-ae96-fe06c1090b38" enabled="true" useRefParam="false" refParamName="" r="0.000" g="0.000" b="0.000" execOnForceStopped="false" execOnActionCompleted="false">
      <Condition id="12" guid="12e388b7-8eeb-41d2-9c98-bedea66712bf" status="true" />
      <Condition id="2" guid="0f2b6e4a-0dc8-4306-9bbc-4076a2888037" status="true" />
      <Event eventName="PlayAnimDuration" time="0.000" length="0.700" isDuration="true" guid="4fa8bd1b-13ba-4601-8cad-bca6d32091e4">
        <TemplateObject name="targetId" objectName="self" id="0" isTemp="false" refParamName="" useRefParam="false" />
        <String name="clipName" value="Spell1_2" refParamName="" useRefParam="false" />
        <float name="crossFadeTime" value="0.100" refParamName="" useRefParam="false" />
        <float name="fadeOutTime" value="0.200" refParamName="" useRefParam="false" />
        <float name="endTime" value="9999.000" refParamName="" useRefParam="false" />
        <bool name="applyActionSpeed" value="true" refParamName="" useRefParam="false" />
      </Event>
    </Track>
    <Track trackName="TriggerParticle0" eventType="TriggerParticle" guid="f93776c8-d6a5-4d90-a183-da76eae5b34d" enabled="true" useRefParam="false" refParamName="" r="0.000" g="0.000" b="0.000" execOnForceStopped="false" execOnActionCompleted="false">
      <Condition id="12" guid="12e388b7-8eeb-41d2-9c98-bedea66712bf" status="true" />
      <Condition id="2" guid="0f2b6e4a-0dc8-4306-9bbc-4076a2888037" status="true" />
      <Event eventName="TriggerParticle" time="0.000" length="2.000" isDuration="true" guid="2dc8566f-b703-43ec-a70f-996df74252ca">
        <TemplateObject name="targetId" objectName="None" id="-1" isTemp="false" refParamName="" useRefParam="false" />
        <TemplateObject name="objectSpaceId" objectName="self" id="0" isTemp="false" refParamName="" useRefParam="false" />
        <String name="resourceName" value="Prefab_Skill_Effects/Component_Effects/11620/11620_3/jingke_attack_spell01_T3_B01" refParamName="" useRefParam="false" />
        <Vector3i name="scalingInt" x="10000" y="10000" z="10000" refParamName="" useRefParam="false" />
        <bool name="bUseRealScaling" value="true" refParamName="" useRefParam="false" />
        <bool name="bAllowEmptyEffect" value="true" refParamName="" useRefParam="false" />
        <String name="syncAnimationName" value="" refParamName="" useRefParam="false" />
        <String name="customTagName" value="" refParamName="" useRefParam="false" />
      </Event>
    </Track>
    <Track trackName="TriggerParticle0" eventType="TriggerParticle" guid="f1ffafe1-8ae0-4385-b397-94ce50b33bff" enabled="true" useRefParam="false" refParamName="" r="0.000" g="0.000" b="0.000" execOnForceStopped="false" execOnActionCompleted="false">
      <Condition id="12" guid="12e388b7-8eeb-41d2-9c98-bedea66712bf" status="true" />
      <Condition id="2" guid="0f2b6e4a-0dc8-4306-9bbc-4076a2888037" status="true" />
      <Event eventName="TriggerParticle" time="0.000" length="2.000" isDuration="true" guid="f5be8d6a-a7be-4f14-b64c-9a81a67015d8">
        <TemplateObject name="targetId" objectName="None" id="-1" isTemp="false" refParamName="" useRefParam="false" />
        <TemplateObject name="objectSpaceId" objectName="self" id="0" isTemp="false" refParamName="" useRefParam="false" />
        <String name="resourceName" value="Prefab_Skill_Effects/Component_Effects/11620/11620_3/jingke_attack_spell01_T3_B02" refParamName="" useRefParam="false" />
        <Vector3i name="scalingInt" x="10000" y="10000" z="10000" refParamName="" useRefParam="false" />
        <bool name="bUseRealScaling" value="true" refParamName="" useRefParam="false" />
        <bool name="bAllowEmptyEffect" value="true" refParamName="" useRefParam="false" />
        <String name="syncAnimationName" value="" refParamName="" useRefParam="false" />
        <String name="customTagName" value="" refParamName="" useRefParam="false" />
      </Event>
    </Track>
    <Track trackName="TriggerParticle0" eventType="TriggerParticle" guid="692af883-aa70-4afd-82cc-01d0b7cde722" enabled="true" useRefParam="false" refParamName="" r="0.000" g="0.000" b="0.000" execOnForceStopped="false" execOnActionCompleted="false">
      <Condition id="12" guid="12e388b7-8eeb-41d2-9c98-bedea66712bf" status="true" />
      <Condition id="2" guid="0f2b6e4a-0dc8-4306-9bbc-4076a2888037" status="true" />
      <Event eventName="TriggerParticle" time="0.000" length="2.000" isDuration="true" guid="7515368c-9d19-4bd4-a28e-82e00d46aaa2">
        <TemplateObject name="targetId" objectName="None" id="-1" isTemp="false" refParamName="" useRefParam="false" />
        <TemplateObject name="objectSpaceId" objectName="self" id="0" isTemp="false" refParamName="" useRefParam="false" />
        <String name="resourceName" value="Prefab_Skill_Effects/Component_Effects/11620/11620_3/jingke_attack_spell01_T3_B03" refParamName="" useRefParam="false" />
        <Vector3i name="scalingInt" x="10000" y="10000" z="10000" refParamName="" useRefParam="false" />
        <bool name="bUseRealScaling" value="true" refParamName="" useRefParam="false" />
        <bool name="bAllowEmptyEffect" value="true" refParamName="" useRefParam="false" />
        <String name="syncAnimationName" value="" refParamName="" useRefParam="false" />
        <String name="customTagName" value="" refParamName="" useRefParam="false" />
      </Event>
    </Track>
    <Track trackName="set Y=0" eventType="RemoveBuffTick" guid="116ea19d-aefa-48eb-bc1c-b95fd8b93f51" enabled="true" useRefParam="false" refParamName="" r="0.000" g="0.000" b="0.000" execOnForceStopped="false" execOnActionCompleted="false">
      <Condition id="12" guid="12e388b7-8eeb-41d2-9c98-bedea66712bf" status="true" />
      <Condition id="2" guid="0f2b6e4a-0dc8-4306-9bbc-4076a2888037" status="true" />
      <Event eventName="RemoveBuffTick" time="0.200" isDuration="false" guid="0d980d1c-8b4b-4b6b-890c-eb8b463a6352">
        <TemplateObject name="targetId" objectName="self" id="0" isTemp="false" refParamName="" useRefParam="false" />
        <int name="buffId" value="116896" refParamName="" useRefParam="false" />
        <int name="BuffLayer" value="1" refParamName="" useRefParam="false" />
        <bool name="bImmeStop" value="true" refParamName="" useRefParam="false" />
      </Event>
    </Track>
    <Track trackName="11615" eventType="CheckSkinIdTick" guid="ba2bf683-cea6-46e7-81f1-0eab23e7111e" enabled="true" useRefParam="false" refParamName="" r="0.000" g="0.000" b="0.000" execOnForceStopped="false" execOnActionCompleted="false">
      <Event eventName="CheckSkinIdTick" time="0.000" isDuration="false" guid="7dea3ded-04a0-4b42-97d2-7817a73f9770">
        <TemplateObject name="targetId" objectName="self" id="0" isTemp="false" refParamName="" useRefParam="false" />
        <int name="skinId" value="11615" refParamName="" useRefParam="false" />
      </Event>
    </Track>
    <Track trackName="SetAnimationParamsDuration0" eventType="SetAnimationParamsDuration" guid="c653b991-5214-475a-abca-d77478601310" enabled="true" useRefParam="false" refParamName="" r="0.000" g="0.000" b="0.000" execOnForceStopped="false" execOnActionCompleted="false">
      <Condition id="19" guid="ba2bf683-cea6-46e7-81f1-0eab23e7111e" status="true" />
      <Event eventName="SetAnimationParamsDuration" time="0.000" length="0.667" isDuration="true" guid="9f649cfa-a436-454b-a9ce-fa327dec1077">
        <TemplateObject name="targetId" objectName="self" id="0" isTemp="false" refParamName="" useRefParam="false" />
        <Array name="intNames" refParamName="" useRefParam="false" type="String">
          <String value="age_spellIndex" />
        </Array>
        <Array name="intValues" refParamName="" useRefParam="false" type="int">
          <int value="11" />
        </Array>
      </Event>
    </Track>
    <Track trackName="CheckRandomRangeTick0" eventType="CheckRandomRangeTick" guid="9b5670a6-ca25-4830-9916-256755bd855e" enabled="true" useRefParam="false" refParamName="" r="0.000" g="0.000" b="0.000" execOnForceStopped="false" execOnActionCompleted="false">
      <Event eventName="CheckRandomRangeTick" time="0.000" isDuration="false" guid="2e7068f3-e02b-4d68-8d0d-b177722360ea">
        <int name="randomRangeEnd" value="100" refParamName="" useRefParam="false" />
        <int name="checkRangeEnd" value="50" refParamName="" useRefParam="false" />
      </Event>
    </Track>
    <Track trackName="SetAnimationParamsDuration0" eventType="SetAnimationParamsDuration" guid="8e003dbe-ddce-4eb1-a081-81f0e9135bf0" enabled="true" useRefParam="false" refParamName="" r="0.000" g="0.000" b="0.000" execOnForceStopped="false" execOnActionCompleted="false">
      <Condition id="21" guid="9b5670a6-ca25-4830-9916-256755bd855e" status="true" />
      <Condition id="19" guid="ba2bf683-cea6-46e7-81f1-0eab23e7111e" status="false" />
      <Event eventName="SetAnimationParamsDuration" time="0.000" length="0.667" isDuration="true" guid="87925461-8f8f-435a-8921-75632b25e98e">
        <TemplateObject name="targetId" objectName="self" id="0" isTemp="false" refParamName="" useRefParam="false" />
        <Array name="intNames" refParamName="" useRefParam="false" type="String">
          <String value="age_spellIndex" />
        </Array>
        <Array name="intValues" refParamName="" useRefParam="false" type="int">
          <int value="11" />
        </Array>
      </Event>
    </Track>
    <Track trackName="TriggerParticle0" eventType="TriggerParticle" guid="6a05ec4b-340f-4d7c-86a2-638ce520342c" enabled="true" useRefParam="false" refParamName="" r="0.000" g="0.000" b="0.000" execOnForceStopped="false" execOnActionCompleted="false">
      <Condition id="21" guid="9b5670a6-ca25-4830-9916-256755bd855e" status="true" />
      <Condition id="19" guid="ba2bf683-cea6-46e7-81f1-0eab23e7111e" status="false" />
      <Event eventName="TriggerParticle" time="0.000" length="2.000" isDuration="true" guid="370a49bc-a2cf-4c1d-9905-3ca51dc57616">
        <TemplateObject name="targetId" objectName="self" id="0" isTemp="false" refParamName="" useRefParam="false" />
        <TemplateObject name="objectSpaceId" objectName="self" id="0" isTemp="false" refParamName="" useRefParam="false" />
        <String name="resourceName" value="prefab_skill_effects/hero_skill_effects/116_jingke/jingke_attack_spell01_01" refParamName="" useRefParam="false" />
        <Vector3 name="bindPosOffset" x="0.000" y="1.500" z="0.000" refParamName="" useRefParam="false" />
        <Vector3i name="scalingInt" x="10000" y="10000" z="10000" refParamName="" useRefParam="false" />
        <bool name="bUseRealScaling" value="true" refParamName="" useRefParam="false" />
        <bool name="bOnlyFollowPos" value="true" refParamName="" useRefParam="false" />
        <bool name="bAllowEmptyEffect" value="true" refParamName="" useRefParam="false" />
        <String name="syncAnimationName" value="" refParamName="" useRefParam="false" />
        <String name="customTagName" value="" refParamName="" useRefParam="false" />
      </Event>
    </Track>
    <Track trackName="SetAnimationParamsDuration0" eventType="SetAnimationParamsDuration" guid="55cbe5c1-e444-4f62-95a3-b1ff3974250c" enabled="true" useRefParam="false" refParamName="" r="0.000" g="0.000" b="0.000" execOnForceStopped="false" execOnActionCompleted="false">
      <Condition id="21" guid="9b5670a6-ca25-4830-9916-256755bd855e" status="false" />
      <Condition id="19" guid="ba2bf683-cea6-46e7-81f1-0eab23e7111e" status="false" />
      <Event eventName="SetAnimationParamsDuration" time="0.000" length="0.667" isDuration="true" guid="4ffcd3b9-8e1c-4fff-873c-42a65fee24a4">
        <TemplateObject name="targetId" objectName="self" id="0" isTemp="false" refParamName="" useRefParam="false" />
        <Array name="intNames" refParamName="" useRefParam="false" type="String">
          <String value="age_spellIndex" />
        </Array>
        <Array name="intValues" refParamName="" useRefParam="false" type="int">
          <int value="12" />
        </Array>
      </Event>
    </Track>
    <Track trackName="TriggerParticle0" eventType="TriggerParticle" guid="9f88baf6-be43-47e4-aa68-9f037327ed9e" enabled="true" useRefParam="false" refParamName="" r="0.000" g="0.000" b="0.000" execOnForceStopped="false" execOnActionCompleted="false">
      <Condition id="21" guid="9b5670a6-ca25-4830-9916-256755bd855e" status="false" />
      <Condition id="19" guid="ba2bf683-cea6-46e7-81f1-0eab23e7111e" status="false" />
      <Event eventName="TriggerParticle" time="0.000" length="2.000" isDuration="true" guid="80b2015d-3d29-4716-b183-d4dcb14ebdb7">
        <TemplateObject name="targetId" objectName="self" id="0" isTemp="false" refParamName="" useRefParam="false" />
        <TemplateObject name="objectSpaceId" objectName="self" id="0" isTemp="false" refParamName="" useRefParam="false" />
        <String name="resourceName" value="prefab_skill_effects/hero_skill_effects/116_jingke/jingke_attack_spell01_02" refParamName="" useRefParam="false" />
        <Vector3 name="bindPosOffset" x="0.000" y="1.500" z="0.000" refParamName="" useRefParam="false" />
        <Vector3i name="scalingInt" x="10000" y="10000" z="10000" refParamName="" useRefParam="false" />
        <bool name="bUseRealScaling" value="true" refParamName="" useRefParam="false" />
        <bool name="bOnlyFollowPos" value="true" refParamName="" useRefParam="false" />
        <bool name="bAllowEmptyEffect" value="true" refParamName="" useRefParam="false" />
        <String name="syncAnimationName" value="" refParamName="" useRefParam="false" />
        <String name="customTagName" value="" refParamName="" useRefParam="false" />
      </Event>
    </Track>
    <Track trackName="SpawnObjectDuration0" eventType="SpawnObjectDuration" guid="f34bf9d1-eb64-4360-b276-4fd7e31edcb8" enabled="true" useRefParam="false" refParamName="" r="0.000" g="0.000" b="0.000" execOnForceStopped="false" execOnActionCompleted="false">
      <Event eventName="SpawnObjectDuration" time="0.133" length="0.266" isDuration="true" guid="b77c1c99-84bb-4f17-8db4-0a8eccdc9273">
        <TemplateObject name="targetId" objectName="bullet" id="2" isTemp="true" refParamName="" useRefParam="false" />
        <TemplateObject name="parentId" objectName="self" id="0" isTemp="false" refParamName="" useRefParam="false" />
        <TemplateObject name="objectSpaceId" objectName="self" id="0" isTemp="false" refParamName="" useRefParam="false" />
        <String name="prefabName" value="prefab_characters/commonempty" refParamName="" useRefParam="false" />
        <bool name="modifyDirection" value="true" refParamName="" useRefParam="false" />
        <Vector3i name="direction" x="0" y="0" z="0" refParamName="" useRefParam="false" />
        <TemplateObject name="materialParentActorId" objectName="self" id="0" isTemp="false" refParamName="" useRefParam="false" />
        <TemplateObject name="visionActorId" objectName="self" id="0" isTemp="false" refParamName="" useRefParam="false" />
        <TemplateObject name="recordTargeID" objectName="None" id="-1" isTemp="false" refParamName="" useRefParam="false" />
      </Event>
    </Track>
    <Track trackName="SetCollisionTick0" eventType="SetCollisionTick" guid="d8ff2466-36f6-4561-9d81-73fc6583cd87" enabled="true" useRefParam="false" refParamName="" r="0.000" g="0.000" b="0.000" execOnForceStopped="false" execOnActionCompleted="false">
      <Event eventName="SetCollisionTick" time="0.133" isDuration="false" guid="f4c0898a-a5b8-4f74-a1bf-e1db3c208985">
        <TemplateObject name="targetId" objectName="bullet" id="2" isTemp="true" refParamName="" useRefParam="false" />
        <Enum name="type" value="1" EnumValue="SPHERE" refParamName="" useRefParam="false" />
        <Vector3i name="Size" x="0" y="0" z="0" refParamName="" useRefParam="false" />
        <int name="Radius" value="4500" refParamName="" useRefParam="false" />
        <int name="Rotation" value="160" refParamName="" useRefParam="false" />
      </Event>
    </Track>
    <Track trackName="HitTriggerDuration0" eventType="HitTriggerDuration" guid="90370521-aa32-401d-8a98-cd48b7c9b0a7" enabled="true" useRefParam="false" refParamName="" r="0.000" g="0.000" b="0.000" execOnForceStopped="false" execOnActionCompleted="false">
      <Event eventName="HitTriggerDuration" time="0.133" length="0.266" isDuration="true" guid="6d1d12e3-9ca8-458a-aa09-30e2d4a7f618">
        <TemplateObject name="triggerId" objectName="bullet" id="2" isTemp="true" refParamName="" useRefParam="false" />
        <TemplateObject name="attackerId" objectName="self" id="0" isTemp="false" refParamName="" useRefParam="false" />
        <int name="TriggerActorInterval" value="300" refParamName="" useRefParam="false" />
        <bool name="bFileterOrgan" value="true" refParamName="" useRefParam="false" />
        <TemplateObject name="bulletID" objectName="None" id="-1" isTemp="false" refParamName="" useRefParam="false" />
        <int name="TriggerActorCount" value="32" refParamName="" useRefParam="false" />
        <int name="CollideMaxCount" value="1" refParamName="" useRefParam="false" />
        <int name="TargetSkillCombine_1" value="116100" refParamName="" useRefParam="false" />
        <String name="BulletActionName" value="" refParamName="" useRefParam="false" />
      </Event>
    </Track>
    <Track trackName="TriggerParticle0" eventType="TriggerParticle" guid="cfcac79e-4ef0-45f5-b238-0c7a2a7bfcec" enabled="true" useRefParam="false" refParamName="" r="0.000" g="0.000" b="0.000" execOnForceStopped="false" execOnActionCompleted="false">
      <Event eventName="TriggerParticle" time="0.000" length="0.333" isDuration="true" guid="5fc236ed-e12e-4436-8578-57d783069d63">
        <TemplateObject name="targetId" objectName="self" id="0" isTemp="false" refParamName="" useRefParam="false" />
        <TemplateObject name="objectSpaceId" objectName="self" id="0" isTemp="false" refParamName="" useRefParam="false" />
        <String name="resourceName" value="prefab_skill_effects/hero_skill_effects/116_jingke/jingke_attack_spell01" refParamName="" useRefParam="false" />
        <Vector3 name="bindPosOffset" x="0.000" y="1.000" z="0.000" refParamName="" useRefParam="false" />
        <Vector3i name="scalingInt" x="10000" y="10000" z="10000" refParamName="" useRefParam="false" />
        <bool name="bUseRealScaling" value="true" refParamName="" useRefParam="false" />
        <bool name="bOnlyFollowPos" value="true" refParamName="" useRefParam="false" />
        <bool name="b1stTickParentRot" value="true" refParamName="" useRefParam="false" />
        <int name="iDelayDisappearTime" value="500" refParamName="" useRefParam="false" />
        <bool name="enableMaxFollowTime" value="true" refParamName="" useRefParam="false" />
        <float name="maxFollowTime" value="0.400" refParamName="" useRefParam="false" />
        <String name="syncAnimationName" value="" refParamName="" useRefParam="false" />
        <String name="customTagName" value="" refParamName="" useRefParam="false" />
      </Event>
    </Track>
    <Track trackName="TriggerParticleTick0" eventType="TriggerParticleTick" guid="f6fab2cf-f44f-4bfd-97be-9995e4c4df8e" enabled="false" useRefParam="false" refParamName="" r="0.000" g="0.000" b="0.000" execOnForceStopped="false" execOnActionCompleted="false">
      <Event eventName="TriggerParticleTick" time="0.000" isDuration="false" guid="3fe1d009-4e7e-461f-a7c0-33f6661e794d">
        <TemplateObject name="targetId" objectName="self" id="0" isTemp="false" refParamName="" useRefParam="false" />
        <TemplateObject name="objectSpaceId" objectName="self" id="0" isTemp="false" refParamName="" useRefParam="false" />
        <String name="resourceName" value="prefab_skill_effects/hero_skill_effects/116_jingke/jingke_attack_spell01" refParamName="" useRefParam="false" />
        <Vector3 name="bindPosOffset" x="0.000" y="1.000" z="0.000" refParamName="" useRefParam="false" />
        <Vector3i name="scalingInt" x="10000" y="10000" z="10000" refParamName="" useRefParam="false" />
        <bool name="applyActionSpeedToParticle" value="false" refParamName="" useRefParam="false" />
        <bool name="bOnlyFollowPos" value="true" refParamName="" useRefParam="false" />
      </Event>
    </Track>
    <Track trackName="TriggerParticleTick0" eventType="TriggerParticleTick" guid="ab47052f-eecf-4f3b-8975-c0d7509c8285" enabled="true" useRefParam="false" refParamName="" r="0.000" g="0.000" b="0.000" execOnForceStopped="false" execOnActionCompleted="false">
      <Condition id="19" guid="ba2bf683-cea6-46e7-81f1-0eab23e7111e" status="false" />
      <Event eventName="TriggerParticleTick" time="0.000" isDuration="false" guid="f7443af5-c49c-4f3b-820e-9b3e8870a029">
        <TemplateObject name="targetId" objectName="None" id="-1" isTemp="false" refParamName="" useRefParam="false" />
        <TemplateObject name="objectSpaceId" objectName="self" id="0" isTemp="false" refParamName="" useRefParam="false" />
        <String name="resourceName" value="prefab_skill_effects/hero_skill_effects/116_jingke/jingke_attack_spell01_1" refParamName="" useRefParam="false" />
        <Vector3 name="bindPosOffset" x="0.000" y="1.000" z="0.000" refParamName="" useRefParam="false" />
        <Vector3i name="scalingInt" x="10000" y="10000" z="10000" refParamName="" useRefParam="false" />
        <bool name="applyActionSpeedToParticle" value="false" refParamName="" useRefParam="false" />
        <bool name="bOnlyFollowPos" value="true" refParamName="" useRefParam="false" />
        <bool name="bOpenLodLevelCull" value="true" refParamName="" useRefParam="false" />
      </Event>
    </Track>
    <Track trackName="TriggerParticleTick0" eventType="TriggerParticleTick" guid="11b75bf2-a72f-4ea0-9144-59c24a729e79" enabled="true" useRefParam="false" refParamName="" r="0.000" g="0.000" b="0.000" execOnForceStopped="false" execOnActionCompleted="false">
      <Condition id="19" guid="ba2bf683-cea6-46e7-81f1-0eab23e7111e" status="true" />
      <Event eventName="TriggerParticleTick" time="0.000" isDuration="false" guid="0220a526-0dcb-4c7d-b10c-7e99b83dd873">
        <TemplateObject name="targetId" objectName="None" id="-1" isTemp="false" refParamName="" useRefParam="false" />
        <TemplateObject name="objectSpaceId" objectName="self" id="0" isTemp="false" refParamName="" useRefParam="false" />
        <String name="resourceName" value="prefab_skill_effects/hero_skill_effects/116_jingke/jingke_attack_spell01_2" refParamName="" useRefParam="false" />
        <Vector3i name="scalingInt" x="10000" y="10000" z="10000" refParamName="" useRefParam="false" />
        <bool name="applyActionSpeedToParticle" value="false" refParamName="" useRefParam="false" />
        <bool name="bOnlyFollowPos" value="true" refParamName="" useRefParam="false" />
      </Event>
    </Track>
    <Track trackName="SkillUseCacheTick14" eventType="SkillUseCacheTick" guid="cf1eec6b-2ad5-407b-97ad-f8e8d31ca501" enabled="true" useRefParam="false" refParamName="" r="0.000" g="0.000" b="0.000" execOnForceStopped="false" execOnActionCompleted="false">
      <Event eventName="SkillUseCacheTick" time="0.333" isDuration="false" guid="b44f8a51-8fbf-4219-a0a2-5bde1c5ea537">
        <TemplateObject name="targetId" objectName="self" id="0" isTemp="false" refParamName="" useRefParam="false" />
      </Event>
    </Track>
    <Track trackName="HitTriggerTick0" eventType="HitTriggerTick" guid="7d59093f-b175-4102-b2d3-cf62688daee6" enabled="false" useRefParam="false" refParamName="" r="0.000" g="0.000" b="0.000" execOnForceStopped="false" execOnActionCompleted="false">
      <Event eventName="HitTriggerTick" time="0.000" isDuration="false" guid="01ad3b56-8836-482b-841a-d96bf3cfb8c3">
        <TemplateObject name="targetId" objectName="self" id="0" isTemp="false" refParamName="" useRefParam="false" />
        <int name="SelfSkillCombineID_1" value="910000" refParamName="" useRefParam="false" />
        <TemplateObject name="triggerId" objectName="None" id="-1" isTemp="false" refParamName="" useRefParam="false" />
      </Event>
    </Track>
    <Track trackName="CheckConditionDuration0" eventType="CheckConditionDuration" guid="d421489c-f3ad-484c-ab0f-d0e50e14d312" enabled="false" useRefParam="false" refParamName="" r="0.000" g="0.000" b="0.000" execOnForceStopped="false" execOnActionCompleted="false">
      <Event eventName="CheckConditionDuration" time="0.000" length="0.100" isDuration="true" guid="11fd23a2-3bcc-4b54-8445-2af7bd45d809">
        <TemplateObject name="targetId" objectName="self" id="0" isTemp="false" refParamName="" useRefParam="false" />
        <bool name="bActorSlowdown" value="true" refParamName="" useRefParam="false" />
        <Enum name="operatorMethod" value="0" EnumValue="大于" refParamName="" useRefParam="false" />
      </Event>
    </Track>
    <Track trackName="解除减速" eventType="HitTriggerTick" guid="a3965936-d47b-4ddc-9aa3-62a7be5db968" enabled="false" useRefParam="false" refParamName="" r="0.000" g="0.000" b="0.000" execOnForceStopped="false" execOnActionCompleted="false">
      <Event eventName="HitTriggerTick" time="0.000" isDuration="false" guid="37ee59db-70af-4552-a913-0f5a6ab146f1">
        <TemplateObject name="targetId" objectName="self" id="0" isTemp="false" refParamName="" useRefParam="false" />
        <int name="SelfSkillCombineID_1" value="116110" refParamName="" useRefParam="false" />
        <TemplateObject name="triggerId" objectName="None" id="-1" isTemp="false" refParamName="" useRefParam="false" />
      </Event>
    </Track>
    <Track trackName="免疫减速" eventType="HitTriggerTick" guid="3592a3aa-06e6-445f-8e92-edaea10b24c3" enabled="false" useRefParam="false" refParamName="" r="0.000" g="0.000" b="0.000" execOnForceStopped="false" execOnActionCompleted="false">
      <Event eventName="HitTriggerTick" time="0.000" isDuration="false" guid="b6f411ad-e959-4a6a-876e-e427df67f437">
        <TemplateObject name="targetId" objectName="self" id="0" isTemp="false" refParamName="" useRefParam="false" />
        <int name="SelfSkillCombineID_1" value="116120" refParamName="" useRefParam="false" />
        <TemplateObject name="triggerId" objectName="None" id="-1" isTemp="false" refParamName="" useRefParam="false" />
      </Event>
    </Track>
    <Track trackName="增加移速" eventType="HitTriggerTick" guid="d1d59750-3895-4f4b-8d06-8c1a4ce2e060" enabled="false" useRefParam="false" refParamName="" r="0.000" g="0.000" b="0.000" execOnForceStopped="false" execOnActionCompleted="false">
      <Event eventName="HitTriggerTick" time="0.000" isDuration="false" guid="5bae673e-e159-4aec-a5fc-044df07b508c">
        <TemplateObject name="targetId" objectName="self" id="0" isTemp="false" refParamName="" useRefParam="false" />
        <int name="SelfSkillCombineID_1" value="116330" refParamName="" useRefParam="false" />
        <TemplateObject name="triggerId" objectName="None" id="-1" isTemp="false" refParamName="" useRefParam="false" />
      </Event>
    </Track>
    <Track trackName="CheckConditionDuration0" eventType="CheckConditionDuration" guid="24560867-6a31-4d99-a17e-309caf958b79" enabled="true" useRefParam="false" refParamName="" r="0.000" g="0.000" b="0.000" execOnForceStopped="false" execOnActionCompleted="false">
      <Event eventName="CheckConditionDuration" time="0.400" length="0.200" isDuration="true" guid="4ca13434-e069-406d-ad55-918d4023debf">
        <TemplateObject name="targetId" objectName="self" id="0" isTemp="false" refParamName="" useRefParam="false" />
        <Enum name="operatorMethod" value="0" EnumValue="大于" refParamName="" useRefParam="false" />
        <bool name="bActorMoving" value="true" refParamName="" useRefParam="false" />
      </Event>
    </Track>
    <Track trackName="StopTrack0" eventType="StopTrack" guid="b44519ca-d3ec-42d2-970f-6316651ac2b3" enabled="true" useRefParam="false" refParamName="" r="0.000" g="0.000" b="0.000" execOnForceStopped="false" execOnActionCompleted="false">
      <Condition id="39" guid="24560867-6a31-4d99-a17e-309caf958b79" status="true" />
      <Event eventName="StopTrack" time="0.000" isDuration="false" guid="6774ea04-2d99-463f-9e01-759c8caada3e">
        <TrackObject name="trackId" id="4" guid="9d243092-f160-4189-a9da-f132595032c9" refParamName="" useRefParam="false" />
      </Event>
    </Track>
    <Track trackName="亚斯娜2" eventType="CheckSkinIdTick" guid="13ac9a53-9687-4e3d-bfec-7e733c1d75f6" enabled="true" useRefParam="false" refParamName="" r="0.000" g="0.000" b="0.000" execOnForceStopped="false" execOnActionCompleted="false">
      <Event eventName="CheckSkinIdTick" time="0.000" isDuration="false" guid="73e50461-947c-42e6-8f42-d13af50d21d2">
        <TemplateObject name="targetId" objectName="self" id="0" isTemp="false" refParamName="" useRefParam="false" />
        <int name="skinId" value="11691" refParamName="" useRefParam="false" />
		<bool name="bEqual" value="false" refParamName="" useRefParam="false" />
      </Event>
    </Track>
    <Track trackName="TriggerParticle0" eventType="TriggerParticle" guid="cd1e6de0-7e2d-47fa-8345-6e16058eb201" enabled="true" useRefParam="false" refParamName="" r="0.000" g="0.000" b="0.000" execOnForceStopped="false" execOnActionCompleted="false">
      <Condition id="41" guid="13ac9a53-9687-4e3d-bfec-7e733c1d75f6" status="true" />
      <Event eventName="TriggerParticle" time="0.000" length="2.000" isDuration="true" guid="9126e632-5a62-4d67-a589-04e2d33f6136">
        <TemplateObject name="targetId" objectName="None" id="-1" isTemp="false" refParamName="" useRefParam="false" />
        <TemplateObject name="objectSpaceId" objectName="self" id="0" isTemp="false" refParamName="" useRefParam="false" />
        <String name="resourceName" value="prefab_skill_effects/hero_skill_effects/116_jingke/jingke_attack_spell01_00" refParamName="" useRefParam="false" />
        <Vector3 name="bindPosOffset" x="0.000" y="1.000" z="0.000" refParamName="" useRefParam="false" />
        <Vector3i name="scalingInt" x="10000" y="10000" z="10000" refParamName="" useRefParam="false" />
        <bool name="bUseRealScaling" value="true" refParamName="" useRefParam="false" />
        <bool name="bAllowEmptyEffect" value="true" refParamName="" useRefParam="false" />
        <String name="syncAnimationName" value="" refParamName="" useRefParam="false" />
        <String name="customTagName" value="" refParamName="" useRefParam="false" />
      </Event>
    </Track>
    <Track trackName="11614" eventType="CheckSkinIdTick" guid="e3659080-0b65-4b86-8e13-08bbcdbb428d" enabled="true" useRefParam="false" refParamName="" r="0.000" g="0.000" b="0.000" execOnForceStopped="false" execOnActionCompleted="false">
      <Event eventName="CheckSkinIdTick" time="0.000" isDuration="false" guid="e7aabcfb-cc4b-4ba5-9ee2-67f5eafbeb9f">
        <TemplateObject name="targetId" objectName="self" id="0" isTemp="false" refParamName="" useRefParam="false" />
        <int name="skinId" value="11614" refParamName="" useRefParam="false" />
      </Event>
    </Track>
    <Track trackName="11619" eventType="CheckSkinIdTick" guid="86ede9cb-e5fa-4957-baf5-6b3fa1758c6a" enabled="true" useRefParam="false" refParamName="" r="0.000" g="0.000" b="0.000" execOnForceStopped="false" execOnActionCompleted="false">
      <Event eventName="CheckSkinIdTick" time="0.000" isDuration="false" guid="946ed517-c059-444d-8ae0-46931da4eb92">
        <TemplateObject name="targetId" objectName="self" id="0" isTemp="false" refParamName="" useRefParam="false" />
        <int name="skinId" value="11619" refParamName="" useRefParam="false" />
      </Event>
    </Track>
    <Track trackName="CombinationConditionDuration2" eventType="CombinationConditionDuration" guid="b001017d-5711-4a03-a614-31d56a6130b7" enabled="true" useRefParam="false" refParamName="" r="0.000" g="0.000" b="0.000" execOnForceStopped="false" execOnActionCompleted="false">
      <Event eventName="CombinationConditionDuration" time="0.000" length="2.000" isDuration="true" guid="562bcee8-8db1-4d4d-bb4c-b345bba4d307">
        <Array name="CondiTrackIds" refParamName="" useRefParam="false" type="TrackObject">
          <TrackObject id="43" guid="e3659080-0b65-4b86-8e13-08bbcdbb428d" />
          <TrackObject id="44" guid="86ede9cb-e5fa-4957-baf5-6b3fa1758c6a" />
        </Array>
        <Array name="CheckCondiTrackStatus" refParamName="" useRefParam="false" type="bool">
          <bool value="true" />
          <bool value="true" />
        </Array>
        <Array name="IsOrConditions" refParamName="" useRefParam="false" type="bool">
          <bool value="true" />
          <bool value="true" />
        </Array>
      </Event>
    </Track>
    <Track trackName="TriggerParticle0" eventType="TriggerParticle" guid="4063f88e-ee2c-4735-9b69-441d92e16505" enabled="true" useRefParam="false" refParamName="" r="0.000" g="0.000" b="0.000" execOnForceStopped="false" execOnActionCompleted="false">
      <Condition id="45" guid="b001017d-5711-4a03-a614-31d56a6130b7" status="true" />
      <Event eventName="TriggerParticle" time="0.000" length="2.000" isDuration="true" guid="1d7c0a4e-4ed7-4589-a304-12c47c4e14b9">
        <TemplateObject name="targetId" objectName="None" id="-1" isTemp="false" refParamName="" useRefParam="false" />
        <TemplateObject name="objectSpaceId" objectName="self" id="0" isTemp="false" refParamName="" useRefParam="false" />
        <String name="resourceName" value="prefab_skill_effects/hero_skill_effects/116_jingke/jingke_attack_spell01_T3" refParamName="" useRefParam="false" />
        <Vector3i name="scalingInt" x="10000" y="10000" z="10000" refParamName="" useRefParam="false" />
        <bool name="bUseRealScaling" value="true" refParamName="" useRefParam="false" />
        <bool name="bAllowEmptyEffect" value="true" refParamName="" useRefParam="false" />
        <String name="syncAnimationName" value="" refParamName="" useRefParam="false" />
        <String name="customTagName" value="" refParamName="" useRefParam="false" />
      </Event>
    </Track>
    <Track trackName="TriggerParticleTick0" eventType="TriggerParticleTick" guid="7af220c0-4f3c-4abe-8d35-d8e8c7646143" enabled="false" useRefParam="false" refParamName="" r="0.000" g="0.000" b="0.000" execOnForceStopped="false" execOnActionCompleted="false">
      <Condition id="19" guid="ba2bf683-cea6-46e7-81f1-0eab23e7111e" status="true" />
      <Event eventName="TriggerParticleTick" time="0.000" isDuration="false" guid="53cf1c00-2c54-4b69-a118-04fcaf4c61c2">
        <TemplateObject name="targetId" objectName="None" id="-1" isTemp="false" refParamName="" useRefParam="false" />
        <TemplateObject name="objectSpaceId" objectName="self" id="0" isTemp="false" refParamName="" useRefParam="false" />
        <String name="resourceName" value="prefab_skill_effects/hero_skill_effects/116_jingke/jingke_attack_spell01_2_weapon" refParamName="" useRefParam="false" />
        <Vector3i name="scalingInt" x="10000" y="10000" z="10000" refParamName="" useRefParam="false" />
        <bool name="applyActionSpeedToParticle" value="false" refParamName="" useRefParam="false" />
        <bool name="bOnlyFollowPos" value="true" refParamName="" useRefParam="false" />
      </Event>
    </Track>
  </Action>
</Project>