﻿<?xml version="1.0" encoding="utf-8"?>
<Project>
  <TemplateObjectList>
    <TemplateObject objectName="self" id="0" isTemp="false" />
    <TemplateObject objectName="target" id="1" isTemp="false" />
  </TemplateObjectList>
  <RefParamList>
    <Vector3i name="_TargetDir" x="0" y="0" z="0" refParamName="" useRefParam="false" />
    <Vector3i name="_TargetPos" x="0" y="0" z="0" refParamName="" useRefParam="false" />
  </RefParamList>
  <Action tag="" length="5.000" loop="false">
    <Track trackName="SkillFuncInstant0" eventType="SkillFuncInstant" guid="8d09eb2f-50ed-4358-a741-27ca7e1a94dd" enabled="false" useRefParam="false" refParamName="" r="0.000" g="0.000" b="0.000" execOnForceStopped="false" execOnActionCompleted="false">
      <Event eventName="SkillFuncInstant" time="0.000" isDuration="false" guid="825dd368-9982-4cb7-842b-942685a5061d">
        <Enum name="SkillFuncType" value="4" EnumValue="增加攻击速度" refParamName="" useRefParam="false" />
      </Event>
    </Track>
    <Track trackName="TriggerParticleTick0" eventType="TriggerParticleTick" guid="c11832f5-fc40-41a2-9645-51343de31dab" enabled="false" useRefParam="false" refParamName="" r="0.000" g="0.000" b="0.000" execOnForceStopped="false" execOnActionCompleted="false">
      <Event eventName="TriggerParticleTick" time="0.000" isDuration="false" guid="16e7e01b-0cb2-42a8-b061-b7dabbcb24c7">
        <TemplateObject name="targetId" objectName="target" id="1" isTemp="false" refParamName="" useRefParam="false" />
        <TemplateObject name="objectSpaceId" objectName="target" id="1" isTemp="false" refParamName="" useRefParam="false" />
        <String name="resourceName" value="prefab_skill_effects/hero_skill_effects/114_liuchan/liuchan_hurt01" refParamName="" useRefParam="false" />
        <Vector3i name="scalingInt" x="10000" y="10000" z="10000" refParamName="" useRefParam="false" />
        <bool name="applyActionSpeedToAnimation" value="true" refParamName="" useRefParam="false" />
      </Event>
    </Track>
    <Track trackName="SkillFuncDuration0" eventType="SkillFuncDuration" guid="4d0b0c19-6d8f-4b84-8004-a223d766e6f4" enabled="true" useRefParam="false" refParamName="" r="0.000" g="0.000" b="0.000" execOnForceStopped="false" execOnActionCompleted="false">
      <Event eventName="SkillFuncDuration" time="0.000" length="5.000" isDuration="true" guid="94abcca1-aa5b-4587-a296-f70d499b296d">
        <Enum name="SkillFuncType" value="4" EnumValue="增加攻击速度" refParamName="" useRefParam="false" />
      </Event>
    </Track>
    <Track trackName="SkillFuncDuration0" eventType="SkillFuncDuration" guid="934a3298-9acb-43b2-99d7-0ad74b2970af" enabled="true" useRefParam="false" refParamName="" r="0.000" g="0.000" b="0.000" execOnForceStopped="false" execOnActionCompleted="false">
      <Event eventName="SkillFuncDuration" time="0.000" length="5.000" isDuration="true" guid="5aff9938-5391-4d52-a1cb-d5493b8dae8a">
        <Enum name="SkillFuncType" value="19" EnumValue="增加暴击率" refParamName="" useRefParam="false" />
      </Event>
    </Track>
    <Track trackName="TriggerParticle0" eventType="TriggerParticle" guid="085babc5-da28-4c53-a9b5-647665e5acac" enabled="false" useRefParam="false" refParamName="" r="0.000" g="0.000" b="0.000" execOnForceStopped="false" execOnActionCompleted="false">
      <Event eventName="TriggerParticle" time="0.000" length="3.000" isDuration="true" guid="158e7b49-9014-4f96-9968-0095b519e4e8">
        <TemplateObject name="targetId" objectName="self" id="0" isTemp="false" refParamName="" useRefParam="false" />
        <TemplateObject name="objectSpaceId" objectName="self" id="0" isTemp="false" refParamName="" useRefParam="false" />
        <String name="resourceName" value="prefab_skill_effects/hero_skill_effects/116_jingke/jingke_buff_spell02" refParamName="" useRefParam="false" />
        <Vector3i name="scalingInt" x="10000" y="10000" z="10000" refParamName="" useRefParam="false" />
        <String name="syncAnimationName" value="" refParamName="" useRefParam="false" />
        <String name="customTagName" value="" refParamName="" useRefParam="false" />
      </Event>
    </Track>
    <Track trackName="11610" eventType="CheckSkinIdTick" guid="b6a6506c-a0b4-488c-8184-bdc63184db57" enabled="true" useRefParam="false" refParamName="" r="0.000" g="0.000" b="0.000" execOnForceStopped="false" execOnActionCompleted="false">
      <Event eventName="CheckSkinIdTick" time="0.000" isDuration="false" guid="9008f5df-4c45-49c6-9470-94afde62a4e4">
        <TemplateObject name="targetId" objectName="self" id="0" isTemp="false" refParamName="" useRefParam="false" />
        <int name="skinId" value="11610" refParamName="" useRefParam="false" />
      </Event>
    </Track>
    <Track trackName="StopTrack0" eventType="StopTrack" guid="f39cd988-3a25-49d7-8f72-75b85d3bc84a" enabled="true" useRefParam="false" refParamName="" r="0.000" g="0.000" b="0.000" execOnForceStopped="false" execOnActionCompleted="false">
      <Condition id="5" guid="b6a6506c-a0b4-488c-8184-bdc63184db57" status="true" />
      <Event eventName="StopTrack" time="0.000" isDuration="false" guid="8386b264-b94e-42fa-ac47-dd72ebbda57e">
        <TrackObject name="trackId" id="11" guid="2c416cfa-146f-4f8e-a1e9-04170cb32c31" refParamName="" useRefParam="false" />
        <bool name="alsoStopNotStartedTrack" value="true" refParamName="" useRefParam="false" />
      </Event>
    </Track>
    <Track trackName="TriggerParticle0" eventType="TriggerParticle" guid="226de0c4-0b7a-44a2-874f-16577dfa6d28" enabled="true" useRefParam="false" refParamName="" r="0.000" g="0.000" b="0.000" execOnForceStopped="false" execOnActionCompleted="false">
      <Condition id="5" guid="b6a6506c-a0b4-488c-8184-bdc63184db57" status="true" />
      <Event eventName="TriggerParticle" time="0.000" length="5.000" isDuration="true" guid="f1597f25-8939-42b8-922d-1b4f0a110955">
        <TemplateObject name="targetId" objectName="self" id="0" isTemp="false" refParamName="" useRefParam="false" />
        <String name="resourceName" value="prefab_skill_effects/hero_skill_effects/116_jingke/jingke_show01" refParamName="" useRefParam="false" />
        <String name="bindPointName" value="Bone_Weapon02" refParamName="" useRefParam="false" />
        <EulerAngle name="bindRotOffset" x="270.000" y="0.000" z="0.000" refParamName="" useRefParam="false" />
        <Vector3i name="scalingInt" x="10000" y="10000" z="10000" refParamName="" useRefParam="false" />
        <String name="syncAnimationName" value="" refParamName="" useRefParam="false" />
        <String name="customTagName" value="" refParamName="" useRefParam="false" />
      </Event>
    </Track>
    <Track trackName="11611" eventType="CheckSkinIdTick" guid="2febe9e2-a981-4864-87ab-a4a0881c1750" enabled="true" useRefParam="false" refParamName="" r="0.000" g="0.000" b="0.000" execOnForceStopped="false" execOnActionCompleted="false">
      <Event eventName="CheckSkinIdTick" time="0.000" isDuration="false" guid="b980e05b-5a5d-4dd7-a048-024aef8d402f">
        <TemplateObject name="targetId" objectName="self" id="0" isTemp="false" refParamName="" useRefParam="false" />
        <int name="skinId" value="11697" refParamName="" useRefParam="false" />
        <bool name="bEqual" value="false" refParamName="" useRefParam="false" />
      </Event>
    </Track>
    <Track trackName="StopTrack0" eventType="StopTrack" guid="fcd1adee-ec86-40a0-965a-b246723d63cf" enabled="true" useRefParam="false" refParamName="" r="0.000" g="0.000" b="0.000" execOnForceStopped="false" execOnActionCompleted="false">
      <Condition id="8" guid="2febe9e2-a981-4864-87ab-a4a0881c1750" status="true" />
      <Event eventName="StopTrack" time="0.000" isDuration="false" guid="bed13cfc-b09b-4b0c-adfa-3764f77584b9">
        <TrackObject name="trackId" id="11" guid="2c416cfa-146f-4f8e-a1e9-04170cb32c31" refParamName="" useRefParam="false" />
        <bool name="alsoStopNotStartedTrack" value="true" refParamName="" useRefParam="false" />
      </Event>
    </Track>
    <Track trackName="TriggerParticle0" eventType="TriggerParticle" guid="2e9c2774-82b9-4bfa-81ee-266534cebcd1" enabled="true" useRefParam="false" refParamName="" r="0.000" g="0.000" b="0.000" execOnForceStopped="false" execOnActionCompleted="false">
      <Condition id="8" guid="2febe9e2-a981-4864-87ab-a4a0881c1750" status="true" />
      <Event eventName="TriggerParticle" time="0.000" length="5.000" isDuration="true" guid="de4ec0bd-77f5-47ec-9496-a9a6aede1a42">
        <TemplateObject name="targetId" objectName="self" id="0" isTemp="false" refParamName="" useRefParam="false" />
        <String name="resourceName" value="prefab_skill_effects/hero_skill_effects/116_jingke/jingke_show01" refParamName="" useRefParam="false" />
        <String name="bindPointName" value="Bone_Weapon02" refParamName="" useRefParam="false" />
        <EulerAngle name="bindRotOffset" x="270.000" y="0.000" z="0.000" refParamName="" useRefParam="false" />
        <Vector3i name="scalingInt" x="10000" y="10000" z="10000" refParamName="" useRefParam="false" />
        <String name="syncAnimationName" value="" refParamName="" useRefParam="false" />
        <String name="customTagName" value="" refParamName="" useRefParam="false" />
      </Event>
    </Track>
    <Track trackName="default" eventType="TriggerParticle" guid="2c416cfa-146f-4f8e-a1e9-04170cb32c31" enabled="true" useRefParam="false" refParamName="" r="0.000" g="0.000" b="0.000" execOnForceStopped="false" execOnActionCompleted="false">
      <Event eventName="TriggerParticle" time="0.000" length="5.000" isDuration="true" guid="4e8d6869-9cbe-4506-baed-858eb67f766a">
        <TemplateObject name="targetId" objectName="self" id="0" isTemp="false" refParamName="" useRefParam="false" />
        <String name="resourceName" value="prefab_skill_effects/hero_skill_effects/116_jingke/jingke_show01" refParamName="" useRefParam="false" />
        <String name="bindPointName" value="Bip001 Weapon_R" refParamName="" useRefParam="false" />
        <EulerAngle name="bindRotOffset" x="270.000" y="0.000" z="0.000" refParamName="" useRefParam="false" />
        <Vector3i name="scalingInt" x="10000" y="10000" z="10000" refParamName="" useRefParam="false" />
        <String name="syncAnimationName" value="" refParamName="" useRefParam="false" />
        <String name="customTagName" value="" refParamName="" useRefParam="false" />
      </Event>
    </Track>
    <Track trackName="BuffHudTriggerDuration0" eventType="BuffHudTriggerDuration" guid="3d4c06a3-b4e5-4b27-946f-816b08ae9e0b" enabled="true" useRefParam="false" refParamName="" r="0.000" g="0.000" b="0.000" execOnForceStopped="false" execOnActionCompleted="false">
      <Event eventName="BuffHudTriggerDuration" time="0.000" length="5.000" isDuration="true" guid="07e3f6b7-52ff-4330-83cd-e451881f0445">
        <TemplateObject name="targetId" objectName="self" id="0" isTemp="false" refParamName="" useRefParam="false" />
        <int name="SelfSkillCombineID" value="116310" refParamName="" useRefParam="false" />
        <Enum name="iconType" value="1" EnumValue="物攻增强" refParamName="" useRefParam="false" />
        <bool name="bVvisibility" value="true" refParamName="" useRefParam="false" />
        <Enum name="visibility" value="3" EnumValue="拥有者可见" refParamName="" useRefParam="false" />
        <bool name="bOnwerVisible" value="true" refParamName="" useRefParam="false" />
        <int name="priority2" value="3600" refParamName="" useRefParam="false" />
        <bool name="bDelay" value="false" refParamName="" useRefParam="false" />
      </Event>
    </Track>
  </Action>
</Project>