﻿<?xml version="1.0" encoding="utf-8"?>
<Project>
  <TemplateObjectList>
    <TemplateObject id="0" objectName="self" isTemp="false" />
    <TemplateObject id="1" objectName="target" isTemp="false" />
  </TemplateObjectList>
  <RefParamList>
    <Vector3i name="_TargetDir" x="0" y="0" z="0" refParamName="" useRefParam="false" />
    <Vector3i name="_TargetPos" x="0" y="0" z="0" refParamName="" useRefParam="false" />
  </RefParamList>
  <Action tag="" length="4.000" loop="false">
    <Track trackName="降低受到普攻伤害" eventType="SkillFuncDuration" guid="33f8769b-935b-4cf3-9d08-208c4e52bb14" enabled="true" useRefParam="false" refParamName="" r="0.000" g="0.000" b="0.000" execOnForceStopped="false" execOnActionCompleted="false" stopAfterLastEvent="true">
      <Event eventName="SkillFuncDuration" time="0.000" length="3.000" isDuration="true" guid="0270b90a-5650-43d1-acc3-580fb18ae1ed">
        <Enum name="SkillFuncType" value="67" refParamName="" useRefParam="false" />
      </Event>
    </Track>
    <Track trackName="TriggerParticle0" eventType="TriggerParticle" guid="8aff3da3-4655-4df0-817a-e5c1da99151c" enabled="true" useRefParam="false" refParamName="" r="0.000" g="0.000" b="0.000" execOnForceStopped="false" execOnActionCompleted="false" stopAfterLastEvent="true">
      <Event eventName="TriggerParticle" time="0.000" length="3.000" isDuration="true" guid="757d125f-c227-470f-b940-f247123b2344">
        <TemplateObject name="targetId" id="0" objectName="self" isTemp="false" refParamName="" useRefParam="false" />
        <TemplateObject name="objectSpaceId" id="0" objectName="self" isTemp="false" refParamName="" useRefParam="false" />
        <String name="resourceName" value="prefab_skill_effects/hero_skill_effects/116_JingKe/jingke_spell03_buff" refParamName="" useRefParam="false" />
        <Vector3 name="bindPosOffset" x="0.000" y="1.000" z="0.000" refParamName="" useRefParam="false" />
        <Vector3i name="scalingInt" x="10000" y="10000" z="10000" refParamName="" useRefParam="false" />
        <bool name="bOnlyFollowPos" value="true" refParamName="" useRefParam="false" />
        <bool name="bAllowEmptyEffect" value="true" refParamName="" useRefParam="false" />
        <String name="syncAnimationName" value="" refParamName="" useRefParam="false" />
        <String name="customTagName" value="" refParamName="" useRefParam="false" />
      </Event>
    </Track>
    <Track trackName="SetActorNodeActiveDuration0" eventType="SetActorNodeActiveDuration" guid="a49f3d25-f456-426e-9b39-354dba3141a3" enabled="true" useRefParam="false" refParamName="" r="0.000" g="0.000" b="0.000" execOnForceStopped="false" execOnActionCompleted="false" stopAfterLastEvent="true">
      <Event eventName="SetActorNodeActiveDuration" time="0.000" length="3.000" isDuration="true" guid="c0ed3fde-0965-4016-b734-22e3c6a81caa">
        <TemplateObject name="targetId" id="0" objectName="self" isTemp="false" refParamName="" useRefParam="false" />
        <String name="node" value="1168_JingKeTeXiao_Mid" refParamName="" useRefParam="false" />
      </Event>
    </Track>
    <Track trackName="PlayMaterialEffectDuration0" eventType="PlayMaterialEffectDuration" guid="8f134e1e-1cad-4d6d-8163-4caffe91fa45" enabled="false" useRefParam="false" refParamName="" r="0.000" g="0.000" b="0.000" execOnForceStopped="false" execOnActionCompleted="false" stopAfterLastEvent="true">
      <Event eventName="PlayMaterialEffectDuration" time="0.000" length="3.000" isDuration="true" guid="fefc03a6-c4b0-4f12-a5e0-9bccf1156e96">
        <TemplateObject name="targetId" id="0" objectName="self" isTemp="false" refParamName="" useRefParam="false" />
        <Enum name="effectType" value="3" refParamName="" useRefParam="false" />
        <String name="texPath" value="" refParamName="" useRefParam="false" />
        <Vector3 name="highLitColor" x="0.500" y="0.000" z="0.000" refParamName="" useRefParam="false" />
        <float name="hightLitGloss" value="0.500" refParamName="" useRefParam="false" />
        <float name="higthLitPeriod" value="1.000" refParamName="" useRefParam="false" />
        <String name="materialNamePattern" value="" refParamName="" useRefParam="false" />
      </Event>
    </Track>
    <Track trackName="SkillTimerProcessBarDuration0" eventType="SkillTimerProcessBarDuration" guid="2049cce0-41f0-4829-831f-cceedc2f023a" enabled="true" useRefParam="false" refParamName="" r="0.000" g="0.000" b="0.000" execOnForceStopped="false" execOnActionCompleted="false" stopAfterLastEvent="true">
      <Event eventName="SkillTimerProcessBarDuration" time="0.000" length="3.000" isDuration="true" guid="749223e4-62e0-4935-a8fd-852f93304f49">
        <TemplateObject name="targetId" id="0" objectName="self" isTemp="false" refParamName="" useRefParam="false" />
      </Event>
    </Track>
    <Track trackName="亚斯娜T3翅膀" eventType="CheckSkinIdTick" guid="022fe452-dff3-48ad-a66e-b9ab8f2bf599" enabled="true" useRefParam="false" refParamName="" r="0.000" g="0.000" b="0.000" execOnForceStopped="false" execOnActionCompleted="false" stopAfterLastEvent="true">
      <Event eventName="CheckSkinIdTick" time="0.000" isDuration="false" guid="34e731fd-b618-4405-91d7-c1317bc5ee4f">
        <TemplateObject name="targetId" id="0" objectName="self" isTemp="false" refParamName="" useRefParam="false" />
        <int name="skinId" value="11691" refParamName="" useRefParam="false" />
		<bool name="bEqual" value="false" refParamName="" useRefParam="false" />
      </Event>
    </Track>
    <Track trackName="TriggerParticle0" eventType="TriggerParticle" guid="4b387838-c8c3-4755-b2e7-0e749c4188f0" enabled="false" useRefParam="false" refParamName="" r="0.000" g="0.000" b="0.000" execOnForceStopped="false" execOnActionCompleted="false" stopAfterLastEvent="true">
      <Condition id="5" guid="022fe452-dff3-48ad-a66e-b9ab8f2bf599" status="true" />
      <Event eventName="TriggerParticle" time="0.000" length="3.000" isDuration="true" guid="ea36aed1-3112-4343-9fe5-0ff4c3821ad9">
        <TemplateObject name="targetId" id="0" objectName="self" isTemp="false" refParamName="" useRefParam="false" />
        <String name="resourceName" value="prefab_skill_effects/hero_skill_effects/116_jingke/jingke_attack02_spell03_buff01" refParamName="" useRefParam="false" />
        <String name="bindPointName" value="Bone_Hair01" refParamName="" useRefParam="false" />
        <Vector3i name="scalingInt" x="10000" y="10000" z="10000" refParamName="" useRefParam="false" />
        <String name="syncAnimationName" value="" refParamName="" useRefParam="false" />
        <String name="customTagName" value="" refParamName="" useRefParam="false" />
      </Event>
    </Track>
    <Track trackName="TriggerParticleTick1" eventType="TriggerParticleTick" guid="875a3b9c-4b46-4b42-b155-dfaaa0b5c4b1" enabled="false" useRefParam="false" refParamName="" r="0.000" g="0.000" b="0.000" execOnForceStopped="false" execOnActionCompleted="false" stopAfterLastEvent="true">
      <Condition id="5" guid="022fe452-dff3-48ad-a66e-b9ab8f2bf599" status="true" />
      <Event eventName="TriggerParticleTick" time="0.000" isDuration="false" guid="c2e2ff87-674b-493e-834f-87af16249369">
        <TemplateObject name="targetId" id="0" objectName="self" isTemp="false" refParamName="" useRefParam="false" />
        <String name="resourceName" value="prefab_skill_effects/hero_skill_effects/116_jingke/jingke_attack02_spell03_buff01" refParamName="" useRefParam="false" />
        <float name="lifeTime" value="4.000" refParamName="" useRefParam="false" />
        <String name="bindPointName" value="Bone_Hair01" refParamName="" useRefParam="false" />
        <Vector3i name="scalingInt" x="10000" y="10000" z="10000" refParamName="" useRefParam="false" />
        <bool name="applyActionSpeedToAnimation" value="true" refParamName="" useRefParam="false" />
      </Event>
    </Track>
    <Track trackName="TriggerParticle0" eventType="TriggerParticle" guid="0b4e03b3-8a99-44d5-a7c9-928b211f17f5" enabled="true" useRefParam="false" refParamName="" r="0.000" g="0.000" b="0.000" execOnForceStopped="false" execOnActionCompleted="false" stopAfterLastEvent="true">
      <Condition id="5" guid="022fe452-dff3-48ad-a66e-b9ab8f2bf599" status="true" />
      <Event eventName="TriggerParticle" time="0.000" length="4.000" isDuration="true" guid="2166a39b-9cb0-482e-b4e6-61ed94545714">
        <TemplateObject name="targetId" id="0" objectName="self" isTemp="false" refParamName="" useRefParam="false" />
        <String name="resourceName" value="prefab_skill_effects/hero_skill_effects/116_jingke/jingke_attack02_spell03_buff01" refParamName="" useRefParam="false" />
        <String name="bindPointName" value="Bone_Hair01" refParamName="" useRefParam="false" />
        <Vector3i name="scalingInt" x="10000" y="10000" z="10000" refParamName="" useRefParam="false" />
        <String name="syncAnimationName" value="" refParamName="" useRefParam="false" />
        <String name="customTagName" value="" refParamName="" useRefParam="false" />
      </Event>
    </Track>
    <Track trackName="PlayMaterialEffectDuration0" eventType="PlayMaterialEffectDuration" guid="17c26d25-0170-4d8c-bf77-d2fd319519c4" enabled="true" useRefParam="false" refParamName="" r="0.000" g="0.000" b="0.000" execOnForceStopped="false" execOnActionCompleted="false" stopAfterLastEvent="true">
      <Event eventName="PlayMaterialEffectDuration" time="0.000" length="3.000" isDuration="true" guid="21f0c303-9589-4d96-b054-4479303f8a86">
        <TemplateObject name="targetId" id="0" objectName="self" isTemp="false" refParamName="" useRefParam="false" />
        <Enum name="effectType" value="3" refParamName="" useRefParam="false" />
        <int name="priority" value="2" refParamName="" useRefParam="false" />
        <String name="texPath" value="" refParamName="" useRefParam="false" />
        <Vector3 name="highLitColor" x="0.800" y="0.400" z="0.000" refParamName="" useRefParam="false" />
        <float name="higthLitPeriod" value="1.000" refParamName="" useRefParam="false" />
        <String name="materialNamePattern" value="" refParamName="" useRefParam="false" />
      </Event>
    </Track>
  </Action>
</Project>