﻿<?xml version="1.0" encoding="utf-8"?>
<Project>
  <TemplateObjectList>
    <TemplateObject objectName="self" id="0" isTemp="false" />
    <TemplateObject objectName="target" id="1" isTemp="false" />
  </TemplateObjectList>
  <RefParamList>
    <Vector3i name="_TargetDir" x="0" y="0" z="0" refParamName="" useRefParam="false" />
    <Vector3i name="_TargetPos" x="0" y="0" z="0" refParamName="" useRefParam="false" />
  </RefParamList>
  <Action tag="" length="5.200" loop="false">
    <Track trackName="FilterTargetType0" eventType="FilterTargetType" guid="a73baff7-bebd-4423-b3ad-291fc2cdcf94" enabled="true" useRefParam="false" refParamName="" r="0.000" g="0.000" b="0.000" execOnForceStopped="false" execOnActionCompleted="false">
      <Event eventName="FilterTargetType" time="0.000" isDuration="false" guid="b4630d99-f0f3-40c8-8048-6c9fc69699dc">
        <TemplateObject name="targetId" objectName="self" id="0" isTemp="false" refParamName="" useRefParam="false" />
        <bool name="bFilterDiffCamp" value="true" refParamName="" useRefParam="false" />
      </Event>
    </Track>
    <Track trackName="FilterTargetType0" eventType="FilterTargetType" guid="e2012666-f8f1-42f2-9243-8738c0aa8aa1" enabled="true" useRefParam="false" refParamName="" r="0.000" g="0.000" b="0.000" execOnForceStopped="false" execOnActionCompleted="false">
      <Event eventName="FilterTargetType" time="0.000" isDuration="false" guid="95cc79bf-723b-4878-b09f-419d0d922572">
        <TemplateObject name="targetId" objectName="self" id="0" isTemp="false" refParamName="" useRefParam="false" />
        <bool name="bFilterSameCamp" value="true" refParamName="" useRefParam="false" />
      </Event>
    </Track>
    <Track trackName="SkillFuncInstant0" eventType="SkillFuncInstant" guid="c23272c2-2fa9-4cb3-8b49-1d577bbf4cd7" enabled="true" useRefParam="false" refParamName="" r="0.000" g="0.000" b="0.000" execOnForceStopped="false" execOnActionCompleted="false">
      <Event eventName="SkillFuncInstant" time="5.000" isDuration="false" guid="63d8735f-3556-4846-a124-da9562d4f7c0">
        <Enum name="SkillFuncType" value="55" EnumValue="改变技能" refParamName="" useRefParam="false" />
      </Event>
    </Track>
    <Track trackName="SkillFuncDuration1" eventType="SkillFuncDuration" guid="aadf3b1c-09fd-40ae-8e1c-7e748b31926c" enabled="true" useRefParam="false" refParamName="" r="0.000" g="0.000" b="0.000" execOnForceStopped="false" execOnActionCompleted="false">
      <Event eventName="SkillFuncDuration" time="0.000" length="5.000" isDuration="true" guid="15b8ee04-d794-46ed-81e4-8c2caed82832">
        <Enum name="SkillFuncType" value="4" EnumValue="增加攻击速度" refParamName="" useRefParam="false" />
      </Event>
    </Track>
    <Track trackName="ChangeAnimDuration0" eventType="ChangeAnimDuration" guid="9f5bb88b-f155-40da-82c1-4c5c96584f5d" enabled="true" useRefParam="false" refParamName="" r="0.000" g="0.000" b="0.000" execOnForceStopped="false" execOnActionCompleted="false">
      <Event eventName="ChangeAnimDuration" time="0.000" length="5.000" isDuration="true" guid="66df032f-1bee-4f9b-b567-baf27bd5a1ea">
        <TemplateObject name="targetId" objectName="self" id="0" isTemp="false" refParamName="" useRefParam="false" />
        <String name="originalAnimName" value="Run" refParamName="" useRefParam="false" />
        <String name="changedAnimName" value="Run1" refParamName="" useRefParam="false" />
        <bool name="bChangeBlendTime" value="true" refParamName="" useRefParam="false" />
        <float name="fadeInBlendTime" value="0.200" refParamName="" useRefParam="false" />
        <float name="fadeOutBlendTime" value="0.200" refParamName="" useRefParam="false" />
        <String name="runAnimName1" value="" refParamName="" useRefParam="false" />
        <String name="runAnimName2" value="" refParamName="" useRefParam="false" />
        <String name="runAnimName3" value="" refParamName="" useRefParam="false" />
        <String name="runAnimName4" value="" refParamName="" useRefParam="false" />
      </Event>
    </Track>
    <Track trackName="ChangeAnimDuration1" eventType="ChangeAnimDuration" guid="0ac07f69-1640-4dfe-93e4-4200d503d36f" enabled="true" useRefParam="false" refParamName="" r="0.000" g="0.000" b="0.000" execOnForceStopped="false" execOnActionCompleted="false">
      <Event eventName="ChangeAnimDuration" time="0.000" length="5.000" isDuration="true" guid="0767068c-9eb4-43a3-8fba-a863e06401e0">
        <TemplateObject name="targetId" objectName="self" id="0" isTemp="false" refParamName="" useRefParam="false" />
        <String name="originalAnimName" value="Idle" refParamName="" useRefParam="false" />
        <String name="changedAnimName" value="Idle1" refParamName="" useRefParam="false" />
        <bool name="bChangeBlendTime" value="true" refParamName="" useRefParam="false" />
        <float name="fadeInBlendTime" value="0.200" refParamName="" useRefParam="false" />
        <float name="fadeOutBlendTime" value="0.200" refParamName="" useRefParam="false" />
        <String name="runAnimName1" value="" refParamName="" useRefParam="false" />
        <String name="runAnimName2" value="" refParamName="" useRefParam="false" />
        <String name="runAnimName3" value="" refParamName="" useRefParam="false" />
        <String name="runAnimName4" value="" refParamName="" useRefParam="false" />
      </Event>
    </Track>
    <Track trackName="CheckSkinIdTick0" eventType="CheckSkinIdTick" guid="f0ff8e74-8575-4377-9be0-b1d6dcaab818" enabled="true" useRefParam="false" refParamName="" r="0.000" g="0.000" b="0.000" execOnForceStopped="false" execOnActionCompleted="false">
      <Event eventName="CheckSkinIdTick" time="0.000" isDuration="false" guid="5bd53187-a656-42d1-b5e5-dbbce1020b5c">
        <TemplateObject name="targetId" objectName="self" id="0" isTemp="false" refParamName="" useRefParam="false" />
        <int name="skinId" value="13705" refParamName="" useRefParam="false" />
        <bool name="bSkipLogicCheck" value="true" refParamName="" useRefParam="false" />
      </Event>
    </Track>
    <Track trackName="TriggerParticle1" eventType="TriggerParticle" guid="8af8e5b1-fb63-4436-995c-21c1bcd00ffd" enabled="true" useRefParam="false" refParamName="" r="0.000" g="0.000" b="0.000" execOnForceStopped="false" execOnActionCompleted="false">
      <Condition id="6" guid="f0ff8e74-8575-4377-9be0-b1d6dcaab818" status="false" />
      <Event eventName="TriggerParticle" time="0.000" length="5.000" isDuration="true" guid="a0afc16e-a26f-4934-a7d8-4d768a08f5cc">
        <TemplateObject name="targetId" objectName="self" id="0" isTemp="false" refParamName="" useRefParam="false" />
        <TemplateObject name="objectSpaceId" objectName="self" id="0" isTemp="false" refParamName="" useRefParam="false" />
        <String name="resourceName" value="prefab_skill_effects/hero_skill_effects/137_simayi/SiMaYi_attack_buff" refParamName="" useRefParam="false" />
        <String name="bindPointName" value="Bone_Weapon01" refParamName="" useRefParam="false" />
        <Vector3i name="scalingInt" x="10000" y="10000" z="10000" refParamName="" useRefParam="false" />
        <bool name="bKeepChildScale" value="true" refParamName="" useRefParam="false" />
        <String name="syncAnimationName" value="" refParamName="" useRefParam="false" />
        <bool name="bReverseXWhenCameraMirror" value="true" refParamName="" useRefParam="false" />
        <String name="customTagName" value="" refParamName="" useRefParam="false" />
      </Event>
    </Track>
    <Track trackName="TriggerParticle1" eventType="TriggerParticle" guid="896aaa6c-5219-4061-abad-8fed18867b4b" enabled="true" useRefParam="false" refParamName="" r="0.000" g="0.000" b="0.000" execOnForceStopped="false" execOnActionCompleted="false">
      <Condition id="6" guid="f0ff8e74-8575-4377-9be0-b1d6dcaab818" status="true" />
      <Event eventName="TriggerParticle" time="0.000" length="5.000" isDuration="true" guid="7bf4dcb7-9754-4a7c-9c10-bd904e68786e">
        <TemplateObject name="targetId" objectName="self" id="0" isTemp="false" refParamName="" useRefParam="false" />
        <TemplateObject name="objectSpaceId" objectName="self" id="0" isTemp="false" refParamName="" useRefParam="false" />
        <String name="resourceName" value="prefab_skill_effects/hero_skill_effects/137_simayi/SiMaYi_buff" refParamName="" useRefParam="false" />
        <Vector3i name="scalingInt" x="10000" y="10000" z="10000" refParamName="" useRefParam="false" />
        <bool name="bKeepChildScale" value="true" refParamName="" useRefParam="false" />
        <String name="syncAnimationName" value="" refParamName="" useRefParam="false" />
        <bool name="bReverseXWhenCameraMirror" value="true" refParamName="" useRefParam="false" />
        <String name="customTagName" value="" refParamName="" useRefParam="false" />
      </Event>
    </Track>
    <Track trackName="TriggerParticle1" eventType="TriggerParticle" guid="a0c538b0-4a79-4502-93fc-3790e43ba279" enabled="true" useRefParam="false" refParamName="" r="0.000" g="0.000" b="0.000" execOnForceStopped="false" execOnActionCompleted="false">
      <Condition id="6" guid="f0ff8e74-8575-4377-9be0-b1d6dcaab818" status="true" />
      <Event eventName="TriggerParticle" time="0.000" length="5.000" isDuration="true" guid="81710d92-0359-4d1a-a34c-283375d58245">
        <TemplateObject name="targetId" objectName="self" id="0" isTemp="false" refParamName="" useRefParam="false" />
        <TemplateObject name="objectSpaceId" objectName="self" id="0" isTemp="false" refParamName="" useRefParam="false" />
        <String name="resourceName" value="prefab_skill_effects/hero_skill_effects/137_simayi/SiMaYi_attack_spell01E" refParamName="" useRefParam="false" />
        <Vector3i name="scalingInt" x="10000" y="10000" z="10000" refParamName="" useRefParam="false" />
        <bool name="bKeepChildScale" value="true" refParamName="" useRefParam="false" />
        <String name="syncAnimationName" value="" refParamName="" useRefParam="false" />
        <bool name="bReverseXWhenCameraMirror" value="true" refParamName="" useRefParam="false" />
        <String name="customTagName" value="" refParamName="" useRefParam="false" />
      </Event>
    </Track>
    <Track trackName="SetAnimationParamsDuration0" eventType="SetAnimationParamsDuration" guid="aa3af5f1-d4da-4cf0-84a3-74b94970328d" enabled="true" useRefParam="false" refParamName="" r="0.000" g="0.000" b="0.000" execOnForceStopped="false" execOnActionCompleted="false" SkinAvatarFilterType="9">
      <Event eventName="SetAnimationParamsDuration" time="0.000" length="5.000" isDuration="true" guid="8635cf25-fd83-4429-ba19-7e985a672f94">
        <TemplateObject name="targetId" objectName="self" id="0" isTemp="false" refParamName="" useRefParam="false" />
        <Array name="boolNames" refParamName="" useRefParam="false" type="String">
          <String value="enhance" />
        </Array>
        <Array name="boolValues" refParamName="" useRefParam="false" type="bool">
          <bool value="true" />
        </Array>
      </Event>
      <SkinOrAvatarList id="13706" />
      <SkinOrAvatarList id="13701" />
      <SkinOrAvatarList id="13700" />
      <SkinOrAvatarList id="13702" />
      <SkinOrAvatarList id="13703" />
      <SkinOrAvatarList id="13704" />
      <SkinOrAvatarList id="13707" />
      <SkinOrAvatarList id="13705" />
    </Track>
    <Track trackName="TriggerParticle1" eventType="TriggerParticle" guid="1c47d4d5-22cf-447d-a576-f401ccd02539" enabled="true" useRefParam="false" refParamName="" r="0.000" g="0.000" b="0.000" execOnForceStopped="false" execOnActionCompleted="false" SkinAvatarFilterType="9">
      <Condition id="0" guid="a73baff7-bebd-4423-b3ad-291fc2cdcf94" status="true" />
      <Event eventName="TriggerParticle" time="0.000" length="5.000" isDuration="true" guid="138200f7-b4ff-49ea-ae8b-33896d0c18e5">
        <TemplateObject name="targetId" objectName="self" id="0" isTemp="false" refParamName="" useRefParam="false" />
        <TemplateObject name="objectSpaceId" objectName="self" id="0" isTemp="false" refParamName="" useRefParam="false" />
        <String name="resourceName" value="prefab_skill_effects/hero_skill_effects/137_simayi/SiMaYi_buff_01" refParamName="" useRefParam="false" />
        <String name="bindPointName" value="Bone_Weapon01" refParamName="" useRefParam="false" />
        <Vector3i name="scalingInt" x="10000" y="10000" z="10000" refParamName="" useRefParam="false" />
        <bool name="bKeepChildScale" value="true" refParamName="" useRefParam="false" />
        <String name="syncAnimationName" value="" refParamName="" useRefParam="false" />
        <bool name="bReverseXWhenCameraMirror" value="true" refParamName="" useRefParam="false" />
        <String name="customTagName" value="" refParamName="" useRefParam="false" />
      </Event>
      <SkinOrAvatarList id="13706" />
      <SkinOrAvatarList id="13701" />
      <SkinOrAvatarList id="13700" />
      <SkinOrAvatarList id="13702" />
      <SkinOrAvatarList id="13703" />
      <SkinOrAvatarList id="13704" />
      <SkinOrAvatarList id="13707" />
      <SkinOrAvatarList id="13705" />
    </Track>
    <Track trackName="TriggerParticle1" eventType="TriggerParticle" guid="50fed045-70bf-4e03-b19d-d5aab29a6eeb" enabled="true" useRefParam="false" refParamName="" r="0.000" g="0.000" b="0.000" execOnForceStopped="false" execOnActionCompleted="false" SkinAvatarFilterType="9">
      <Condition id="1" guid="e2012666-f8f1-42f2-9243-8738c0aa8aa1" status="true" />
      <Event eventName="TriggerParticle" time="0.000" length="5.000" isDuration="true" guid="55e47265-414a-401b-b5b5-30b359409929">
        <TemplateObject name="targetId" objectName="self" id="0" isTemp="false" refParamName="" useRefParam="false" />
        <TemplateObject name="objectSpaceId" objectName="self" id="0" isTemp="false" refParamName="" useRefParam="false" />
        <String name="resourceName" value="prefab_skill_effects/hero_skill_effects/137_simayi/SiMaYi_buff_01_E" refParamName="" useRefParam="false" />
        <String name="bindPointName" value="Bone_Weapon01" refParamName="" useRefParam="false" />
        <Vector3i name="scalingInt" x="10000" y="10000" z="10000" refParamName="" useRefParam="false" />
        <bool name="bKeepChildScale" value="true" refParamName="" useRefParam="false" />
        <String name="syncAnimationName" value="" refParamName="" useRefParam="false" />
        <bool name="bReverseXWhenCameraMirror" value="true" refParamName="" useRefParam="false" />
        <String name="customTagName" value="" refParamName="" useRefParam="false" />
      </Event>
      <SkinOrAvatarList id="13706" />
      <SkinOrAvatarList id="13701" />
      <SkinOrAvatarList id="13700" />
      <SkinOrAvatarList id="13702" />
      <SkinOrAvatarList id="13703" />
      <SkinOrAvatarList id="13704" />
      <SkinOrAvatarList id="13707" />
      <SkinOrAvatarList id="13705" />
    </Track>
  </Action>
</Project>