﻿<?xml version="1.0" encoding="utf-8"?>
<Project>
  <TemplateObjectList>
    <TemplateObject objectName="self" id="0" isTemp="false" />
    <TemplateObject objectName="target" id="1" isTemp="false" />
  </TemplateObjectList>
  <RefParamList />
  <Action tag="" length="100.000" loop="false">
    <Track trackName="FilterTargetType1" eventType="FilterTargetType" guid="b00ea1f7-c1ad-4225-8351-03c1c08fa9b4" enabled="true" useRefParam="false" refParamName="" r="0.000" g="0.000" b="0.000" execOnForceStopped="false" execOnActionCompleted="false">
      <Event eventName="FilterTargetType" time="0.000" isDuration="false" guid="483dd2ca-be5e-43a6-89ce-483ee7d08bde">
        <TemplateObject name="targetId" objectName="self" id="0" isTemp="false" refParamName="" useRefParam="false" />
        <bool name="bFilterBufferLayers" value="true" refParamName="" useRefParam="false" />
        <int name="buffId" value="137050" refParamName="" useRefParam="false" />
        <Enum name="operatorType" value="4" EnumValue="大于" refParamName="" useRefParam="false" />
      </Event>
    </Track>
    <Track trackName="ChangeAnimDuration0" eventType="ChangeAnimDuration" guid="3db85fef-5b01-4351-99f2-267b2e5dfe13" enabled="true" useRefParam="false" refParamName="" r="0.000" g="0.000" b="0.000" execOnForceStopped="false" execOnActionCompleted="false">
      <Condition id="0" guid="b00ea1f7-c1ad-4225-8351-03c1c08fa9b4" status="false" />
      <Event eventName="ChangeAnimDuration" time="0.000" length="100.000" isDuration="true" guid="d621f2f8-4e33-4e6a-ba93-f494d42ed11e">
        <TemplateObject name="targetId" objectName="self" id="0" isTemp="false" refParamName="" useRefParam="false" />
        <String name="originalAnimName" value="Run" refParamName="" useRefParam="false" />
        <String name="changedAnimName" value="Run2" refParamName="" useRefParam="false" />
        <String name="runAnimName1" value="" refParamName="" useRefParam="false" />
        <String name="runAnimName2" value="" refParamName="" useRefParam="false" />
        <String name="runAnimName3" value="" refParamName="" useRefParam="false" />
        <String name="runAnimName4" value="" refParamName="" useRefParam="false" />
      </Event>
    </Track>
    <Track trackName="ChangeAnimDuration1" eventType="ChangeAnimDuration" guid="fb3df139-fa6e-4389-bb8c-9396a13a8e37" enabled="true" useRefParam="false" refParamName="" r="0.000" g="0.000" b="0.000" execOnForceStopped="false" execOnActionCompleted="false">
      <Condition id="0" guid="b00ea1f7-c1ad-4225-8351-03c1c08fa9b4" status="false" />
      <Event eventName="ChangeAnimDuration" time="0.000" length="100.000" isDuration="true" guid="2582d742-fc22-4616-b65b-53d6148c6686">
        <TemplateObject name="targetId" objectName="self" id="0" isTemp="false" refParamName="" useRefParam="false" />
        <String name="originalAnimName" value="Idle" refParamName="" useRefParam="false" />
        <String name="changedAnimName" value="Idle2" refParamName="" useRefParam="false" />
        <String name="runAnimName1" value="" refParamName="" useRefParam="false" />
        <String name="runAnimName2" value="" refParamName="" useRefParam="false" />
        <String name="runAnimName3" value="" refParamName="" useRefParam="false" />
        <String name="runAnimName4" value="" refParamName="" useRefParam="false" />
      </Event>
    </Track>
    <Track trackName="ChangeAnimDuration0" eventType="ChangeAnimDuration" guid="56f57705-7514-4d22-8061-3416529f4863" enabled="true" useRefParam="false" refParamName="" r="0.000" g="0.000" b="0.000" execOnForceStopped="false" execOnActionCompleted="false">
      <Condition id="0" guid="b00ea1f7-c1ad-4225-8351-03c1c08fa9b4" status="true" />
      <Event eventName="ChangeAnimDuration" time="0.000" length="100.000" isDuration="true" guid="b7ef85de-024d-49d2-b7f9-9b1f0b152d7c">
        <TemplateObject name="targetId" objectName="self" id="0" isTemp="false" refParamName="" useRefParam="false" />
        <String name="originalAnimName" value="Run" refParamName="" useRefParam="false" />
        <String name="changedAnimName" value="Run3" refParamName="" useRefParam="false" />
        <String name="runAnimName1" value="" refParamName="" useRefParam="false" />
        <String name="runAnimName2" value="" refParamName="" useRefParam="false" />
        <String name="runAnimName3" value="" refParamName="" useRefParam="false" />
        <String name="runAnimName4" value="" refParamName="" useRefParam="false" />
      </Event>
    </Track>
    <Track trackName="ChangeAnimDuration1" eventType="ChangeAnimDuration" guid="f1cd171e-c5c9-4b82-aa4f-d90997f7b1fd" enabled="true" useRefParam="false" refParamName="" r="0.000" g="0.000" b="0.000" execOnForceStopped="false" execOnActionCompleted="false">
      <Condition id="0" guid="b00ea1f7-c1ad-4225-8351-03c1c08fa9b4" status="true" />
      <Event eventName="ChangeAnimDuration" time="0.000" length="100.000" isDuration="true" guid="f0bd4cf0-b43b-4a7a-a34b-73e67ea1dccc">
        <TemplateObject name="targetId" objectName="self" id="0" isTemp="false" refParamName="" useRefParam="false" />
        <String name="originalAnimName" value="Idle" refParamName="" useRefParam="false" />
        <String name="changedAnimName" value="Idle3" refParamName="" useRefParam="false" />
        <String name="runAnimName1" value="" refParamName="" useRefParam="false" />
        <String name="runAnimName2" value="" refParamName="" useRefParam="false" />
        <String name="runAnimName3" value="" refParamName="" useRefParam="false" />
        <String name="runAnimName4" value="" refParamName="" useRefParam="false" />
      </Event>
    </Track>
    <Track trackName="PlayMaterialEffectDuration0" eventType="PlayMaterialEffectDuration" guid="577a602e-5867-47df-aa03-06c4cba28097" enabled="false" useRefParam="false" refParamName="" r="0.000" g="0.000" b="0.000" execOnForceStopped="false" execOnActionCompleted="false">
      <Event eventName="PlayMaterialEffectDuration" time="0.000" length="100.000" isDuration="true" guid="9400fd10-d255-4aad-a548-31073a551635">
        <TemplateObject name="targetId" objectName="self" id="0" isTemp="false" refParamName="" useRefParam="false" />
        <String name="texPath" value="" refParamName="" useRefParam="false" />
        <Vector3 name="highLitColor" x="1.000" y="1.000" z="0.000" refParamName="" useRefParam="false" />
        <String name="materialNamePattern" value="" refParamName="" useRefParam="false" />
      </Event>
    </Track>
    <Track trackName="TriggerParticle6" eventType="TriggerParticle" guid="22ef1621-69b3-4a4d-8ff4-d4005083746e" enabled="true" useRefParam="false" refParamName="" r="0.000" g="0.000" b="0.000" execOnForceStopped="false" execOnActionCompleted="false" SkinAvatarFilterType="11">
      <Event eventName="TriggerParticle" time="0.000" length="100.000" isDuration="true" guid="27c8ae34-0b93-4e67-bebe-07f8961f9e30">
        <TemplateObject name="targetId" objectName="self" id="0" isTemp="false" refParamName="" useRefParam="false" />
        <TemplateObject name="objectSpaceId" objectName="self" id="0" isTemp="false" refParamName="" useRefParam="false" />
        <String name="resourceName" value="prefab_skill_effects/hero_skill_effects/137_simayi/simayi_buff_04" refParamName="" useRefParam="false" />
        <String name="bindPointName" value="Bip001 R Hand" refParamName="" useRefParam="false" />
        <String name="syncAnimationName" value="" refParamName="" useRefParam="false" />
        <String name="customTagName" value="" refParamName="" useRefParam="false" />
      </Event>
      <SkinOrAvatarList id="13706" />
      <SkinOrAvatarList id="13701" />
      <SkinOrAvatarList id="13700" />
      <SkinOrAvatarList id="13702" />
      <SkinOrAvatarList id="13703" />
      <SkinOrAvatarList id="13704" />
      <SkinOrAvatarList id="13707" />
      <SkinOrAvatarList id="13705" />
    </Track>
    <Track trackName="SetAnimationParamsDuration0" eventType="SetAnimationParamsDuration" guid="5b35c10b-f8e5-42c4-9a6a-3fcd84ffda96" enabled="true" useRefParam="false" refParamName="" r="0.000" g="0.000" b="0.000" execOnForceStopped="false" execOnActionCompleted="false" SkinAvatarFilterType="9">
      <Event eventName="SetAnimationParamsDuration" time="0.000" length="100.000" isDuration="true" guid="538b4b35-19ba-45c5-bf10-aa83f4266ce7">
        <TemplateObject name="targetId" objectName="self" id="0" isTemp="false" refParamName="" useRefParam="false" />
        <Array name="boolNames" refParamName="" useRefParam="false" type="String">
          <String value="Qishou2" />
        </Array>
        <Array name="boolValues" refParamName="" useRefParam="false" type="bool">
          <bool value="true" />
        </Array>
      </Event>
      <SkinOrAvatarList id="13706" />
      <SkinOrAvatarList id="13701" />
      <SkinOrAvatarList id="13700" />
      <SkinOrAvatarList id="13702" />
      <SkinOrAvatarList id="13703" />
      <SkinOrAvatarList id="13704" />
      <SkinOrAvatarList id="13707" />
      <SkinOrAvatarList id="13705" />
    </Track>
    <Track trackName="TriggerParticle6" eventType="TriggerParticle" guid="4db1f132-40a3-4cc2-a80a-abf4ef6a9f22" enabled="true" useRefParam="false" refParamName="" r="0.000" g="0.000" b="0.000" execOnForceStopped="false" execOnActionCompleted="false" SkinAvatarFilterType="9">
      <Event eventName="TriggerParticle" time="0.000" length="100.000" isDuration="true" guid="974c0757-ee11-4cd0-8a8c-f0c421c31d33">
        <TemplateObject name="targetId" objectName="self" id="0" isTemp="false" refParamName="" useRefParam="false" />
        <TemplateObject name="objectSpaceId" objectName="self" id="0" isTemp="false" refParamName="" useRefParam="false" />
        <String name="resourceName" value="prefab_skill_effects/hero_skill_effects/137_simayi/simayi_buff_04" refParamName="" useRefParam="false" />
        <String name="syncAnimationName" value="" refParamName="" useRefParam="false" />
        <String name="customTagName" value="" refParamName="" useRefParam="false" />
      </Event>
      <SkinOrAvatarList id="13706" />
      <SkinOrAvatarList id="13701" />
      <SkinOrAvatarList id="13700" />
      <SkinOrAvatarList id="13702" />
      <SkinOrAvatarList id="13703" />
      <SkinOrAvatarList id="13704" />
      <SkinOrAvatarList id="13707" />
      <SkinOrAvatarList id="13705" />
    </Track>
  </Action>
</Project>