﻿<?xml version="1.0" encoding="utf-8"?>
<Project>
  <TemplateObjectList>
    <TemplateObject objectName="self" id="0" isTemp="false" />
    <TemplateObject objectName="target" id="1" isTemp="false" />
    <TemplateObject objectName="攻击者" id="2" isTemp="false" />
  </TemplateObjectList>
  <RefParamList />
  <Action tag="" length="0.200" loop="false">
    <Track trackName="SkillFuncInstant0" eventType="SkillFuncInstant" guid="ad45874e-af9d-4b01-9268-aea3529569b6" enabled="true" useRefParam="false" refParamName="" r="0.000" g="0.000" b="0.000" execOnForceStopped="false" execOnActionCompleted="false">
      <Event eventName="SkillFuncInstant" time="0.000" isDuration="false" guid="58357ffd-a3ee-4479-8619-0d86babed6c8">
        <Enum name="SkillFuncType" value="58" EnumValue="回复能量值" refParamName="" useRefParam="false" />
      </Event>
    </Track>
    <Track trackName="TriggerParticleTick1" eventType="TriggerParticleTick" guid="43277b5a-3c94-4359-a6fd-ad2c7a6c98f4" enabled="false" useRefParam="false" refParamName="" r="0.000" g="0.000" b="0.000" execOnForceStopped="false" execOnActionCompleted="false">
      <Event eventName="TriggerParticleTick" time="0.000" isDuration="false" guid="31412c6d-e17e-4f7d-9595-5738b41a5eb5">
        <TemplateObject name="targetId" objectName="self" id="0" isTemp="false" refParamName="" useRefParam="false" />
        <TemplateObject name="objectSpaceId" objectName="self" id="0" isTemp="false" refParamName="" useRefParam="false" />
        <String name="resourceName" value="prefab_skill_effects/hero_skill_effects/137_simayi/simayi_attack_spell02c" refParamName="" useRefParam="false" />
        <bool name="applyActionSpeedToAnimation" value="true" refParamName="" useRefParam="false" />
      </Event>
    </Track>
    <Track trackName="CheckSkinIdTick0" eventType="CheckSkinIdTick" guid="830ef7b9-a480-459a-8492-2d3d3b3c44c6" enabled="true" useRefParam="false" refParamName="" r="0.000" g="0.000" b="0.000" execOnForceStopped="false" execOnActionCompleted="false">
      <Event eventName="CheckSkinIdTick" time="0.000" isDuration="false" guid="5e49a81f-4a6c-4749-aae1-4ccdcb7082a6">
        <TemplateObject name="targetId" objectName="self" id="0" isTemp="false" refParamName="" useRefParam="false" />
        <int name="skinId" value="13705" refParamName="" useRefParam="false" />
        <bool name="bSkipLogicCheck" value="true" refParamName="" useRefParam="false" />
      </Event>
    </Track>
    <Track trackName="TriggerParticleTick0" eventType="TriggerParticleTick" guid="78af9845-561c-4534-a9ca-6b5992a16781" enabled="true" useRefParam="false" refParamName="" r="0.000" g="0.000" b="0.000" execOnForceStopped="false" execOnActionCompleted="false">
      <Condition id="2" guid="830ef7b9-a480-459a-8492-2d3d3b3c44c6" status="true" />
      <Event eventName="TriggerParticleTick" time="0.000" isDuration="false" guid="e39c4fa8-3aa4-4b74-9d0c-8e4033fc12ff">
        <TemplateObject name="targetId" objectName="self" id="0" isTemp="false" refParamName="" useRefParam="false" />
        <String name="resourceName" value="prefab_skill_effects/hero_skill_effects/137_simayi/SiMaYi_attack_spell02B" refParamName="" useRefParam="false" />
        <float name="lifeTime" value="5.000" refParamName="" useRefParam="false" />
        <bool name="bEnableOptCull" value="false" refParamName="" useRefParam="false" />
        <bool name="bReverseXWhenCameraMirro" value="true" refParamName="" useRefParam="false" />
      </Event>
    </Track>
    <Track trackName="TriggerParticleTick0" eventType="TriggerParticleTick" guid="46ca7428-7f7c-426f-a2b8-a20d6ad5faa7" enabled="true" useRefParam="false" refParamName="" r="0.000" g="0.000" b="0.000" execOnForceStopped="false" execOnActionCompleted="false" SkinAvatarFilterType="9">
      <Event eventName="TriggerParticleTick" time="0.000" isDuration="false" guid="e3376903-c2fd-43b1-a063-83b3f7c0fcb9">
        <TemplateObject name="targetId" objectName="self" id="0" isTemp="false" refParamName="" useRefParam="false" />
        <TemplateObject name="objectSpaceId" objectName="self" id="0" isTemp="false" refParamName="" useRefParam="false" />
        <String name="resourceName" value="prefab_skill_effects/hero_skill_effects/137_simayi/SiMaYi_attack_spell02C" refParamName="" useRefParam="false" />
        <float name="lifeTime" value="5.000" refParamName="" useRefParam="false" />
        <bool name="bReverseXWhenCameraMirro" value="true" refParamName="" useRefParam="false" />
      </Event>
    </Track>
  </Action>
</Project>