﻿<?xml version="1.0" encoding="utf-8"?>
<Project>
  <TemplateObjectList>
    <TemplateObject id="0" objectName="self" isTemp="false" />
    <TemplateObject id="1" objectName="target" isTemp="false" />
    <TemplateObject id="2" objectName="bullet" isTemp="true" />
  </TemplateObjectList>
  <RefParamList />
  <Action tag="" length="0.200" loop="false">
    <Track trackName="15412" eventType="CheckSkinIdTick" guid="81ab298e-a40c-483a-ba1c-17ff61ed948c" enabled="true" useRefParam="false" refParamName="" r="0.000" g="0.000" b="0.000" execOnForceStopped="false" execOnActionCompleted="false" stopAfterLastEvent="true">
      <Event eventName="CheckSkinIdTick" time="0.000" isDuration="false" guid="d136c08c-1475-4ed5-a547-f849d46304d4">
        <TemplateObject name="targetId" id="0" objectName="self" isTemp="false" refParamName="" useRefParam="false" />
        <int name="skinId" value="15492" refParamName="" useRefParam="false" />
        <bool name="bEqual" value="false" refParamName="" useRefParam="false" />
      </Event>
    </Track>
    <Track trackName="双刃buff" eventType="HitTriggerTick" guid="61a22ac2-e914-4cba-9819-8237ab7d85b3" enabled="true" useRefParam="false" refParamName="" r="0.000" g="0.000" b="0.000" execOnForceStopped="false" execOnActionCompleted="false" stopAfterLastEvent="true">
      <Condition id="0" guid="81ab298e-a40c-483a-ba1c-17ff61ed948c" status="true" />
      <Event eventName="HitTriggerTick" time="0.000" isDuration="false" guid="fae4b4e8-facc-4e87-ad4c-fedd04587b3a">
        <TemplateObject name="targetId" id="0" objectName="self" isTemp="false" refParamName="" useRefParam="false" />
        <int name="SelfSkillCombineID_1" value="154999" refParamName="" useRefParam="false" />
        <TemplateObject name="triggerId" id="-1" objectName="None" isTemp="false" refParamName="" useRefParam="false" />
      </Event>
    </Track>
    <Track trackName="出生加速动作" eventType="HitTriggerTick" guid="86af61a8-91ec-4dbc-96c5-6e746dd84092" enabled="true" useRefParam="false" refParamName="" r="0.000" g="0.000" b="0.000" execOnForceStopped="false" execOnActionCompleted="false" stopAfterLastEvent="true">
      <Condition id="0" guid="81ab298e-a40c-483a-ba1c-17ff61ed948c" status="true" />
      <Event eventName="HitTriggerTick" time="0.000" isDuration="false" guid="c72d61b3-3d8b-4a5f-9d6b-e608849e23ba">
        <TemplateObject name="targetId" id="0" objectName="self" isTemp="false" refParamName="" useRefParam="false" />
        <int name="SelfSkillCombineID_1" value="154998" refParamName="" useRefParam="false" />
        <TemplateObject name="triggerId" id="-1" objectName="None" isTemp="false" refParamName="" useRefParam="false" />
      </Event>
    </Track>
  </Action>
</Project>