﻿<?xml version="1.0" encoding="utf-8"?>
<Project>
  <TemplateObjectList>
    <TemplateObject objectName="self" id="0" isTemp="false" />
    <TemplateObject objectName="target" id="1" isTemp="false" />
    <TemplateObject objectName="bullet" id="2" isTemp="true" />
    <TemplateObject objectName="end" id="3" isTemp="true" />
  </TemplateObjectList>
  <RefParamList>
    <String name="BulletPrefab" value="" refParamName="" useRefParam="false" />
    <Vector3i name="_TargetDir" x="0" y="0" z="0" refParamName="" useRefParam="false" />
    <Vector3i name="_TargetPos" x="0" y="0" z="0" refParamName="" useRefParam="false" />
  </RefParamList>
  <Action tag="" length="5.000" loop="false">
    <Track trackName="15412" eventType="CheckSkinIdTick" guid="6d1d27e2-efcc-4365-a0a0-c650d4ca16ef" enabled="true" useRefParam="false" refParamName="" r="0.000" g="0.000" b="0.000" execOnForceStopped="false" execOnActionCompleted="false" stopAfterLastEvent="true">
      <Event eventName="CheckSkinIdTick" time="0.000" isDuration="false" guid="3f1d64c3-c005-4379-86b5-60d062bfdab5">
        <TemplateObject name="targetId" objectName="self" id="0" isTemp="false" refParamName="" useRefParam="false" />
        <int name="skinId" value="15492" refParamName="" useRefParam="false" />
        <bool name="bEqual" value="false" refParamName="" useRefParam="false" />
        <bool name="bSkipLogicCheck" value="true" refParamName="" useRefParam="false" />
      </Event>
    </Track>
    <Track trackName="原皮" eventType="CheckSkinIdTick" guid="8fc623c1-61e8-437a-a0d5-dd68137d3103" enabled="true" useRefParam="false" refParamName="" r="0.000" g="0.000" b="0.000" execOnForceStopped="false" execOnActionCompleted="false" stopAfterLastEvent="true">
      <Event eventName="CheckSkinIdTick" time="0.000" isDuration="false" guid="6389535c-a2cd-4cec-bb77-df6f4bb8f131">
        <TemplateObject name="targetId" objectName="self" id="0" isTemp="false" refParamName="" useRefParam="false" />
        <int name="skinId" value="15492" refParamName="" useRefParam="false" />
        <bool name="bSkipLogicCheck" value="true" refParamName="" useRefParam="false" />
      </Event>
    </Track>
    <Track trackName="FilterTargetType25" eventType="FilterTargetType" guid="c5507c8e-ecbd-42ff-81f8-35caf2757faf" enabled="true" useRefParam="false" refParamName="" r="0.000" g="0.000" b="0.000" execOnForceStopped="false" execOnActionCompleted="false" stopAfterLastEvent="true">
      <Event eventName="FilterTargetType" time="0.000" isDuration="false" guid="aecbbd32-1455-4890-b308-c1c37dbbbb63">
        <TemplateObject name="targetId" objectName="self" id="0" isTemp="false" refParamName="" useRefParam="false" />
        <bool name="bFilterDiffCamp" value="true" refParamName="" useRefParam="false" />
      </Event>
    </Track>
    <Track trackName="FilterTargetType26" eventType="FilterTargetType" guid="dd7b475d-2f36-4343-aab9-2469d5d47440" enabled="true" useRefParam="false" refParamName="" r="0.000" g="0.000" b="0.000" execOnForceStopped="false" execOnActionCompleted="false" stopAfterLastEvent="true">
      <Event eventName="FilterTargetType" time="0.000" isDuration="false" guid="960c18dd-014f-4008-884d-6d8c5f6ad7ea">
        <TemplateObject name="targetId" objectName="self" id="0" isTemp="false" refParamName="" useRefParam="false" />
        <bool name="bFilterSameCamp" value="true" refParamName="" useRefParam="false" />
      </Event>
    </Track>
    <Track trackName="SpawnObjectDuration0" eventType="SpawnObjectDuration" guid="daebc49c-aaee-4d23-aa98-60ce50ab6af1" enabled="true" useRefParam="false" refParamName="" r="0.000" g="0.000" b="0.000" execOnForceStopped="false" execOnActionCompleted="false" stopAfterLastEvent="true">
      <Event eventName="SpawnObjectDuration" time="0.000" length="5.000" isDuration="true" guid="6981beea-7f22-4b24-9737-9e7e655e3f17">
        <TemplateObject name="targetId" objectName="bullet" id="2" isTemp="true" refParamName="" useRefParam="false" />
        <TemplateObject name="objectSpaceId" objectName="self" id="0" isTemp="false" refParamName="" useRefParam="false" />
        <String name="prefabName" value="prefab_characters/commonempty" refParamName="" useRefParam="false" />
        <Vector3i name="translation" x="0" y="1000" z="0" refParamName="" useRefParam="false" />
        <bool name="modifyDirection" value="true" refParamName="" useRefParam="false" />
        <Vector3i name="direction" x="0" y="0" z="0" refParamName="_TargetDir" useRefParam="true" />
        <TemplateObject name="materialParentActorId" objectName="self" id="0" isTemp="false" refParamName="" useRefParam="false" />
        <bool name="modifyScaling" value="true" refParamName="" useRefParam="false" />
        <TemplateObject name="visionActorId" objectName="self" id="0" isTemp="false" refParamName="" useRefParam="false" />
        <bool name="bRealTimeSight" value="true" refParamName="" useRefParam="false" />
        <TemplateObject name="recordTargeID" objectName="None" id="-1" isTemp="false" refParamName="" useRefParam="false" />
      </Event>
    </Track>
    <Track trackName="SpawnObjectDuration0" eventType="SpawnObjectDuration" guid="29fc5adf-4637-4e33-896a-70e91f63bfeb" enabled="true" useRefParam="false" refParamName="" r="0.000" g="0.000" b="0.000" execOnForceStopped="false" execOnActionCompleted="false" stopAfterLastEvent="true">
      <Event eventName="SpawnObjectDuration" time="0.000" length="5.000" isDuration="true" guid="7e368932-97c8-4219-a6e2-7d04cbb90bd3">
        <TemplateObject name="targetId" objectName="end" id="3" isTemp="true" refParamName="" useRefParam="false" />
        <TemplateObject name="objectSpaceId" objectName="self" id="0" isTemp="false" refParamName="" useRefParam="false" />
        <String name="prefabName" value="prefab_characters/commonempty" refParamName="" useRefParam="false" />
        <Vector3i name="translation" x="0" y="1000" z="5500" refParamName="" useRefParam="false" />
        <bool name="modifyDirection" value="true" refParamName="" useRefParam="false" />
        <Vector3i name="direction" x="0" y="0" z="0" refParamName="" useRefParam="false" />
        <TemplateObject name="materialParentActorId" objectName="self" id="0" isTemp="false" refParamName="" useRefParam="false" />
        <TemplateObject name="visionActorId" objectName="None" id="-1" isTemp="false" refParamName="" useRefParam="false" />
        <bool name="bRealTimeSight" value="true" refParamName="" useRefParam="false" />
        <TemplateObject name="recordTargeID" objectName="None" id="-1" isTemp="false" refParamName="" useRefParam="false" />
      </Event>
    </Track>
    <Track trackName="SetCollisionTick0" eventType="SetCollisionTick" guid="55b4363e-6ecd-4858-afa4-a2cd1de3cc0b" enabled="true" useRefParam="false" refParamName="" r="0.000" g="0.000" b="0.000" execOnForceStopped="false" execOnActionCompleted="false" stopAfterLastEvent="true">
      <Event eventName="SetCollisionTick" time="0.000" isDuration="false" guid="75478603-0304-4445-9a9f-9152e36cca81">
        <TemplateObject name="targetId" objectName="bullet" id="2" isTemp="true" refParamName="" useRefParam="false" />
        <Enum name="type" value="1" EnumValue="SPHERE" refParamName="" useRefParam="false" />
        <Vector3i name="Size" x="2500" y="10000" z="2500" refParamName="" useRefParam="false" />
        <int name="Radius" value="1750" refParamName="" useRefParam="false" />
        <int name="Rotation" value="160" refParamName="" useRefParam="false" />
      </Event>
    </Track>
    <Track trackName="MoveBulletDuration0" eventType="MoveBulletDuration" guid="4adfc395-284b-487d-8943-29fc4f0caca8" enabled="true" useRefParam="false" refParamName="" r="0.000" g="0.000" b="0.000" execOnForceStopped="false" execOnActionCompleted="false" stopAfterLastEvent="true">
      <Event eventName="MoveBulletDuration" time="0.000" length="0.400" isDuration="true" guid="40778977-e340-4a38-ac21-9b2a682e677a">
        <TemplateObject name="targetId" objectName="bullet" id="2" isTemp="true" refParamName="" useRefParam="false" />
        <Enum name="MoveType" value="2" EnumValue="指定朝向" refParamName="" useRefParam="false" />
        <int name="distance" value="5500" refParamName="" useRefParam="false" />
        <int name="velocity" value="20000" refParamName="" useRefParam="false" />
      </Event>
    </Track>
    <Track trackName="MoveBulletDuration0" eventType="MoveBulletDuration" guid="885a74f4-32fa-4829-b060-0f64c75cb6d9" enabled="false" useRefParam="false" refParamName="" r="0.000" g="0.000" b="0.000" execOnForceStopped="false" execOnActionCompleted="false" stopAfterLastEvent="true">
      <Event eventName="MoveBulletDuration" time="0.000" length="0.400" isDuration="true" guid="de6de22d-7aa5-4872-b7e5-4d7076e61ea0">
        <TemplateObject name="targetId" objectName="bullet" id="2" isTemp="true" refParamName="" useRefParam="false" />
        <TemplateObject name="destId" objectName="end" id="3" isTemp="true" refParamName="" useRefParam="false" />
        <int name="distance" value="5500" refParamName="" useRefParam="false" />
        <int name="velocity" value="20000" refParamName="" useRefParam="false" />
        <bool name="bMoveRotate" value="false" refParamName="" useRefParam="false" />
      </Event>
    </Track>
    <Track trackName="HitTriggerDuration0" eventType="HitTriggerDuration" guid="5c731cfd-6458-4cd3-99f8-77f563a97f01" enabled="true" useRefParam="false" refParamName="" r="0.000" g="0.000" b="0.000" execOnForceStopped="false" execOnActionCompleted="false" stopAfterLastEvent="true">
      <Event eventName="HitTriggerDuration" time="0.000" length="0.400" isDuration="true" guid="c2fb21bc-8625-452e-a445-c9a7aa24ac24">
        <TemplateObject name="triggerId" objectName="bullet" id="2" isTemp="true" refParamName="" useRefParam="false" />
        <TemplateObject name="attackerId" objectName="self" id="0" isTemp="false" refParamName="" useRefParam="false" />
        <int name="TriggerActorInterval" value="1000" refParamName="" useRefParam="false" />
        <bool name="bFileterOrgan" value="true" refParamName="" useRefParam="false" />
        <TemplateObject name="bulletID" objectName="None" id="-1" isTemp="false" refParamName="" useRefParam="false" />
        <int name="TriggerActorCount" value="32" refParamName="" useRefParam="false" />
        <int name="CollideMaxCount" value="1" refParamName="" useRefParam="false" />
        <int name="TargetSkillCombine_1" value="154200" refParamName="" useRefParam="false" />
        <int name="TargetSkillCombine_2" value="154290" refParamName="" useRefParam="false" />
        <String name="BulletActionName" value="" refParamName="" useRefParam="false" />
      </Event>
    </Track>
    <Track trackName="HitTriggerDuration0" eventType="HitTriggerDuration" guid="115b1f51-91ea-4c56-b04e-52dbad8c1603" enabled="true" useRefParam="false" refParamName="" r="0.000" g="0.000" b="0.000" execOnForceStopped="false" execOnActionCompleted="false" stopAfterLastEvent="true">
      <Event eventName="HitTriggerDuration" time="0.000" length="0.400" isDuration="true" guid="a09c66e3-00fe-4e26-a064-8d04a402d490">
        <TemplateObject name="triggerId" objectName="bullet" id="2" isTemp="true" refParamName="" useRefParam="false" />
        <TemplateObject name="attackerId" objectName="self" id="0" isTemp="false" refParamName="" useRefParam="false" />
        <int name="TriggerActorInterval" value="1000" refParamName="" useRefParam="false" />
        <bool name="bFileterMonter" value="true" refParamName="" useRefParam="false" />
        <bool name="bFileterOrgan" value="true" refParamName="" useRefParam="false" />
        <TemplateObject name="bulletID" objectName="None" id="-1" isTemp="false" refParamName="" useRefParam="false" />
        <int name="TriggerActorCount" value="32" refParamName="" useRefParam="false" />
        <int name="CollideMaxCount" value="1" refParamName="" useRefParam="false" />
        <int name="TargetSkillCombine_1" value="154040" refParamName="" useRefParam="false" />
        <String name="BulletActionName" value="" refParamName="" useRefParam="false" />
      </Event>
    </Track>
    <Track trackName="SetCollisionTick0" eventType="SetCollisionTick" guid="50b2b891-7687-4b04-967d-61128bc18b59" enabled="false" useRefParam="false" refParamName="" r="0.000" g="0.000" b="0.000" execOnForceStopped="false" execOnActionCompleted="false" stopAfterLastEvent="true">
      <Event eventName="SetCollisionTick" time="0.400" isDuration="false" guid="eeaffaea-167b-42b2-b4b8-df0ab3d3bc42">
        <TemplateObject name="targetId" objectName="bullet" id="2" isTemp="true" refParamName="" useRefParam="false" />
        <Enum name="type" value="1" EnumValue="SPHERE" refParamName="" useRefParam="false" />
        <Vector3i name="Size" x="2500" y="10000" z="2500" refParamName="" useRefParam="false" />
        <int name="Radius" value="1750" refParamName="" useRefParam="false" />
        <int name="Rotation" value="160" refParamName="" useRefParam="false" />
      </Event>
    </Track>
    <Track trackName="TriggerParticle0" eventType="TriggerParticle" guid="d5924b54-51ae-48e7-a10b-a1c57d146980" enabled="false" useRefParam="false" refParamName="" r="0.000" g="0.000" b="0.000" execOnForceStopped="false" execOnActionCompleted="false" stopAfterLastEvent="true">
      <Condition id="2" guid="c5507c8e-ecbd-42ff-81f8-35caf2757faf" status="true" />
      <Event eventName="TriggerParticle" time="0.400" length="3.000" isDuration="true" guid="344260fe-ea0f-4008-bfb3-c1324b03fc2f">
        <TemplateObject name="targetId" objectName="bullet" id="2" isTemp="true" refParamName="" useRefParam="false" />
        <String name="resourceName" value="prefab_skill_effects/hero_skill_effects/154_HuaMuLan/huamulan_attack01_spell02" refParamName="" useRefParam="false" />
        <Vector3i name="scalingInt" x="10000" y="10000" z="10000" refParamName="" useRefParam="false" />
        <String name="syncAnimationName" value="" refParamName="" useRefParam="false" />
        <String name="customTagName" value="" refParamName="" useRefParam="false" />
      </Event>
    </Track>
    <Track trackName="TriggerParticle0" eventType="TriggerParticle" guid="270ddcd9-d99d-434c-a5c2-8c64b4bd7fce" enabled="true" useRefParam="false" refParamName="" r="0.000" g="0.000" b="0.000" execOnForceStopped="false" execOnActionCompleted="false" stopAfterLastEvent="true">
      <Condition id="1" guid="8fc623c1-61e8-437a-a0d5-dd68137d3103" status="true" />
      <Condition id="2" guid="c5507c8e-ecbd-42ff-81f8-35caf2757faf" status="true" />
      <Event eventName="TriggerParticle" time="0.000" length="3.900" isDuration="true" guid="d9e276df-da32-413d-9159-4ea97a9791c5">
        <TemplateObject name="targetId" objectName="bullet" id="2" isTemp="true" refParamName="" useRefParam="false" />
        <String name="resourceName" value="prefab_skill_effects/hero_skill_effects/154_HuaMuLan/huamulan_attack02_spell02" refParamName="" useRefParam="false" />
        <Vector3i name="scalingInt" x="10000" y="10000" z="10000" refParamName="" useRefParam="false" />
        <String name="syncAnimationName" value="" refParamName="" useRefParam="false" />
        <String name="customTagName" value="" refParamName="" useRefParam="false" />
      </Event>
    </Track>
    <Track trackName="TriggerParticle0" eventType="TriggerParticle" guid="e6cbaf9d-8e9a-4d3b-8933-5e12e93aa178" enabled="true" useRefParam="false" refParamName="" r="0.000" g="0.000" b="0.000" execOnForceStopped="false" execOnActionCompleted="false" stopAfterLastEvent="true">
      <Condition id="1" guid="8fc623c1-61e8-437a-a0d5-dd68137d3103" status="true" />
      <Condition id="3" guid="dd7b475d-2f36-4343-aab9-2469d5d47440" status="true" />
      <Event eventName="TriggerParticle" time="0.000" length="3.900" isDuration="true" guid="7149c860-ae32-4162-9c15-7124c9bef421">
        <TemplateObject name="targetId" objectName="bullet" id="2" isTemp="true" refParamName="" useRefParam="false" />
        <String name="resourceName" value="prefab_skill_effects/hero_skill_effects/154_HuaMuLan/huamulan_attack02_spell02_e" refParamName="" useRefParam="false" />
        <Vector3i name="scalingInt" x="10000" y="10000" z="10000" refParamName="" useRefParam="false" />
        <String name="syncAnimationName" value="" refParamName="" useRefParam="false" />
        <String name="customTagName" value="" refParamName="" useRefParam="false" />
      </Event>
    </Track>
    <Track trackName="15412飞鸟" eventType="TriggerParticle" guid="f3f0f21a-83de-4816-9dd2-dfc91f5bd1a9" enabled="true" useRefParam="false" refParamName="" r="0.000" g="0.000" b="0.000" execOnForceStopped="false" execOnActionCompleted="false" stopAfterLastEvent="true">
      <Condition id="0" guid="6d1d27e2-efcc-4365-a0a0-c650d4ca16ef" status="true" />
      <Event eventName="TriggerParticle" time="0.000" length="0.500" isDuration="true" guid="d52c4ea5-f7a0-4ecf-b50a-c67c4df8f37a">
        <TemplateObject name="targetId" objectName="bullet" id="2" isTemp="true" refParamName="" useRefParam="false" />
        <String name="resourceName" value="prefab_skill_effects/hero_skill_effects/154_HuaMuLan/huamulan_attack02_spell02_A" refParamName="" useRefParam="false" />
        <Vector3i name="scalingInt" x="10000" y="10000" z="10000" refParamName="" useRefParam="false" />
        <String name="syncAnimationName" value="" refParamName="" useRefParam="false" />
        <String name="customTagName" value="" refParamName="" useRefParam="false" />
      </Event>
    </Track>
    <Track trackName="飞鸟命中后落剑" eventType="TriggerParticle" guid="efef5e5c-ae74-4229-849a-97d960c55171" enabled="true" useRefParam="false" refParamName="" r="0.000" g="0.000" b="0.000" execOnForceStopped="false" execOnActionCompleted="false" stopAfterLastEvent="true">
      <Condition id="2" guid="c5507c8e-ecbd-42ff-81f8-35caf2757faf" status="true" />
      <Condition id="0" guid="6d1d27e2-efcc-4365-a0a0-c650d4ca16ef" status="true" />
      <Event eventName="TriggerParticle" time="0.400" length="3.500" isDuration="true" guid="5c850464-d3e0-452d-b69d-05d2c0b0ddb6">
        <TemplateObject name="targetId" objectName="bullet" id="2" isTemp="true" refParamName="" useRefParam="false" />
        <String name="resourceName" value="prefab_skill_effects/hero_skill_effects/154_HuaMuLan/huamulan_attack02_spell02" refParamName="" useRefParam="false" />
        <Vector3i name="scalingInt" x="10000" y="10000" z="10000" refParamName="" useRefParam="false" />
        <String name="syncAnimationName" value="" refParamName="" useRefParam="false" />
        <bool name="bForceIngoreCull" value="true" refParamName="" useRefParam="false" />
        <String name="customTagName" value="" refParamName="" useRefParam="false" />
      </Event>
    </Track>
    <Track trackName="飞鸟命中后落剑" eventType="TriggerParticle" guid="2f174e5a-6e54-44df-bcb6-dd736b819610" enabled="true" useRefParam="false" refParamName="" r="0.000" g="0.000" b="0.000" execOnForceStopped="false" execOnActionCompleted="false" stopAfterLastEvent="true">
      <Condition id="3" guid="dd7b475d-2f36-4343-aab9-2469d5d47440" status="true" />
      <Condition id="0" guid="6d1d27e2-efcc-4365-a0a0-c650d4ca16ef" status="true" />
      <Event eventName="TriggerParticle" time="0.400" length="3.500" isDuration="true" guid="8fa2add5-de0a-48a9-ad6e-c27e54bfdf18">
        <TemplateObject name="targetId" objectName="bullet" id="2" isTemp="true" refParamName="" useRefParam="false" />
        <String name="resourceName" value="prefab_skill_effects/hero_skill_effects/154_HuaMuLan/huamulan_attack02_spell02_e" refParamName="" useRefParam="false" />
        <Vector3i name="scalingInt" x="10000" y="10000" z="10000" refParamName="" useRefParam="false" />
        <String name="syncAnimationName" value="" refParamName="" useRefParam="false" />
        <bool name="bForceIngoreCull" value="true" refParamName="" useRefParam="false" />
        <String name="customTagName" value="" refParamName="" useRefParam="false" />
      </Event>
    </Track>
    <Track trackName="HitTriggerDuration0" eventType="HitTriggerDuration" guid="4d0fd138-43d8-470f-934b-61ca6b520caa" enabled="true" useRefParam="false" refParamName="" r="0.000" g="0.000" b="0.000" execOnForceStopped="false" execOnActionCompleted="false" stopAfterLastEvent="true">
      <Event eventName="HitTriggerDuration" time="0.400" length="3.000" isDuration="true" guid="d964abcb-9028-4e60-a351-3f18e243f75b">
        <TemplateObject name="triggerId" objectName="bullet" id="2" isTemp="true" refParamName="" useRefParam="false" />
        <TemplateObject name="attackerId" objectName="self" id="0" isTemp="false" refParamName="" useRefParam="false" />
        <int name="TriggerActorInterval" value="500" refParamName="" useRefParam="false" />
        <bool name="bFileterOrgan" value="true" refParamName="" useRefParam="false" />
        <TemplateObject name="bulletID" objectName="None" id="-1" isTemp="false" refParamName="" useRefParam="false" />
        <int name="TriggerActorCount" value="32" refParamName="" useRefParam="false" />
        <int name="CollideMaxCount" value="32" refParamName="" useRefParam="false" />
        <int name="TargetSkillCombine_1" value="154210" refParamName="" useRefParam="false" />
        <int name="TargetSkillCombine_2" value="154290" refParamName="" useRefParam="false" />
        <String name="BulletActionName" value="" refParamName="" useRefParam="false" />
      </Event>
    </Track>
    <Track trackName="HitTriggerDuration0" eventType="HitTriggerDuration" guid="4a0fa090-2f15-40bc-bb8e-ee1e9e3a8056" enabled="true" useRefParam="false" refParamName="" r="0.000" g="0.000" b="0.000" execOnForceStopped="false" execOnActionCompleted="false" stopAfterLastEvent="true">
      <Event eventName="HitTriggerDuration" time="0.400" length="3.000" isDuration="true" guid="82700508-fb62-4c57-b93a-7ebd60de1019">
        <TemplateObject name="triggerId" objectName="bullet" id="2" isTemp="true" refParamName="" useRefParam="false" />
        <TemplateObject name="attackerId" objectName="self" id="0" isTemp="false" refParamName="" useRefParam="false" />
        <int name="TriggerActorInterval" value="1000" refParamName="" useRefParam="false" />
        <bool name="bFileterMonter" value="true" refParamName="" useRefParam="false" />
        <bool name="bFileterOrgan" value="true" refParamName="" useRefParam="false" />
        <TemplateObject name="bulletID" objectName="None" id="-1" isTemp="false" refParamName="" useRefParam="false" />
        <int name="TriggerActorCount" value="32" refParamName="" useRefParam="false" />
        <int name="CollideMaxCount" value="32" refParamName="" useRefParam="false" />
        <int name="TargetSkillCombine_1" value="154050" refParamName="" useRefParam="false" />
        <String name="BulletActionName" value="" refParamName="" useRefParam="false" />
      </Event>
    </Track>
    <Track trackName="自身碰撞缩短CD?" eventType="HitTriggerDuration" guid="5641dc7f-f9dd-4bd4-abd1-1868ed248761" enabled="true" useRefParam="false" refParamName="" r="0.000" g="0.000" b="0.000" execOnForceStopped="false" execOnActionCompleted="false" stopAfterLastEvent="true">
      <Event eventName="HitTriggerDuration" time="0.400" length="3.000" isDuration="true" guid="b332ffe5-0166-47b6-ae14-dd6f34c3d7c2">
        <TemplateObject name="triggerId" objectName="bullet" id="2" isTemp="true" refParamName="" useRefParam="false" />
        <TemplateObject name="attackerId" objectName="self" id="0" isTemp="false" refParamName="" useRefParam="false" />
        <int name="TriggerActorInterval" value="1000" refParamName="" useRefParam="false" />
        <bool name="bFilterEnemy" value="true" refParamName="" useRefParam="false" />
        <bool name="bFilterFriend" value="false" refParamName="" useRefParam="false" />
        <bool name="bFileterMonter" value="true" refParamName="" useRefParam="false" />
        <bool name="bFileterOrgan" value="true" refParamName="" useRefParam="false" />
        <bool name="bFilterMyself" value="false" refParamName="" useRefParam="false" />
        <bool name="bOnlyMe" value="true" refParamName="" useRefParam="false" />
        <TemplateObject name="bulletID" objectName="None" id="-1" isTemp="false" refParamName="" useRefParam="false" />
        <int name="TriggerActorCount" value="1" refParamName="" useRefParam="false" />
        <int name="CollideMaxCount" value="1" refParamName="" useRefParam="false" />
        <int name="SelfSkillCombineID_1" value="154260" refParamName="" useRefParam="false" />
        <String name="BulletActionName" value="" refParamName="" useRefParam="false" />
      </Event>
    </Track>
    <Track trackName="SetCollisionTick0" eventType="SetCollisionTick" guid="9a357b9d-60d8-47e8-9b7c-0009bc94c05b" enabled="false" useRefParam="false" refParamName="" r="0.000" g="0.000" b="0.000" execOnForceStopped="false" execOnActionCompleted="false" stopAfterLastEvent="true">
      <Event eventName="SetCollisionTick" time="1.500" isDuration="false" guid="df8dce9c-de49-43aa-a757-c2fca733d6ba">
        <TemplateObject name="targetId" objectName="bullet" id="2" isTemp="true" refParamName="" useRefParam="false" />
        <Vector3i name="Size" x="2500" y="10000" z="2500" refParamName="" useRefParam="false" />
        <int name="Radius" value="2000" refParamName="" useRefParam="false" />
        <int name="Rotation" value="160" refParamName="" useRefParam="false" />
      </Event>
    </Track>
    <Track trackName="TriggerParticle0" eventType="TriggerParticle" guid="3f1b45ee-608a-4ca5-8049-1522a5095c9d" enabled="false" useRefParam="false" refParamName="" r="0.000" g="0.000" b="0.000" execOnForceStopped="false" execOnActionCompleted="false" stopAfterLastEvent="true">
      <Event eventName="TriggerParticle" time="1.500" length="2.000" isDuration="true" guid="52b9a0a8-4f88-47cd-804a-4326436a616e">
        <TemplateObject name="targetId" objectName="bullet" id="2" isTemp="true" refParamName="" useRefParam="false" />
        <String name="resourceName" value="prefab_skill_effects/hero_skill_effects/141_diaochan/diaochan_attack_spell01" refParamName="" useRefParam="false" />
        <Vector3i name="scalingInt" x="10000" y="10000" z="10000" refParamName="" useRefParam="false" />
        <String name="syncAnimationName" value="" refParamName="" useRefParam="false" />
        <String name="customTagName" value="" refParamName="" useRefParam="false" />
      </Event>
    </Track>
    <Track trackName="MoveBulletDuration1" eventType="MoveBulletDuration" guid="4c4ac178-29dd-4008-a00c-9fa0d6258845" enabled="false" useRefParam="false" refParamName="" r="0.000" g="0.000" b="0.000" execOnForceStopped="false" execOnActionCompleted="false" stopAfterLastEvent="true">
      <Event eventName="MoveBulletDuration" time="1.500" length="2.000" isDuration="true" guid="0bd07413-9610-4e69-be9a-13b599560b36">
        <TemplateObject name="targetId" objectName="bullet" id="2" isTemp="true" refParamName="" useRefParam="false" />
        <TemplateObject name="destId" objectName="self" id="0" isTemp="false" refParamName="" useRefParam="false" />
        <int name="distance" value="15000" refParamName="" useRefParam="false" />
        <int name="velocity" value="40000" refParamName="" useRefParam="false" />
      </Event>
    </Track>
    <Track trackName="HitTriggerDuration1" eventType="HitTriggerDuration" guid="d66250a8-0b37-4b70-89d3-dfc8c942cf24" enabled="false" useRefParam="false" refParamName="" r="0.000" g="0.000" b="0.000" execOnForceStopped="false" execOnActionCompleted="false" stopAfterLastEvent="true">
      <Event eventName="HitTriggerDuration" time="1.500" length="2.000" isDuration="true" guid="a3983167-0cad-4dc4-ae21-afea5ff32743">
        <TemplateObject name="triggerId" objectName="bullet" id="2" isTemp="true" refParamName="" useRefParam="false" />
        <TemplateObject name="attackerId" objectName="self" id="0" isTemp="false" refParamName="" useRefParam="false" />
        <int name="TriggerActorInterval" value="1000" refParamName="" useRefParam="false" />
        <bool name="bFileterOrgan" value="true" refParamName="" useRefParam="false" />
        <TemplateObject name="bulletID" objectName="None" id="-1" isTemp="false" refParamName="" useRefParam="false" />
        <int name="TriggerActorCount" value="32" refParamName="" useRefParam="false" />
        <int name="CollideMaxCount" value="1" refParamName="" useRefParam="false" />
        <int name="TargetSkillCombine_1" value="154200" refParamName="" useRefParam="false" />
        <int name="TargetSkillCombine_2" value="154290" refParamName="" useRefParam="false" />
        <String name="BulletActionName" value="" refParamName="" useRefParam="false" />
      </Event>
    </Track>
    <Track trackName="TriggerParticleTick0" eventType="TriggerParticleTick" guid="73bae193-2009-416d-8699-6f1c8b72b342" enabled="true" useRefParam="false" refParamName="" r="0.000" g="0.000" b="0.000" execOnForceStopped="false" execOnActionCompleted="false" stopAfterLastEvent="true">
      <Condition id="20" guid="5641dc7f-f9dd-4bd4-abd1-1868ed248761" status="true" />
      <Event eventName="TriggerParticleTick" time="0.000" isDuration="false" guid="849735d1-bcaa-4907-a833-b4bb0b54e485">
        <TemplateObject name="targetId" objectName="None" id="-1" isTemp="false" refParamName="" useRefParam="false" />
        <TemplateObject name="objectSpaceId" objectName="bullet" id="2" isTemp="true" refParamName="" useRefParam="false" />
        <String name="resourceName" value="prefab_skill_effects/hero_skill_effects/154_HuaMuLan/huamulan_attack02_spell02_xs" refParamName="" useRefParam="false" />
        <Vector3i name="scalingInt" x="10000" y="10000" z="10000" refParamName="" useRefParam="false" />
      </Event>
    </Track>
    <Track trackName="StopTracks0" eventType="StopTracks" guid="d04c581e-4f21-4ce1-85c6-f6bfc80bdc2a" enabled="true" useRefParam="false" refParamName="" r="0.000" g="0.000" b="0.000" execOnForceStopped="false" execOnActionCompleted="false" stopAfterLastEvent="true">
      <Condition id="20" guid="5641dc7f-f9dd-4bd4-abd1-1868ed248761" status="true" />
      <Event eventName="StopTracks" time="0.000" isDuration="false" guid="640c1613-d0ea-48a0-b506-32294fe1f30b">
        <Array name="trackIds" refParamName="" useRefParam="false" type="TrackObject">
          <TrackObject id="13" guid="270ddcd9-d99d-434c-a5c2-8c64b4bd7fce" />
          <TrackObject id="14" guid="e6cbaf9d-8e9a-4d3b-8933-5e12e93aa178" />
        </Array>
        <bool name="alsoStopNotStartedTrack" value="true" refParamName="" useRefParam="false" />
      </Event>
    </Track>
    <Track trackName="15412碰撞结束" eventType="StopTracks" guid="fe26fb90-845b-4ec9-9851-ad1d2c027cd0" enabled="true" useRefParam="false" refParamName="" r="0.000" g="0.000" b="0.000" execOnForceStopped="false" execOnActionCompleted="false" stopAfterLastEvent="true">
      <Condition id="0" guid="6d1d27e2-efcc-4365-a0a0-c650d4ca16ef" status="true" />
      <Condition id="20" guid="5641dc7f-f9dd-4bd4-abd1-1868ed248761" status="true" />
      <Event eventName="StopTracks" time="0.000" isDuration="false" guid="9b030405-7161-4b80-b2a6-337ea0026235">
        <Array name="trackIds" refParamName="" useRefParam="false" type="TrackObject">
          <TrackObject id="15" guid="f3f0f21a-83de-4816-9dd2-dfc91f5bd1a9" />
          <TrackObject id="16" guid="efef5e5c-ae74-4229-849a-97d960c55171" />
          <TrackObject id="17" guid="2f174e5a-6e54-44df-bcb6-dd736b819610" />
        </Array>
        <bool name="alsoStopNotStartedTrack" value="true" refParamName="" useRefParam="false" />
      </Event>
    </Track>
    <Track trackName="15412时间到结束" eventType="StopTracks" guid="d25e2ec7-f759-4cbf-9c48-1c310b1630fc" enabled="true" useRefParam="false" refParamName="" r="0.000" g="0.000" b="0.000" execOnForceStopped="false" execOnActionCompleted="false" stopAfterLastEvent="true">
      <Condition id="0" guid="6d1d27e2-efcc-4365-a0a0-c650d4ca16ef" status="true" />
      <Event eventName="StopTracks" time="3.900" isDuration="false" guid="fb215c05-f678-47c9-81d3-2a6d0a20a16c">
        <Array name="trackIds" refParamName="" useRefParam="false" type="TrackObject">
          <TrackObject id="16" guid="efef5e5c-ae74-4229-849a-97d960c55171" />
          <TrackObject id="17" guid="2f174e5a-6e54-44df-bcb6-dd736b819610" />
        </Array>
        <bool name="alsoStopNotStartedTrack" value="true" refParamName="" useRefParam="false" />
      </Event>
    </Track>
    <Track trackName="StopTrack5" eventType="StopTrack" guid="8b3351b5-972c-40cf-a306-9dffd69d40ac" enabled="true" useRefParam="false" refParamName="" r="0.000" g="0.000" b="0.000" execOnForceStopped="false" execOnActionCompleted="false" stopAfterLastEvent="true">
      <Condition id="20" guid="5641dc7f-f9dd-4bd4-abd1-1868ed248761" status="true" />
      <Event eventName="StopTrack" time="0.000" isDuration="false" guid="8a7ebf36-360d-4e23-b56a-caa14743cabd">
        <TrackObject name="trackId" id="12" guid="d5924b54-51ae-48e7-a10b-a1c57d146980" refParamName="" useRefParam="false" />
      </Event>
    </Track>
    <Track trackName="StopTrack5" eventType="StopTrack" guid="d6d1b026-f1b9-4f48-93a5-89139c938e96" enabled="true" useRefParam="false" refParamName="" r="0.000" g="0.000" b="0.000" execOnForceStopped="false" execOnActionCompleted="false" stopAfterLastEvent="true">
      <Condition id="20" guid="5641dc7f-f9dd-4bd4-abd1-1868ed248761" status="true" />
      <Event eventName="StopTrack" time="0.000" isDuration="false" guid="61ca250d-7824-4046-a4ae-5bfb170dc5fc">
        <TrackObject name="trackId" id="18" guid="4d0fd138-43d8-470f-934b-61ca6b520caa" refParamName="" useRefParam="false" />
      </Event>
    </Track>
    <Track trackName="StopTrack5" eventType="StopTrack" guid="2c199104-405b-4478-ade4-fbf73d44b877" enabled="true" useRefParam="false" refParamName="" r="0.000" g="0.000" b="0.000" execOnForceStopped="false" execOnActionCompleted="false" stopAfterLastEvent="true">
      <Condition id="20" guid="5641dc7f-f9dd-4bd4-abd1-1868ed248761" status="true" />
      <Event eventName="StopTrack" time="0.000" isDuration="false" guid="16dd64e4-5080-4cf4-9455-7b2807de814a">
        <TrackObject name="trackId" id="19" guid="4a0fa090-2f15-40bc-bb8e-ee1e9e3a8056" refParamName="" useRefParam="false" />
      </Event>
    </Track>
    <Track trackName="StopTrack5" eventType="StopTrack" guid="ff5e24da-c731-4faf-8baa-a80631faa99b" enabled="true" useRefParam="false" refParamName="" r="0.000" g="0.000" b="0.000" execOnForceStopped="false" execOnActionCompleted="false" stopAfterLastEvent="true">
      <Condition id="20" guid="5641dc7f-f9dd-4bd4-abd1-1868ed248761" status="true" />
      <Event eventName="StopTrack" time="0.000" isDuration="false" guid="9eaa19ff-181c-42e6-b397-980eb5bedc3f">
        <TrackObject name="trackId" id="20" guid="5641dc7f-f9dd-4bd4-abd1-1868ed248761" refParamName="" useRefParam="false" />
      </Event>
    </Track>
    <Track trackName="StopTrack5" eventType="StopTrack" guid="75f01c65-9364-4b2a-8c27-99d81bcd7ce9" enabled="true" useRefParam="false" refParamName="" r="0.000" g="0.000" b="0.000" execOnForceStopped="false" execOnActionCompleted="false" stopAfterLastEvent="true">
      <Condition id="20" guid="5641dc7f-f9dd-4bd4-abd1-1868ed248761" status="true" />
      <Event eventName="StopTrack" time="0.100" isDuration="false" guid="bfce1dee-aebb-4a06-9705-241f367078f8">
        <TrackObject name="trackId" id="4" guid="daebc49c-aaee-4d23-aa98-60ce50ab6af1" refParamName="" useRefParam="false" />
      </Event>
    </Track>
    <Track trackName="PlayHeroSoundTick0" eventType="PlayHeroSoundTick" guid="c6f78bb9-9e6f-42f1-b7bf-014a61fffc35" enabled="true" useRefParam="false" refParamName="" r="0.000" g="0.000" b="0.000" execOnForceStopped="false" execOnActionCompleted="false" stopAfterLastEvent="true">
      <Event eventName="PlayHeroSoundTick" time="0.000" isDuration="false" guid="f5ea1476-7934-4eb4-8c2b-e5a828468588">
        <TemplateObject name="targetId" objectName="bullet" id="2" isTemp="true" refParamName="" useRefParam="false" />
        <TemplateObject name="sourceId" objectName="self" id="0" isTemp="false" refParamName="" useRefParam="false" />
        <String name="eventName" value="Play_154_Yena_Skill_B_D_Cast" refParamName="" useRefParam="false" />
      </Event>
    </Track>
    <Track trackName="PlayHeroSoundTick0" eventType="PlayHeroSoundTick" guid="65c4043b-ebee-45d1-b835-e451d01a6678" enabled="true" useRefParam="false" refParamName="" r="0.000" g="0.000" b="0.000" execOnForceStopped="false" execOnActionCompleted="false" stopAfterLastEvent="true" SkinAvatarFilterType="9">
      <Condition id="20" guid="5641dc7f-f9dd-4bd4-abd1-1868ed248761" status="true" />
      <Event eventName="PlayHeroSoundTick" time="0.000" isDuration="false" guid="29097961-7ea1-43e9-89ce-feaa08681265">
        <TemplateObject name="targetId" objectName="self" id="0" isTemp="false" refParamName="" useRefParam="false" />
        <TemplateObject name="sourceId" objectName="self" id="0" isTemp="false" refParamName="" useRefParam="false" />
        <String name="eventName" value="Play_154_Yena_Skill_B_D_Pickup" refParamName="" useRefParam="false" />
      </Event>
      <SkinOrAvatarList id="15413" />
    </Track>
  </Action>
</Project>