﻿<?xml version="1.0" encoding="utf-8"?>
<Project>
  <TemplateObjectList>
    <TemplateObject objectName="self" id="0" isTemp="false" />
    <TemplateObject objectName="target" id="1" isTemp="false" />
  </TemplateObjectList>
  <RefParamList>
    <Vector3i name="_TargetDir" x="0" y="0" z="0" refParamName="" useRefParam="false" />
    <Vector3i name="_TargetPos" x="0" y="0" z="0" refParamName="" useRefParam="false" />
  </RefParamList>
  <Action tag="" length="3.400" loop="false">
    <Track trackName="TriggerParticleTick1" eventType="TriggerParticleTick" guid="6ddeecc4-0642-4a6b-9f90-612186835f44" enabled="false" useRefParam="false" refParamName="" r="0.000" g="0.000" b="0.000" execOnForceStopped="false" execOnActionCompleted="false">
      <Event eventName="TriggerParticleTick" time="0.000" isDuration="false" guid="e9ad7c4f-8efb-48b7-bc2a-80221711e4f6">
        <TemplateObject name="targetId" objectName="target" id="1" isTemp="false" refParamName="" useRefParam="false" />
        <TemplateObject name="objectSpaceId" objectName="target" id="1" isTemp="false" refParamName="" useRefParam="false" />
        <String name="resourceName" value="prefab_skill_effects/hero_skill_effects/106_xiaoqiao/xiaoqiao_attack01_hurt" refParamName="" useRefParam="false" />
        <Vector3 name="bindPosOffset" x="0.000" y="1.000" z="0.000" refParamName="" useRefParam="false" />
        <Vector3 name="scaling" x="3.000" y="3.000" z="3.000" refParamName="" useRefParam="false" />
        <Vector3i name="scalingInt" x="10000" y="10000" z="10000" refParamName="" useRefParam="false" />
        <bool name="applyActionSpeedToAnimation" value="true" refParamName="" useRefParam="false" />
      </Event>
    </Track>
    <Track trackName="CheckSkinIdTick0" eventType="CheckSkinIdTick" guid="c5d89007-92e7-44a7-b30a-533baf9faf23" enabled="true" useRefParam="false" refParamName="" r="0.000" g="0.000" b="0.000" execOnForceStopped="false" execOnActionCompleted="false">
      <Event eventName="CheckSkinIdTick" time="0.000" isDuration="false" guid="87d40297-5d1d-4208-8d97-13dd110f1636">
        <TemplateObject name="targetId" objectName="self" id="0" isTemp="false" refParamName="" useRefParam="false" />
        <int name="skinId" value="11120" refParamName="" useRefParam="false" />
        <bool name="bEqual" value="false" refParamName="" useRefParam="false" />
      </Event>
    </Track>
    <Track trackName="ChangeAnimDuration1" eventType="ChangeAnimDuration" guid="ba8b8f8e-9777-47bc-b924-c64f312fb54b" enabled="true" useRefParam="false" refParamName="" r="0.000" g="0.000" b="0.000" execOnForceStopped="false" execOnActionCompleted="false">
      <Event eventName="ChangeAnimDuration" time="0.000" length="3.000" isDuration="true" guid="b0206476-98ba-4c52-bf61-86111d185f63">
        <TemplateObject name="targetId" objectName="self" id="0" isTemp="false" refParamName="" useRefParam="false" />
        <String name="originalAnimName" value="Run" refParamName="" useRefParam="false" />
        <String name="changedAnimName" value="Run2" refParamName="" useRefParam="false" />
        <bool name="bChangeRunAnimBaseSpeed" value="true" refParamName="" useRefParam="false" />
        <float name="runAnimBaseSpeed" value="0.880" refParamName="" useRefParam="false" />
        <String name="runAnimName1" value="" refParamName="" useRefParam="false" />
        <String name="runAnimName2" value="" refParamName="" useRefParam="false" />
        <String name="runAnimName3" value="" refParamName="" useRefParam="false" />
        <String name="runAnimName4" value="" refParamName="" useRefParam="false" />
      </Event>
    </Track>
    <Track trackName="ChangeAnimDuration2" eventType="ChangeAnimDuration" guid="ed5785b8-6195-43b9-bea7-c4e75a5f2646" enabled="true" useRefParam="false" refParamName="" r="0.000" g="0.000" b="0.000" execOnForceStopped="false" execOnActionCompleted="false">
      <Event eventName="ChangeAnimDuration" time="0.000" length="3.000" isDuration="true" guid="6420d8a9-ef51-42dd-ad14-54dab85417fd">
        <TemplateObject name="targetId" objectName="self" id="0" isTemp="false" refParamName="" useRefParam="false" />
        <String name="originalAnimName" value="Idle" refParamName="" useRefParam="false" />
        <String name="changedAnimName" value="Idle2" refParamName="" useRefParam="false" />
        <String name="runAnimName1" value="" refParamName="" useRefParam="false" />
        <String name="runAnimName2" value="" refParamName="" useRefParam="false" />
        <String name="runAnimName3" value="" refParamName="" useRefParam="false" />
        <String name="runAnimName4" value="" refParamName="" useRefParam="false" />
      </Event>
    </Track>
    <Track trackName="ChangeAnimDuration2" eventType="ChangeAnimDuration" guid="a7ce05f5-0e6e-4efe-9a0d-a08f63957252" enabled="true" useRefParam="false" refParamName="" r="0.000" g="0.000" b="0.000" execOnForceStopped="false" execOnActionCompleted="false">
      <Event eventName="ChangeAnimDuration" time="0.000" length="3.000" isDuration="true" guid="18279ae5-d0fa-499e-a342-aeffef2e260a">
        <TemplateObject name="targetId" objectName="self" id="0" isTemp="false" refParamName="" useRefParam="false" />
        <String name="originalAnimName" value="Spell2" refParamName="" useRefParam="false" />
        <String name="changedAnimName" value="Spell_SSX" refParamName="" useRefParam="false" />
        <String name="runAnimName1" value="" refParamName="" useRefParam="false" />
        <String name="runAnimName2" value="" refParamName="" useRefParam="false" />
        <String name="runAnimName3" value="" refParamName="" useRefParam="false" />
        <String name="runAnimName4" value="" refParamName="" useRefParam="false" />
      </Event>
    </Track>
    <Track trackName="SetAnimationParamsDuration0" eventType="SetAnimationParamsDuration" guid="a47cd02f-db3c-4baf-86b8-1e2290309569" enabled="true" useRefParam="false" refParamName="" r="0.000" g="0.000" b="0.000" execOnForceStopped="false" execOnActionCompleted="false" SkinAvatarFilterType="9">
      <Event eventName="SetAnimationParamsDuration" time="0.000" length="3.000" isDuration="true" guid="494c22e9-1868-4e56-80af-22d522d77142">
        <TemplateObject name="targetId" objectName="self" id="0" isTemp="false" refParamName="" useRefParam="false" />
        <Array name="floatNames" refParamName="" useRefParam="false" type="String">
          <String value="Spell1_Condition" />
        </Array>
        <Array name="floatValues" refParamName="" useRefParam="false" type="float">
          <float value="1.000" />
        </Array>
        <Array name="boolNames" refParamName="" useRefParam="false" type="String">
          <String value="fight" />
        </Array>
        <Array name="boolValues" refParamName="" useRefParam="false" type="bool">
          <bool value="true" />
        </Array>
      </Event>
      <SkinOrAvatarList id="11120" />
    </Track>
    <Track trackName="SkillTimerProcessBarDuration0" eventType="SkillTimerProcessBarDuration" guid="35931876-506a-48c4-a745-93e1637772d4" enabled="true" useRefParam="false" refParamName="" r="0.000" g="0.000" b="0.000" execOnForceStopped="false" execOnActionCompleted="false">
      <Event eventName="SkillTimerProcessBarDuration" time="0.000" length="3.000" isDuration="true" guid="6fbb5c63-0958-48c7-bd80-4e14952c73f4">
        <TemplateObject name="targetId" objectName="self" id="0" isTemp="false" refParamName="" useRefParam="false" />
      </Event>
    </Track>
    <Track trackName="ForbidAbilityDuration0" eventType="ForbidAbilityDuration" guid="042b4da4-9ef1-4320-aa96-107144018e8c" enabled="true" useRefParam="false" refParamName="" r="0.000" g="0.000" b="0.000" execOnForceStopped="false" execOnActionCompleted="false">
      <Event eventName="ForbidAbilityDuration" time="0.000" length="3.000" isDuration="true" guid="23c19155-7519-4717-ae3c-368bd63af3d9">
        <TemplateObject name="attackerId" objectName="self" id="0" isTemp="false" refParamName="" useRefParam="false" />
        <bool name="forbidSkill" value="true" refParamName="" useRefParam="false" />
        <Enum name="forbidSkillType" value="3" EnumValue="施法禁用" refParamName="" useRefParam="false" />
        <bool name="forbidFilterSkill0" value="true" refParamName="" useRefParam="false" />
        <bool name="forbidFilterSkill2" value="true" refParamName="" useRefParam="false" />
        <bool name="forbidFilterSkill3" value="true" refParamName="" useRefParam="false" />
        <bool name="forbidFilterSkill4" value="true" refParamName="" useRefParam="false" />
        <bool name="forbidFilterSkill5" value="true" refParamName="" useRefParam="false" />
        <bool name="forbidFilterSkill6" value="true" refParamName="" useRefParam="false" />
        <bool name="forbidFilterSkill7" value="true" refParamName="" useRefParam="false" />
        <bool name="forbidFilterSkill8" value="true" refParamName="" useRefParam="false" />
        <bool name="forbidFilterSkill9" value="true" refParamName="" useRefParam="false" />
        <bool name="forbidFilterSkill10" value="true" refParamName="" useRefParam="false" />
        <bool name="forbidFilterSkill11" value="true" refParamName="" useRefParam="false" />
        <bool name="forbidFilterSkill12" value="true" refParamName="" useRefParam="false" />
        <bool name="forbidFilterSummonerSkill" value="true" refParamName="" useRefParam="false" />
        <bool name="forbidFilterMapSkill" value="true" refParamName="" useRefParam="false" />
        <bool name="forbidFilterEquipActiveSkill" value="true" refParamName="" useRefParam="false" />
        <bool name="forbidFilterCallBoss" value="true" refParamName="" useRefParam="false" />
        <bool name="forbidFilterExtraBtnSlot1" value="true" refParamName="" useRefParam="false" />
      </Event>
    </Track>
    <Track trackName="ShowComboEffectDuration0" eventType="ShowComboEffectDuration" guid="bae371c5-11c3-49ac-979f-ec2417527be7" enabled="false" useRefParam="false" refParamName="" r="0.000" g="0.000" b="0.000" execOnForceStopped="false" execOnActionCompleted="false">
      <Event eventName="ShowComboEffectDuration" time="0.000" length="3.000" isDuration="true" guid="a55c1324-057f-4723-935e-944abe86afff">
        <Enum name="slotType" value="1" EnumValue="技能1" refParamName="" useRefParam="false" />
      </Event>
    </Track>
    <Track trackName="FilterTargetType1" eventType="FilterTargetType" guid="505b8eb8-9e8d-4c72-9360-64611ba36ebc" enabled="true" useRefParam="false" refParamName="" r="0.000" g="0.000" b="0.000" execOnForceStopped="false" execOnActionCompleted="false">
      <Event eventName="FilterTargetType" time="0.000" isDuration="false" guid="47f799fb-9968-4701-b552-025c0fc71950">
        <TemplateObject name="targetId" objectName="self" id="0" isTemp="false" refParamName="" useRefParam="false" />
        <bool name="bFilterSameCamp" value="true" refParamName="" useRefParam="false" />
      </Event>
    </Track>
    <Track trackName="TriggerParticle0" eventType="TriggerParticle" guid="1ec580be-9902-461f-aaf4-443a39965f25" enabled="true" useRefParam="false" refParamName="" r="0.000" g="0.000" b="0.000" execOnForceStopped="false" execOnActionCompleted="false">
      <Condition id="9" guid="505b8eb8-9e8d-4c72-9360-64611ba36ebc" status="true" />
      <Event eventName="TriggerParticle" time="0.000" length="3.000" isDuration="true" guid="fd46cef9-38a2-4d99-a57d-4a65c3018eb2">
        <TemplateObject name="targetId" objectName="self" id="0" isTemp="false" refParamName="" useRefParam="false" />
        <String name="resourceName" value="Prefab_Skill_Effects/tongyong_effects/Indicator/AutoY" refParamName="" useRefParam="false" />
        <Vector3 name="scaling" x="0.950" y="1.000" z="1.000" refParamName="" useRefParam="false" />
        <Vector3i name="scalingInt" x="10000" y="10000" z="10000" refParamName="" useRefParam="false" />
        <bool name="bUseRealScaling" value="true" refParamName="" useRefParam="false" />
        <String name="syncAnimationName" value="" refParamName="" useRefParam="false" />
        <String name="customTagName" value="" refParamName="" useRefParam="false" />
      </Event>
    </Track>
    <Track trackName="FilterTargetType2" eventType="FilterTargetType" guid="3e8c8e83-44ec-483f-9440-517b3e00359d" enabled="true" useRefParam="false" refParamName="" r="0.000" g="0.000" b="0.000" execOnForceStopped="false" execOnActionCompleted="false">
      <Event eventName="FilterTargetType" time="0.000" isDuration="false" guid="92db22fc-1b50-4b32-a250-c57b347a315a">
        <TemplateObject name="targetId" objectName="self" id="0" isTemp="false" refParamName="" useRefParam="false" />
        <bool name="bOnlyHostHero" value="true" refParamName="" useRefParam="false" />
      </Event>
    </Track>
    <Track trackName="TriggerParticle2" eventType="TriggerParticle" guid="f7588a99-ebac-4d04-a0c5-25681dc791b5" enabled="true" useRefParam="false" refParamName="" r="0.000" g="0.000" b="0.000" execOnForceStopped="false" execOnActionCompleted="false">
      <Condition id="11" guid="3e8c8e83-44ec-483f-9440-517b3e00359d" status="true" />
      <Event eventName="TriggerParticle" time="0.000" length="3.000" isDuration="true" guid="5bd4d4de-10aa-47be-8fc2-d167f5d42f72">
        <TemplateObject name="targetId" objectName="self" id="0" isTemp="false" refParamName="" useRefParam="false" />
        <String name="resourceName" value="Prefab_Skill_Effects/tongyong_effects/Indicator/AutoY" refParamName="" useRefParam="false" />
        <Vector3 name="scaling" x="0.900" y="1.000" z="1.000" refParamName="" useRefParam="false" />
        <Vector3i name="scalingInt" x="10000" y="10000" z="10000" refParamName="" useRefParam="false" />
        <bool name="bUseRealScaling" value="true" refParamName="" useRefParam="false" />
        <String name="syncAnimationName" value="" refParamName="" useRefParam="false" />
        <String name="customTagName" value="" refParamName="" useRefParam="false" />
      </Event>
    </Track>
    <Track trackName="TriggerParticle2" eventType="TriggerParticle" guid="a65ffef8-381d-499c-8aa1-78de5541a557" enabled="true" useRefParam="false" refParamName="" r="0.000" g="0.000" b="0.000" execOnForceStopped="false" execOnActionCompleted="false">
      <Event eventName="TriggerParticle" time="0.000" length="3.000" isDuration="true" guid="96b1a703-b360-4ccb-8a50-4fe73c618bda">
        <TemplateObject name="targetId" objectName="self" id="0" isTemp="false" refParamName="" useRefParam="false" />
        <String name="resourceName" value="prefab_skill_effects/hero_skill_effects/111_sunshangxiang/T3_Sunshuangxiang_skill_01_buff_01" refParamName="" useRefParam="false" />
        <String name="bindPointName" value="Bone_Pao05" refParamName="" useRefParam="false" />
        <Vector3i name="scalingInt" x="10000" y="10000" z="10000" refParamName="" useRefParam="false" />
        <bool name="bUseRealScaling" value="true" refParamName="" useRefParam="false" />
        <String name="syncAnimationName" value="" refParamName="" useRefParam="false" />
        <String name="customTagName" value="" refParamName="" useRefParam="false" />
      </Event>
    </Track>
    <Track trackName="TriggerParticle2" eventType="TriggerParticle" guid="d5697222-3e68-4421-b3cc-687ceae6c8a0" enabled="true" useRefParam="false" refParamName="" r="0.000" g="0.000" b="0.000" execOnForceStopped="false" execOnActionCompleted="false">
      <Event eventName="TriggerParticle" time="0.000" length="3.000" isDuration="true" guid="f561a0a0-2688-43a1-af1a-43ccf4775545">
        <TemplateObject name="targetId" objectName="self" id="0" isTemp="false" refParamName="" useRefParam="false" />
        <String name="resourceName" value="prefab_skill_effects/hero_skill_effects/111_sunshangxiang/T3_Sunshuangxiang_skill_01_buff_02" refParamName="" useRefParam="false" />
        <String name="bindPointName" value="Bip001" refParamName="" useRefParam="false" />
        <Vector3i name="scalingInt" x="10000" y="10000" z="10000" refParamName="" useRefParam="false" />
        <bool name="bUseRealScaling" value="true" refParamName="" useRefParam="false" />
        <String name="syncAnimationName" value="" refParamName="" useRefParam="false" />
        <String name="customTagName" value="" refParamName="" useRefParam="false" />
      </Event>
    </Track>
    <Track trackName="CheckSkinIdTick0" eventType="CheckSkinIdTick" guid="ca3dd627-8d6d-4661-b08f-c2fe67130b12" enabled="true" useRefParam="false" refParamName="" r="0.000" g="0.000" b="0.000" execOnForceStopped="false" execOnActionCompleted="false">
      <Condition id="17" guid="ebb2a507-ee17-444c-a912-553756632a1a" status="false" />
      <Condition id="1" guid="c5d89007-92e7-44a7-b30a-533baf9faf23" status="true" />
      <Event eventName="CheckSkinIdTick" time="0.000" isDuration="false" guid="86ff6795-0c47-4fda-8e90-cd284299fb1d">
        <TemplateObject name="targetId" objectName="self" id="0" isTemp="false" refParamName="" useRefParam="false" />
        <int name="skinId" value="11193" refParamName="" useRefParam="false" />
		<bool name="bEqual" value="false" refParamName="" useRefParam="false" />
      </Event>
    </Track>
    <Track trackName="MaterialSwitchDuration0" eventType="MaterialSwitchDuration" guid="a901e786-648c-4a30-a6ec-6eaae0af6581" enabled="true" useRefParam="false" refParamName="" r="0.000" g="0.000" b="0.000" execOnForceStopped="false" execOnActionCompleted="false">
      <Condition id="15" guid="ca3dd627-8d6d-4661-b08f-c2fe67130b12" status="true" />
      <Event eventName="MaterialSwitchDuration" time="0.000" length="0.600" isDuration="true" guid="36cf59fc-65d7-40d0-8abc-619b8dde6338">
        <TemplateObject name="targetId" objectName="self" id="0" isTemp="false" refParamName="" useRefParam="false" />
        <String name="prefabName" value="prefab_skill_effects/hero_skill_effects/111_sunshangxiang/T3_Sunshuangxiang_skill_01_buff_03" refParamName="" useRefParam="false" />
        <String name="node" value="11114_SunShangXiang_Mid" refParamName="" useRefParam="false" />
        <bool name="bAddMaterial" value="true" refParamName="" useRefParam="false" />
      </Event>
    </Track>
    <Track trackName="共创皮肤" eventType="CheckSkinIdTick" guid="ebb2a507-ee17-444c-a912-553756632a1a" enabled="true" useRefParam="false" refParamName="" r="0.000" g="0.000" b="0.000" execOnForceStopped="false" execOnActionCompleted="false">
      <Event eventName="CheckSkinIdTick" time="0.000" isDuration="false" guid="b011c434-87c6-4d92-b7f3-10a43c8cac57">
        <TemplateObject name="targetId" objectName="self" id="0" isTemp="false" refParamName="" useRefParam="false" />
        <int name="skinId" value="11115" refParamName="" useRefParam="false" />
      </Event>
    </Track>
    <Track trackName="TriggerParticle2" eventType="TriggerParticle" guid="cf0399a8-f393-4a3d-b2e3-d0c71eaa297a" enabled="true" useRefParam="false" refParamName="" r="0.000" g="0.000" b="0.000" execOnForceStopped="false" execOnActionCompleted="false">
      <Condition id="17" guid="ebb2a507-ee17-444c-a912-553756632a1a" status="true" />
      <Event eventName="TriggerParticle" time="0.400" length="3.000" isDuration="true" guid="b95e44fa-76d1-4821-91ec-8c5c9539a5ab">
        <TemplateObject name="targetId" objectName="self" id="0" isTemp="false" refParamName="" useRefParam="false" />
        <String name="resourceName" value="prefab_skill_effects/hero_skill_effects/111_sunshangxiang/sunshangxiang_attack1_Bone_Weapon01" refParamName="" useRefParam="false" />
        <String name="bindPointName" value="Bone_Weapon01" refParamName="" useRefParam="false" />
        <Vector3i name="scalingInt" x="10000" y="10000" z="10000" refParamName="" useRefParam="false" />
        <bool name="bUseRealScaling" value="true" refParamName="" useRefParam="false" />
        <String name="syncAnimationName" value="" refParamName="" useRefParam="false" />
        <String name="customTagName" value="" refParamName="" useRefParam="false" />
      </Event>
    </Track>
    <Track trackName="TriggerParticle2" eventType="TriggerParticle" guid="4c26489c-a3f5-48ef-93cb-11ca9cd82eaf" enabled="false" useRefParam="false" refParamName="" r="0.000" g="0.000" b="0.000" execOnForceStopped="false" execOnActionCompleted="false">
      <Condition id="17" guid="ebb2a507-ee17-444c-a912-553756632a1a" status="true" />
      <Event eventName="TriggerParticle" time="0.000" length="5.000" isDuration="true" guid="8f942361-1f3d-4d76-be1b-14e2d17e84ee">
        <TemplateObject name="targetId" objectName="self" id="0" isTemp="false" refParamName="" useRefParam="false" />
        <String name="resourceName" value="prefab_skill_effects/hero_skill_effects/111_sunshangxiang/sunshangxiang_Bone_Weapon_L" refParamName="" useRefParam="false" />
        <String name="bindPointName" value="Bone_Weapon_L" refParamName="" useRefParam="false" />
        <Vector3i name="scalingInt" x="10000" y="10000" z="10000" refParamName="" useRefParam="false" />
        <bool name="bUseRealScaling" value="true" refParamName="" useRefParam="false" />
        <String name="syncAnimationName" value="" refParamName="" useRefParam="false" />
        <String name="customTagName" value="" refParamName="" useRefParam="false" />
      </Event>
    </Track>
    <Track trackName="TriggerParticle2" eventType="TriggerParticle" guid="0dacb55b-5db6-4baa-9e14-985a7a22cc55" enabled="false" useRefParam="false" refParamName="" r="0.000" g="0.000" b="0.000" execOnForceStopped="false" execOnActionCompleted="false">
      <Condition id="17" guid="ebb2a507-ee17-444c-a912-553756632a1a" status="true" />
      <Event eventName="TriggerParticle" time="0.000" length="5.000" isDuration="true" guid="70b76032-167d-4888-b43a-d3d27cc47a1e">
        <TemplateObject name="targetId" objectName="self" id="0" isTemp="false" refParamName="" useRefParam="false" />
        <String name="resourceName" value="prefab_skill_effects/hero_skill_effects/111_sunshangxiang/sunshangxiang_Bone_Weapon_R" refParamName="" useRefParam="false" />
        <String name="bindPointName" value="Bone_Weapon_R" refParamName="" useRefParam="false" />
        <Vector3i name="scalingInt" x="10000" y="10000" z="10000" refParamName="" useRefParam="false" />
        <bool name="bUseRealScaling" value="true" refParamName="" useRefParam="false" />
        <String name="syncAnimationName" value="" refParamName="" useRefParam="false" />
        <String name="customTagName" value="" refParamName="" useRefParam="false" />
      </Event>
    </Track>
    <Track trackName="SetActorNodeActiveDuration0" eventType="SetActorNodeActiveDuration" guid="937e6da7-d2a7-4522-b1e8-cd6101131f87" enabled="true" useRefParam="false" refParamName="" r="0.000" g="0.000" b="0.000" execOnForceStopped="false" execOnActionCompleted="false">
      <Condition id="17" guid="ebb2a507-ee17-444c-a912-553756632a1a" status="true" />
      <Event eventName="SetActorNodeActiveDuration" time="0.000" length="3.000" isDuration="true" guid="097643cc-24e9-4b30-a719-0802b66f4d2c">
        <TemplateObject name="targetId" objectName="self" id="0" isTemp="false" refParamName="" useRefParam="false" />
        <String name="node" value="Bone_Weapon_L" refParamName="" useRefParam="false" />
        <bool name="enabled" value="false" refParamName="" useRefParam="false" />
      </Event>
    </Track>
    <Track trackName="SetActorNodeActiveDuration0" eventType="SetActorNodeActiveDuration" guid="a09340f9-e013-46b0-ae67-cba5302c1652" enabled="true" useRefParam="false" refParamName="" r="0.000" g="0.000" b="0.000" execOnForceStopped="false" execOnActionCompleted="false">
      <Condition id="17" guid="ebb2a507-ee17-444c-a912-553756632a1a" status="true" />
      <Event eventName="SetActorNodeActiveDuration" time="0.000" length="3.000" isDuration="true" guid="a707dd2e-246a-47af-bff3-90a20090df7b">
        <TemplateObject name="targetId" objectName="self" id="0" isTemp="false" refParamName="" useRefParam="false" />
        <String name="node" value="Bone_Weapon_R" refParamName="" useRefParam="false" />
        <bool name="enabled" value="false" refParamName="" useRefParam="false" />
      </Event>
    </Track>
    <Track trackName="SkillCDTriggerTick0" eventType="SkillCDTriggerTick" guid="86ebce95-8cb4-48b9-8d34-78b032125d84" enabled="true" useRefParam="false" refParamName="" r="0.000" g="0.000" b="0.000" execOnForceStopped="false" execOnActionCompleted="true">
      <Event eventName="SkillCDTriggerTick" time="0.000" isDuration="false" guid="027b0d85-ad93-48ce-8721-eacc5e6bde3a">
        <bool name="useSlotType" value="true" refParamName="" useRefParam="false" />
        <Enum name="slotType" value="1" EnumValue="技能1" refParamName="" useRefParam="false" />
        <bool name="forbidTriggerRepeatedly" value="true" refParamName="" useRefParam="false" />
      </Event>
    </Track>
    <Track trackName="SkillCDTriggerTick0" eventType="SkillCDTriggerTick" guid="7e2543e1-df0a-482f-a451-e3cf01d7d113" enabled="true" useRefParam="false" refParamName="" r="0.000" g="0.000" b="0.000" execOnForceStopped="false" execOnActionCompleted="false">
      <Event eventName="SkillCDTriggerTick" time="3.000" isDuration="false" guid="11b51376-b2f6-4bcf-9efc-da674090a98c">
        <TemplateObject name="targetId" objectName="self" id="0" isTemp="false" refParamName="" useRefParam="false" />
        <bool name="useSlotType" value="true" refParamName="" useRefParam="false" />
        <Enum name="slotType" value="1" EnumValue="技能1" refParamName="" useRefParam="false" />
        <bool name="forbidTriggerRepeatedly" value="true" refParamName="" useRefParam="false" />
      </Event>
    </Track>
    <Track trackName="RemoveBuffTick0" eventType="RemoveBuffTick" guid="9e123c3f-3d71-4574-b00c-a5a8d1c142e7" enabled="true" useRefParam="false" refParamName="" r="0.000" g="0.000" b="0.000" execOnForceStopped="false" execOnActionCompleted="true">
      <Event eventName="RemoveBuffTick" time="0.000" isDuration="false" guid="3931daf2-dd2c-4fa5-a4a5-7889fdf82e45">
        <TemplateObject name="targetId" objectName="self" id="0" isTemp="false" refParamName="" useRefParam="false" />
        <int name="buffId" value="111111" refParamName="" useRefParam="false" />
        <int name="BuffLayer" value="1" refParamName="" useRefParam="false" />
      </Event>
    </Track>
  </Action>
</Project>