﻿<?xml version="1.0" encoding="utf-8"?>
<Project>
  <TemplateObjectList>
    <TemplateObject id="0" objectName="self" isTemp="false" />
    <TemplateObject id="1" objectName="target" isTemp="false" />
  </TemplateObjectList>
  <RefParamList>
    <Vector3i name="_bulletdir" x="0" y="0" z="0" refParamName="" useRefParam="false" />
  </RefParamList>
  <Action tag="" length="1.000" loop="false">
    <Track trackName="SetBehaviourModeTick0" eventType="SetBehaviourModeTick" guid="02f11c23-0061-426d-be3e-ca257b22db5c" enabled="true" useRefParam="false" refParamName="" r="0.000" g="0.000" b="0.000" execOnForceStopped="false" execOnActionCompleted="false" stopAfterLastEvent="true">
      <Event eventName="SetBehaviourModeTick" time="0.000" isDuration="false" guid="8d877b91-9c9d-4934-b219-d98b7ee405fa">
        <TemplateObject name="targetId" id="0" objectName="self" isTemp="false" refParamName="" useRefParam="false" />
        <bool name="stopMove" value="true" refParamName="" useRefParam="false" />
        <bool name="clearMove" value="false" refParamName="" useRefParam="false" />
        <bool name="IsClearSkillCache" value="false" refParamName="" useRefParam="false" />
        <Enum name="eAbortLevel" value="0" refParamName="" useRefParam="false" />
        <bool name="stopCurSkill" value="false" refParamName="" useRefParam="false" />
        <bool name="delayStopCurSkill" value="false" refParamName="" useRefParam="false" />
        <bool name="deadControl" value="false" refParamName="" useRefParam="false" />
        <bool name="abortFilterSkill0" value="false" refParamName="" useRefParam="false" />
        <bool name="abortFilterSkill1" value="false" refParamName="" useRefParam="false" />
        <bool name="abortFilterSkill2" value="false" refParamName="" useRefParam="false" />
        <bool name="abortFilterSkill3" value="false" refParamName="" useRefParam="false" />
        <bool name="abortFilterSkill4" value="false" refParamName="" useRefParam="false" />
        <bool name="abortFilterSkill5" value="false" refParamName="" useRefParam="false" />
        <bool name="abortFilterSkill7" value="false" refParamName="" useRefParam="false" />
        <bool name="abortFilterSkill8" value="false" refParamName="" useRefParam="false" />
        <bool name="abortFilterSkill9" value="false" refParamName="" useRefParam="false" />
        <bool name="abortFilterSkill10" value="false" refParamName="" useRefParam="false" />
        <bool name="abortFilterSkill11" value="false" refParamName="" useRefParam="false" />
        <bool name="abortFilterSkill0Delay" value="false" refParamName="" useRefParam="false" />
        <bool name="abortFilterSkill1Delay" value="false" refParamName="" useRefParam="false" />
        <bool name="abortFilterSkill2Delay" value="false" refParamName="" useRefParam="false" />
        <bool name="abortFilterSkill3Delay" value="false" refParamName="" useRefParam="false" />
        <bool name="abortFilterSkill4Delay" value="false" refParamName="" useRefParam="false" />
        <bool name="abortFilterSkill5Delay" value="false" refParamName="" useRefParam="false" />
        <bool name="abortFilterSkill7Delay" value="false" refParamName="" useRefParam="false" />
        <bool name="abortFilterSkill8Delay" value="false" refParamName="" useRefParam="false" />
        <bool name="abortFilterSkill9Delay" value="false" refParamName="" useRefParam="false" />
        <bool name="abortFilterSkill10Delay" value="false" refParamName="" useRefParam="false" />
        <bool name="abortFilterSkill11Delay" value="false" refParamName="" useRefParam="false" />
        <bool name="interuptAutoAttack" value="false" refParamName="" useRefParam="false" />
      </Event>
    </Track>
    <Track trackName="SetAttackDirDuration0" eventType="SetAttackDirDuration" guid="0306e19e-63fe-4cb3-a6bf-345cecdeb1e9" enabled="true" useRefParam="false" refParamName="" r="0.000" g="0.000" b="0.000" execOnForceStopped="false" execOnActionCompleted="false" stopAfterLastEvent="true">
      <Event eventName="SetAttackDirDuration" time="0.000" length="0.066" isDuration="true" guid="e89d39ad-cea7-44c0-8da4-bf9410f8c44d">
        <TemplateObject name="attackerId" id="0" objectName="self" isTemp="false" refParamName="" useRefParam="false" />
        <bool name="bForceRotate" value="false" refParamName="" useRefParam="false" />
        <bool name="bImmediateRotate" value="false" refParamName="" useRefParam="false" />
        <bool name="bUseSpecifiedDir" value="false" refParamName="" useRefParam="false" />
        <Vector3i name="specifiedDir" x="0" y="0" z="0" refParamName="" useRefParam="false" />
      </Event>
    </Track>
    <Track trackName="ForbidAbilityDuration0" eventType="ForbidAbilityDuration" guid="870acbe1-ba90-4ffe-a2a7-91fecaa4b7e2" enabled="true" useRefParam="false" refParamName="" r="0.000" g="0.000" b="0.000" execOnForceStopped="false" execOnActionCompleted="false" stopAfterLastEvent="true">
      <Event eventName="ForbidAbilityDuration" time="0.000" length="0.400" isDuration="true" guid="96851d18-e52a-42bb-bc0f-d4b987f5eedf">
        <TemplateObject name="attackerId" id="0" objectName="self" isTemp="false" refParamName="" useRefParam="false" />
        <bool name="forbidMove" value="true" refParamName="" useRefParam="false" />
        <bool name="forbidSkill" value="false" refParamName="" useRefParam="false" />
        <bool name="forceForbidding" value="false" refParamName="" useRefParam="false" />
        <bool name="forbidSkillAndHideBtn" value="false" refParamName="" useRefParam="false" />
        <Enum name="forbidSkillType" value="0" refParamName="" useRefParam="false" />
        <bool name="forbidFilterSkill0" value="false" refParamName="" useRefParam="false" />
        <bool name="forbidFilterSkill1" value="false" refParamName="" useRefParam="false" />
        <bool name="forbidFilterSkill2" value="false" refParamName="" useRefParam="false" />
        <bool name="forbidFilterSkill3" value="false" refParamName="" useRefParam="false" />
        <bool name="forbidFilterSkill4" value="false" refParamName="" useRefParam="false" />
        <bool name="forbidFilterSkill5" value="false" refParamName="" useRefParam="false" />
        <bool name="forbidFilterSkill6" value="false" refParamName="" useRefParam="false" />
        <bool name="forbidFilterSkill7" value="false" refParamName="" useRefParam="false" />
        <bool name="forbidFilterSkill8" value="false" refParamName="" useRefParam="false" />
        <bool name="forbidFilterSkill9" value="false" refParamName="" useRefParam="false" />
        <bool name="forbidFilterSkill10" value="false" refParamName="" useRefParam="false" />
        <bool name="forbidFilterSkill11" value="false" refParamName="" useRefParam="false" />
        <bool name="forbidFilterSkill12" value="false" refParamName="" useRefParam="false" />
        <bool name="forbidFilterSummonerSkill" value="false" refParamName="" useRefParam="false" />
        <bool name="forbidFilterMapSkill" value="false" refParamName="" useRefParam="false" />
        <bool name="forbidFilterEquipActiveSkill" value="false" refParamName="" useRefParam="false" />
        <bool name="forbidFilterActiveSkill" value="false" refParamName="" useRefParam="false" />
        <bool name="forbidFilterCallBoss" value="false" refParamName="" useRefParam="false" />
        <bool name="forbidFilterExtraBtnSlot1" value="false" refParamName="" useRefParam="false" />
        <bool name="forbidSkillAbort" value="true" refParamName="" useRefParam="false" />
        <bool name="abortFilterSkill0" value="false" refParamName="" useRefParam="false" />
        <bool name="abortFilterSkill1" value="false" refParamName="" useRefParam="false" />
        <bool name="abortFilterSkill2" value="false" refParamName="" useRefParam="false" />
        <bool name="abortFilterSkill3" value="false" refParamName="" useRefParam="false" />
        <bool name="abortFilterSkill4" value="false" refParamName="" useRefParam="false" />
        <bool name="abortFilterSkill5" value="false" refParamName="" useRefParam="false" />
        <bool name="abortFilterSkill7" value="false" refParamName="" useRefParam="false" />
        <bool name="abortFilterSkill8" value="false" refParamName="" useRefParam="false" />
        <bool name="abortFilterSkill9" value="false" refParamName="" useRefParam="false" />
        <bool name="abortFilterSkill10" value="false" refParamName="" useRefParam="false" />
        <bool name="abortFilterSkill11" value="false" refParamName="" useRefParam="false" />
        <bool name="abortFilterMove" value="false" refParamName="" useRefParam="false" />
        <bool name="ingoreOnceMoveCmd" value="false" refParamName="" useRefParam="false" />
        <bool name="abortFilterDamage" value="false" refParamName="" useRefParam="false" />
        <bool name="forbidMoveRotate" value="false" refParamName="" useRefParam="false" />
        <Enum name="protectAbortLevel" value="0" refParamName="" useRefParam="false" />
        <bool name="delaySkillAbort" value="true" refParamName="" useRefParam="false" />
        <bool name="dontDoDelayAbortWhenLeave" value="false" refParamName="" useRefParam="false" />
        <bool name="ImmuneNegative" value="false" refParamName="" useRefParam="false" />
        <bool name="ImmuneControl" value="false" refParamName="" useRefParam="false" />
        <bool name="forbidEnergyRecover" value="false" refParamName="" useRefParam="false" />
        <bool name="MoveIgnoreObstructArea" value="false" refParamName="" useRefParam="false" />
        <bool name="forbidCollisionDetection" value="false" refParamName="" useRefParam="false" />
        <bool name="ImmuneSkillSelect" value="false" refParamName="" useRefParam="false" />
        <bool name="bReplaceHPBarImmuneSelect" value="false" refParamName="" useRefParam="false" />
        <bool name="bForceClearSkillIndicator" value="false" refParamName="" useRefParam="false" />
        <bool name="beRepressed" value="false" refParamName="" useRefParam="false" />
        <bool name="BeCopyActorCanMove" value="false" refParamName="" useRefParam="false" />
      </Event>
    </Track>
    <Track trackName="SkillInputCacheDuration0" eventType="SkillInputCacheDuration" guid="0cf56a16-0af9-4c07-80df-f3556714f8cb" enabled="true" useRefParam="false" refParamName="" r="0.000" g="0.000" b="0.000" execOnForceStopped="false" execOnActionCompleted="false" stopAfterLastEvent="true">
      <Event eventName="SkillInputCacheDuration" time="0.000" length="0.400" isDuration="true" guid="a0339835-3606-4111-86e0-c7b857bb5337">
        <TemplateObject name="targetId" id="0" objectName="self" isTemp="false" refParamName="" useRefParam="false" />
        <bool name="cacheSkill" value="true" refParamName="" useRefParam="false" />
        <bool name="bReturnCacheWhenLeaving" value="false" refParamName="" useRefParam="false" />
        <bool name="forceCacheSkill" value="false" refParamName="" useRefParam="false" />
        <bool name="notForceCacheSkill0" value="false" refParamName="" useRefParam="false" />
        <bool name="notForceCacheSkill1" value="false" refParamName="" useRefParam="false" />
        <bool name="notForceCacheSkill2" value="false" refParamName="" useRefParam="false" />
        <bool name="notForceCacheSkill3" value="false" refParamName="" useRefParam="false" />
        <bool name="notForceCacheSkill4" value="false" refParamName="" useRefParam="false" />
        <bool name="notForceCacheSkill5" value="false" refParamName="" useRefParam="false" />
        <bool name="notForceCacheSkill6" value="false" refParamName="" useRefParam="false" />
        <bool name="notForceCacheSkill7" value="false" refParamName="" useRefParam="false" />
        <bool name="notForceCacheSkill8" value="false" refParamName="" useRefParam="false" />
        <bool name="notForceCacheSkill9" value="false" refParamName="" useRefParam="false" />
        <bool name="notForceCacheSkill10" value="false" refParamName="" useRefParam="false" />
        <bool name="notForceCacheSkill11" value="false" refParamName="" useRefParam="false" />
        <bool name="bCacheSkillReCalcLock" value="false" refParamName="" useRefParam="false" />
        <bool name="cacheMove" value="false" refParamName="" useRefParam="false" />
        <bool name="forceCacheMove" value="false" refParamName="" useRefParam="false" />
        <bool name="checkMoveAbortCurSkill" value="false" refParamName="" useRefParam="false" />
        <bool name="checkNoMove" value="false" refParamName="" useRefParam="false" />
        <String name="OutputCacheMoveDirName" value="" refParamName="" useRefParam="false" />
        <int name="delayFrame" value="0" refParamName="" useRefParam="false" />
        <bool name="clearCacheMoveWhenEntering" value="false" refParamName="" useRefParam="false" />
        <bool name="clearCacheMoveWhenLeaving" value="false" refParamName="" useRefParam="false" />
        <bool name="clearCacheSkillWhenTooFar" value="false" refParamName="" useRefParam="false" />
      </Event>
    </Track>
    <Track trackName="SkillInputCacheDuration0" eventType="SkillInputCacheDuration" guid="e1c3f3ba-95af-4d26-857f-d7c1ac3f9ffb" enabled="true" useRefParam="false" refParamName="" r="0.000" g="0.000" b="0.000" execOnForceStopped="false" execOnActionCompleted="false" stopAfterLastEvent="true">
      <Event eventName="SkillInputCacheDuration" time="0.200" length="0.200" isDuration="true" guid="6e9d0621-0662-44f2-a6e5-44f27f20b8c3">
        <TemplateObject name="targetId" id="0" objectName="self" isTemp="false" refParamName="" useRefParam="false" />
        <bool name="cacheSkill" value="false" refParamName="" useRefParam="false" />
        <bool name="bReturnCacheWhenLeaving" value="false" refParamName="" useRefParam="false" />
        <bool name="forceCacheSkill" value="false" refParamName="" useRefParam="false" />
        <bool name="notForceCacheSkill0" value="false" refParamName="" useRefParam="false" />
        <bool name="notForceCacheSkill1" value="false" refParamName="" useRefParam="false" />
        <bool name="notForceCacheSkill2" value="false" refParamName="" useRefParam="false" />
        <bool name="notForceCacheSkill3" value="false" refParamName="" useRefParam="false" />
        <bool name="notForceCacheSkill4" value="false" refParamName="" useRefParam="false" />
        <bool name="notForceCacheSkill5" value="false" refParamName="" useRefParam="false" />
        <bool name="notForceCacheSkill6" value="false" refParamName="" useRefParam="false" />
        <bool name="notForceCacheSkill7" value="false" refParamName="" useRefParam="false" />
        <bool name="notForceCacheSkill8" value="false" refParamName="" useRefParam="false" />
        <bool name="notForceCacheSkill9" value="false" refParamName="" useRefParam="false" />
        <bool name="notForceCacheSkill10" value="false" refParamName="" useRefParam="false" />
        <bool name="notForceCacheSkill11" value="false" refParamName="" useRefParam="false" />
        <bool name="bCacheSkillReCalcLock" value="false" refParamName="" useRefParam="false" />
        <bool name="cacheMove" value="true" refParamName="" useRefParam="false" />
        <bool name="forceCacheMove" value="false" refParamName="" useRefParam="false" />
        <bool name="checkMoveAbortCurSkill" value="false" refParamName="" useRefParam="false" />
        <bool name="checkNoMove" value="false" refParamName="" useRefParam="false" />
        <String name="OutputCacheMoveDirName" value="" refParamName="" useRefParam="false" />
        <int name="delayFrame" value="0" refParamName="" useRefParam="false" />
        <bool name="clearCacheMoveWhenEntering" value="false" refParamName="" useRefParam="false" />
        <bool name="clearCacheMoveWhenLeaving" value="false" refParamName="" useRefParam="false" />
        <bool name="clearCacheSkillWhenTooFar" value="false" refParamName="" useRefParam="false" />
      </Event>
    </Track>
    <Track trackName="PlayAnimDuration0" eventType="PlayAnimDuration" guid="604aa517-3b7b-40e5-9d0e-585d4d271423" enabled="true" useRefParam="false" refParamName="" r="0.000" g="0.000" b="0.000" execOnForceStopped="false" execOnActionCompleted="false" stopAfterLastEvent="true">
      <Event eventName="PlayAnimDuration" time="0.000" length="1.000" isDuration="true" guid="6b34f459-f9b9-486c-ac84-e828bce4c81f">
        <TemplateObject name="targetId" id="0" objectName="self" isTemp="false" refParamName="" useRefParam="false" />
        <String name="clipName" value="Spell1" refParamName="" useRefParam="false" />
        <bool name="bDontReplaceSameAnim" value="false" refParamName="" useRefParam="false" />
        <int name="layer" value="1" refParamName="" useRefParam="false" />
        <int name="subLayer" value="0" refParamName="" useRefParam="false" />
        <int name="animatorOverrideLayer" value="-1" refParamName="" useRefParam="false" />
        <bool name="bLoop" value="false" refParamName="" useRefParam="false" />
        <float name="crossFadeTime" value="0.100" refParamName="" useRefParam="false" />
        <bool name="bUseFadeOutTime" value="true" refParamName="" useRefParam="false" />
        <float name="fadeOutTime" value="0.200" refParamName="" useRefParam="false" />
        <float name="startTime" value="0.000" refParamName="" useRefParam="false" />
        <float name="endTime" value="99999.000" refParamName="" useRefParam="false" />
        <bool name="applyActionSpeed" value="false" refParamName="" useRefParam="false" />
        <bool name="alwaysAnimate" value="false" refParamName="" useRefParam="false" />
        <bool name="multiDirectRunMode" value="false" refParamName="" useRefParam="false" />
        <bool name="bKeepOldSpeed" value="false" refParamName="" useRefParam="false" />
        <bool name="bCanNotBeCulled" value="false" refParamName="" useRefParam="false" />
        <String name="beginClipName" value="" refParamName="" useRefParam="false" />
        <bool name="bPlayBeginClipName" value="false" refParamName="" useRefParam="false" />
        <String name="endClipName" value="" refParamName="" useRefParam="false" />
        <bool name="bPlayEndClipName" value="false" refParamName="" useRefParam="false" />
        <bool name="bForcePlay" value="false" refParamName="" useRefParam="false" />
        <float name="animSpeedRate" value="1.000" refParamName="" useRefParam="false" />
        <bool name="bMoveSpell" value="false" refParamName="" useRefParam="false" />
      </Event>
    </Track>
    <Track trackName="SpawnBulletTick0" eventType="SpawnBulletTick" guid="62a6410b-eccf-45f1-850d-3262567ba3c1" enabled="true" useRefParam="false" refParamName="" r="0.000" g="0.000" b="0.000" execOnForceStopped="false" execOnActionCompleted="false" stopAfterLastEvent="true">
      <Event eventName="SpawnBulletTick" time="0.266" isDuration="false" guid="e0a4d03d-5424-452f-84b5-a49e0f412c2a">
        <TemplateObject name="targetId" id="0" objectName="self" isTemp="false" refParamName="" useRefParam="false" />
        <TemplateObject name="targetPosActorId" id="-1" objectName="None" isTemp="true" refParamName="" useRefParam="false" />
        <TemplateObject name="referenceObjectId" id="-1" objectName="None" isTemp="false" refParamName="" useRefParam="false" />
        <bool name="bInheritRefParams" value="false" refParamName="" useRefParam="false" />
        <String name="ActionName" value="prefab_characters/prefab_hero/156_zhangliang/skill/s1b1" refParamName="" useRefParam="false" />
        <String name="SpecialActionName" value="" refParamName="" useRefParam="false" />
        <bool name="bIsUseSpecialActionAsCondi" value="false" refParamName="" useRefParam="false" />
        <bool name="bDeadRemove" value="false" refParamName="" useRefParam="false" />
        <bool name="bImmeExcute" value="true" refParamName="" useRefParam="false" />
        <bool name="bAgeEternal" value="false" refParamName="" useRefParam="false" />
        <int name="bulletTypeId" value="0" refParamName="" useRefParam="false" />
        <int name="bulletUpperLimit" value="0" refParamName="" useRefParam="false" />
        <bool name="bSpawnBounceBullet" value="false" refParamName="" useRefParam="false" />
        <bool name="bUseIndicatorPos" value="false" refParamName="" useRefParam="false" />
        <Enum name="bulletSkillType" value="0" refParamName="" useRefParam="false" />
        <bool name="bAbort" value="false" refParamName="" useRefParam="false" />
        <bool name="bDestroyedBySpecialBullet" value="false" refParamName="" useRefParam="false" />
      </Event>
    </Track>
    <Track trackName="SkillCDTriggerTick0" eventType="SkillCDTriggerTick" guid="0ae26127-b6a9-494a-b45a-e5309999927d" enabled="true" useRefParam="false" refParamName="" r="0.000" g="0.000" b="0.000" execOnForceStopped="false" execOnActionCompleted="false" stopAfterLastEvent="true">
      <Event eventName="SkillCDTriggerTick" time="0.000" isDuration="false" guid="619fc4aa-acfc-44f0-b491-bb85a56e91b8">
        <TemplateObject name="targetId" id="0" objectName="self" isTemp="false" refParamName="" useRefParam="false" />
        <bool name="useSlotType" value="false" refParamName="" useRefParam="false" />
        <Enum name="slotType" value="0" refParamName="" useRefParam="false" />
        <bool name="forbidTriggerRepeatedly" value="false" refParamName="" useRefParam="false" />
        <int name="overrideCDValue" value="0" refParamName="" useRefParam="false" />
        <int name="triggerRatio" value="0" refParamName="" useRefParam="false" />
      </Event>
    </Track>
    <Track trackName="SkillUseCacheTick0" eventType="SkillUseCacheTick" guid="1962c164-2df3-4f71-a88a-80b5fd29112f" enabled="true" useRefParam="false" refParamName="" r="0.000" g="0.000" b="0.000" execOnForceStopped="false" execOnActionCompleted="false" stopAfterLastEvent="true">
      <Event eventName="SkillUseCacheTick" time="0.400" isDuration="false" guid="87bbc34c-4191-40ea-9dca-e9837568bf6a">
        <TemplateObject name="targetId" id="0" objectName="self" isTemp="false" refParamName="" useRefParam="false" />
        <bool name="excuteMoveCmd" value="false" refParamName="" useRefParam="false" />
        <bool name="immediaRotate" value="false" refParamName="" useRefParam="false" />
      </Event>
    </Track>
    <Track trackName="CheckSkinIdTick0" eventType="CheckSkinIdTick" guid="f45e8919-bebc-4616-b6a2-563c40570f2c" enabled="true" useRefParam="false" refParamName="" r="0.000" g="0.000" b="0.000" execOnForceStopped="false" execOnActionCompleted="false" stopAfterLastEvent="true">
      <Event eventName="CheckSkinIdTick" time="0.000" isDuration="false" guid="fc1259f9-810e-4993-a7aa-aa5764cb30fe">
        <TemplateObject name="targetId" id="0" objectName="self" isTemp="false" refParamName="" useRefParam="false" />
        <int name="skinId" value="15691" refParamName="" useRefParam="false" />
        <bool name="bEqual" value="false" refParamName="" useRefParam="false" />
        <bool name="bSkipLogicCheck" value="true" refParamName="" useRefParam="false" />
      </Event>
    </Track>
    <Track trackName="TriggerParticleTick0" eventType="TriggerParticleTick" guid="19f6694d-16a6-40db-9e9e-742ce42310db" enabled="true" useRefParam="false" refParamName="" r="0.000" g="0.000" b="0.000" execOnForceStopped="false" execOnActionCompleted="false" stopAfterLastEvent="true">
      <Condition id="9" guid="f45e8919-bebc-4616-b6a2-563c40570f2c" status="true" />
      <Event eventName="TriggerParticleTick" time="0.266" isDuration="false" guid="c5f3b499-fddd-4614-a4a8-20eb0ff87e0a">
        <TemplateObject name="targetId" id="-1" objectName="None" isTemp="false" refParamName="" useRefParam="false" />
        <TemplateObject name="objectSpaceId" id="0" objectName="self" isTemp="false" refParamName="" useRefParam="false" />
        <bool name="bForceShowParticle" value="false" refParamName="" useRefParam="false" />
        <uint name="RefLiteBulletID" value="0" refParamName="" useRefParam="false" />
        <bool name="bDonotAttackToMesh" value="false" refParamName="" useRefParam="false" />
        <String name="parentResourceName" value="" refParamName="" useRefParam="false" />
        <String name="resourceName" value="prefab_skill_effects/hero_skill_effects/156_zhangliang/zhangliang_skill_004" refParamName="" useRefParam="false" />
        <String name="resourceName2" value="" refParamName="" useRefParam="false" />
        <String name="resourceName3" value="" refParamName="" useRefParam="false" />
        <int name="resConfigId1" value="0" refParamName="" useRefParam="false" />
        <int name="resConfigId2" value="0" refParamName="" useRefParam="false" />
        <int name="resConfigId3" value="0" refParamName="" useRefParam="false" />
        <float name="lifeTime" value="1.000" refParamName="" useRefParam="false" />
        <String name="bindPointName" value="" refParamName="" useRefParam="false" />
        <bool name="dontShowIfNoBindPoint" value="false" refParamName="" useRefParam="false" />
        <Vector3 name="bindPosOffset" x="0.000" y="1.200" z="1.300" refParamName="" useRefParam="false" />
        <bool name="bIsBindPosYRelateBeHitHeight" value="false" refParamName="" useRefParam="false" />
        <EulerAngle name="bindRotOffset" x="0.000" y="0.000" z="0.000" refParamName="" useRefParam="false" />
        <Vector3 name="scaling" x="1.000" y="1.000" z="1.000" refParamName="" useRefParam="false" />
        <bool name="useScalingInt" value="false" refParamName="" useRefParam="false" />
        <Vector3i name="scalingInt" x="1000" y="1000" z="1000" refParamName="" useRefParam="false" />
        <bool name="bUseRealScaling" value="false" refParamName="" useRefParam="false" />
        <bool name="bOnlyScaleRoot" value="false" refParamName="" useRefParam="false" />
        <bool name="bEnableOptCull" value="true" refParamName="" useRefParam="false" />
        <bool name="bBullerPosDir" value="false" refParamName="" useRefParam="false" />
        <bool name="bUseHeroLocalForward" value="false" refParamName="" useRefParam="false" />
        <TemplateObject name="lookTargetId" id="-1" objectName="None" isTemp="false" refParamName="" useRefParam="false" />
        <bool name="applyActionSpeedToParticle" value="true" refParamName="" useRefParam="false" />
        <bool name="applyActionSpeedToAnimation" value="false" refParamName="" useRefParam="false" />
        <int name="extend" value="10" refParamName="" useRefParam="false" />
        <bool name="bOnlyFollowPos" value="false" refParamName="" useRefParam="false" />
        <bool name="b1stTickParentRot" value="false" refParamName="" useRefParam="false" />
        <bool name="bRotateFollowCamera" value="false" refParamName="" useRefParam="false" />
        <bool name="bRandomRotation" value="false" refParamName="" useRefParam="false" />
        <EulerAngle name="randRotBegin" x="0.000" y="0.000" z="0.000" refParamName="" useRefParam="false" />
        <EulerAngle name="randRotEnd" x="0.000" y="0.000" z="0.000" refParamName="" useRefParam="false" />
        <bool name="bUseTargetSkinEffect" value="false" refParamName="" useRefParam="false" />
        <bool name="bBulletPos" value="false" refParamName="" useRefParam="false" />
        <bool name="bBulletDir" value="false" refParamName="" useRefParam="false" />
        <int name="particleScaleGrow" value="0" refParamName="" useRefParam="false" />
        <Enum name="ReplacementUsage" value="0" refParamName="" useRefParam="false" />
        <Enum name="ReplacementSubUsage" value="0" refParamName="" useRefParam="false" />
        <bool name="bNoDynamicLod" value="false" refParamName="" useRefParam="false" />
        <bool name="bMeshResouce" value="false" refParamName="" useRefParam="false" />
        <bool name="bAllowEmptyEffect" value="false" refParamName="" useRefParam="false" />
        <bool name="bActionCtrlObjs" value="false" refParamName="" useRefParam="false" />
        <bool name="bInvisibleSelf" value="false" refParamName="" useRefParam="false" />
        <bool name="bInvisibleEnemy" value="false" refParamName="" useRefParam="false" />
        <bool name="bInvisibleTeamNotSelf" value="false" refParamName="" useRefParam="false" />
        <bool name="bReverseXWhenCameraMirro" value="false" refParamName="" useRefParam="false" />
        <bool name="bNewbieCombatSkillGuideOnly" value="false" refParamName="" useRefParam="false" />
        <bool name="bUseMasterSkinId" value="false" refParamName="" useRefParam="false" />
        <bool name="bForceIngoreCull" value="false" refParamName="" useRefParam="false" />
        <bool name="bRevertZIn5v5" value="false" refParamName="" useRefParam="false" />
        <bool name="bAttachToParentWhenBindPointNameIsNull" value="false" refParamName="" useRefParam="false" />
      </Event>
    </Track>
    <Track trackName="TriggerParticleTick1" eventType="TriggerParticleTick" guid="748c29d3-501d-47b2-a478-a910abb00173" enabled="true" useRefParam="false" refParamName="" r="0.000" g="0.000" b="0.000" execOnForceStopped="false" execOnActionCompleted="false" stopAfterLastEvent="true">
      <Condition id="9" guid="f45e8919-bebc-4616-b6a2-563c40570f2c" status="false" />
      <Event eventName="TriggerParticleTick" time="0.266" isDuration="false" guid="a6b00087-fd19-45a1-bb62-0011a47826ed">
        <TemplateObject name="targetId" id="0" objectName="self" isTemp="false" refParamName="" useRefParam="false" />
        <TemplateObject name="objectSpaceId" id="0" objectName="self" isTemp="false" refParamName="" useRefParam="false" />
        <bool name="bForceShowParticle" value="false" refParamName="" useRefParam="false" />
        <uint name="RefLiteBulletID" value="0" refParamName="" useRefParam="false" />
        <bool name="bDonotAttackToMesh" value="false" refParamName="" useRefParam="false" />
        <String name="parentResourceName" value="" refParamName="" useRefParam="false" />
        <String name="resourceName" value="prefab_skill_effects/hero_skill_effects/156_zhangliang/zhangliang_skill_004" refParamName="" useRefParam="false" />
        <String name="resourceName2" value="" refParamName="" useRefParam="false" />
        <String name="resourceName3" value="" refParamName="" useRefParam="false" />
        <int name="resConfigId1" value="0" refParamName="" useRefParam="false" />
        <int name="resConfigId2" value="0" refParamName="" useRefParam="false" />
        <int name="resConfigId3" value="0" refParamName="" useRefParam="false" />
        <float name="lifeTime" value="1.000" refParamName="" useRefParam="false" />
        <String name="bindPointName" value="Bip001 Prop1" refParamName="" useRefParam="false" />
        <bool name="dontShowIfNoBindPoint" value="false" refParamName="" useRefParam="false" />
        <Vector3 name="bindPosOffset" x="0.000" y="0.000" z="0.000" refParamName="" useRefParam="false" />
        <bool name="bIsBindPosYRelateBeHitHeight" value="false" refParamName="" useRefParam="false" />
        <EulerAngle name="bindRotOffset" x="0.000" y="0.000" z="0.000" refParamName="" useRefParam="false" />
        <Vector3 name="scaling" x="0.400" y="0.400" z="0.400" refParamName="" useRefParam="false" />
        <bool name="useScalingInt" value="false" refParamName="" useRefParam="false" />
        <Vector3i name="scalingInt" x="1000" y="1000" z="1000" refParamName="" useRefParam="false" />
        <bool name="bUseRealScaling" value="false" refParamName="" useRefParam="false" />
        <bool name="bOnlyScaleRoot" value="false" refParamName="" useRefParam="false" />
        <bool name="bEnableOptCull" value="true" refParamName="" useRefParam="false" />
        <bool name="bBullerPosDir" value="false" refParamName="" useRefParam="false" />
        <bool name="bUseHeroLocalForward" value="false" refParamName="" useRefParam="false" />
        <TemplateObject name="lookTargetId" id="-1" objectName="None" isTemp="false" refParamName="" useRefParam="false" />
        <bool name="applyActionSpeedToParticle" value="true" refParamName="" useRefParam="false" />
        <bool name="applyActionSpeedToAnimation" value="false" refParamName="" useRefParam="false" />
        <int name="extend" value="10" refParamName="" useRefParam="false" />
        <bool name="bOnlyFollowPos" value="false" refParamName="" useRefParam="false" />
        <bool name="b1stTickParentRot" value="false" refParamName="" useRefParam="false" />
        <bool name="bRotateFollowCamera" value="false" refParamName="" useRefParam="false" />
        <bool name="bRandomRotation" value="false" refParamName="" useRefParam="false" />
        <EulerAngle name="randRotBegin" x="0.000" y="0.000" z="0.000" refParamName="" useRefParam="false" />
        <EulerAngle name="randRotEnd" x="0.000" y="0.000" z="0.000" refParamName="" useRefParam="false" />
        <bool name="bUseTargetSkinEffect" value="false" refParamName="" useRefParam="false" />
        <bool name="bBulletPos" value="false" refParamName="" useRefParam="false" />
        <bool name="bBulletDir" value="false" refParamName="" useRefParam="false" />
        <int name="particleScaleGrow" value="0" refParamName="" useRefParam="false" />
        <Enum name="ReplacementUsage" value="0" refParamName="" useRefParam="false" />
        <Enum name="ReplacementSubUsage" value="0" refParamName="" useRefParam="false" />
        <bool name="bNoDynamicLod" value="false" refParamName="" useRefParam="false" />
        <bool name="bMeshResouce" value="false" refParamName="" useRefParam="false" />
        <bool name="bAllowEmptyEffect" value="false" refParamName="" useRefParam="false" />
        <bool name="bActionCtrlObjs" value="false" refParamName="" useRefParam="false" />
        <bool name="bInvisibleSelf" value="false" refParamName="" useRefParam="false" />
        <bool name="bInvisibleEnemy" value="false" refParamName="" useRefParam="false" />
        <bool name="bInvisibleTeamNotSelf" value="false" refParamName="" useRefParam="false" />
        <bool name="bReverseXWhenCameraMirro" value="false" refParamName="" useRefParam="false" />
        <bool name="bNewbieCombatSkillGuideOnly" value="false" refParamName="" useRefParam="false" />
        <bool name="bUseMasterSkinId" value="false" refParamName="" useRefParam="false" />
        <bool name="bForceIngoreCull" value="false" refParamName="" useRefParam="false" />
        <bool name="bRevertZIn5v5" value="false" refParamName="" useRefParam="false" />
        <bool name="bAttachToParentWhenBindPointNameIsNull" value="false" refParamName="" useRefParam="false" />
      </Event>
    </Track>
    <Track trackName="PlayHeroSoundTick9" eventType="PlayHeroSoundTick" guid="ac7eff0b-1357-49f8-b1d8-11ccab3a7155" enabled="true" useRefParam="false" refParamName="" r="0.000" g="0.000" b="0.000" execOnForceStopped="false" execOnActionCompleted="false" stopAfterLastEvent="true">
      <Event eventName="PlayHeroSoundTick" time="0.000" isDuration="false" guid="76ecccd4-f0e9-4f39-b1a1-81c57fcaa7c9">
        <TemplateObject name="targetId" id="0" objectName="self" isTemp="false" refParamName="" useRefParam="false" />
        <TemplateObject name="sourceId" id="0" objectName="None" isTemp="false" refParamName="" useRefParam="false" />
        <String name="eventName" value="Play_ZhangLiang_Skill_A" refParamName="" useRefParam="false" />
        <bool name="use1P3PSwitch" value="true" refParamName="" useRefParam="false" />
        <bool name="useSkinSwitch" value="true" refParamName="" useRefParam="false" />
        <Array name="extraSkinId" refParamName="" useRefParam="false" type="uint" />
        <bool name="canNotBeCulled" value="false" refParamName="" useRefParam="false" />
        <bool name="useBaseHorizon" value="false" refParamName="" useRefParam="false" />
        <bool name="bUseCopyedOutActors" value="false" refParamName="" useRefParam="false" />
      </Event>
    </Track>
    <Track trackName="PlayHeroSoundTick12" eventType="PlayHeroSoundTick" guid="e56f7d9e-4b8e-4745-8b1f-c1b4b9d20c8a" enabled="true" useRefParam="false" refParamName="" r="0.000" g="0.000" b="0.000" execOnForceStopped="false" execOnActionCompleted="false" stopAfterLastEvent="true">
      <Event eventName="PlayHeroSoundTick" time="0.000" isDuration="false" guid="2429ac05-3e87-449a-9ee1-4ec0d8d89334">
        <TemplateObject name="targetId" id="0" objectName="self" isTemp="false" refParamName="" useRefParam="false" />
        <TemplateObject name="sourceId" id="0" objectName="None" isTemp="false" refParamName="" useRefParam="false" />
        <String name="eventName" value="Play_ZhangLiang_VO_Skill_A" refParamName="" useRefParam="false" />
        <bool name="use1P3PSwitch" value="true" refParamName="" useRefParam="false" />
        <bool name="useSkinSwitch" value="true" refParamName="" useRefParam="false" />
        <Array name="extraSkinId" refParamName="" useRefParam="false" type="uint" />
        <bool name="canNotBeCulled" value="false" refParamName="" useRefParam="false" />
        <bool name="useBaseHorizon" value="false" refParamName="" useRefParam="false" />
        <bool name="bUseCopyedOutActors" value="false" refParamName="" useRefParam="false" />
      </Event>
    </Track>
  </Action>
</Project>