﻿<?xml version="1.0" encoding="utf-8"?>
<Project>
  <TemplateObjectList>
    <TemplateObject objectName="self" id="0" isTemp="false" />
    <TemplateObject objectName="target" id="1" isTemp="false" />
    <TemplateObject objectName="bullet" id="2" isTemp="true" />
  </TemplateObjectList>
  <RefParamList>
    <Vector3i name="targetdir" x="0" y="0" z="0" refParamName="" useRefParam="false" />
    <Vector3i name="_TargetPos" x="0" y="0" z="0" refParamName="" useRefParam="false" />
  </RefParamList>
  <Action tag="" length="3.000" loop="false">
    <Track trackName="BattleUIAnimationDuration1" eventType="BattleUIAnimationDuration" guid="3d2d80dc-a263-4780-ba18-509858656672" enabled="true" useRefParam="false" refParamName="" r="0.000" g="0.000" b="0.000" execOnForceStopped="false" execOnActionCompleted="false" SkinAvatarFilterType="9">
      <Event eventName="BattleUIAnimationDuration" time="0.000" length="2.000" isDuration="true" guid="a080b418-a8cc-40cf-b4d9-c29b57b3730f">
        <TemplateObject name="targetId" objectName="self" id="0" isTemp="false" refParamName="" useRefParam="false" />
        <String name="prefab" value="Prefab_Skill_Effects/Component_Effects/11620/11620_3/jingke_hurt_spell03_Cam" refParamName="" useRefParam="false" />
        <String name="animName" value="" refParamName="" useRefParam="false" />
      </Event>
      <SkinOrAvatarList id="11620" />
    </Track>
  </Action>
</Project>