﻿<?xml version="1.0" encoding="utf-8"?>
<Project>
  <TemplateObjectList>
    <TemplateObject id="0" objectName="self" isTemp="false" />
    <TemplateObject id="1" objectName="target" isTemp="false" />
  </TemplateObjectList>
  <RefParamList>
    <Vector3i name="_BulletDir" x="0" y="0" z="0" refParamName="" useRefParam="false" />
  </RefParamList>
  <Action tag="" length="0.700" loop="false">
    <Track trackName="FilterTargetType4" eventType="FilterTargetType" guid="ac4e5493-0760-4101-8683-63fbc9cc6950" enabled="true" useRefParam="false" refParamName="" r="0.000" g="0.000" b="0.000" execOnForceStopped="false" execOnActionCompleted="false" stopAfterLastEvent="true">
      <Event eventName="FilterTargetType" time="0.000" isDuration="false" guid="73f24320-79fe-43b9-b3b6-f7b816098589">
        <TemplateObject name="targetId" id="1" objectName="target" isTemp="false" refParamName="" useRefParam="false" />
        <bool name="bFilterHero" value="true" refParamName="" useRefParam="false" />
        <bool name="bFilterBoss" value="true" refParamName="" useRefParam="false" />
        <bool name="bFilterOrgan" value="true" refParamName="" useRefParam="false" />
      </Event>
    </Track>
    <Track trackName="SetBehaviourModeTick4" eventType="SetBehaviourModeTick" guid="58301a5f-eab2-4282-99ae-d2e774ba3a60" enabled="true" useRefParam="false" refParamName="" r="0.000" g="0.000" b="0.000" execOnForceStopped="false" execOnActionCompleted="false" stopAfterLastEvent="true">
      <Condition id="0" guid="ac4e5493-0760-4101-8683-63fbc9cc6950" status="true" />
      <Event eventName="SetBehaviourModeTick" time="0.000" isDuration="false" guid="65119957-526f-46a4-9791-1672bdf47fb3">
        <TemplateObject name="targetId" id="1" objectName="target" isTemp="false" refParamName="" useRefParam="false" />
        <bool name="clearMove" value="true" refParamName="" useRefParam="false" />
        <bool name="stopCurSkill" value="true" refParamName="" useRefParam="false" />
      </Event>
    </Track>
    <Track trackName="TriggerParticleTick0" eventType="TriggerParticleTick" guid="a66c0c5d-659b-4258-b6f7-6630f5046041" enabled="false" useRefParam="false" refParamName="" r="0.000" g="0.000" b="0.000" execOnForceStopped="false" execOnActionCompleted="false" stopAfterLastEvent="true">
      <Event eventName="TriggerParticleTick" time="0.000" isDuration="false" guid="e1e5d1fb-8dca-465a-bdfb-700e425a0361">
        <TemplateObject name="targetId" id="-1" objectName="None" isTemp="false" refParamName="" useRefParam="false" />
        <TemplateObject name="objectSpaceId" id="1" objectName="target" isTemp="false" refParamName="" useRefParam="false" />
        <bool name="bForceShowParticle" value="true" refParamName="" useRefParam="false" />
        <String name="resourceName" value="prefab_skill_effects/hero_skill_effects/150_hanxin/hanxin_hurt_02" refParamName="" useRefParam="false" />
        <Vector3 name="bindPosOffset" x="0.000" y="1.000" z="0.000" refParamName="" useRefParam="false" />
        <bool name="bBullerPosDir" value="true" refParamName="" useRefParam="false" />
      </Event>
    </Track>
    <Track trackName="SkillFuncInstant0" eventType="SkillFuncInstant" guid="8d09eb2f-50ed-4358-a741-27ca7e1a94dd" enabled="true" useRefParam="false" refParamName="" r="0.000" g="0.000" b="0.000" execOnForceStopped="false" execOnActionCompleted="false" stopAfterLastEvent="true">
      <Event eventName="SkillFuncInstant" time="0.000" isDuration="false" guid="b2f7848f-6e7c-43c9-ac8b-01a3eaaeb497" />
    </Track>
    <Track trackName="PlayAnimDuration2" eventType="PlayAnimDuration" guid="b0dc265b-d604-49c0-806c-0cd4eab53789" enabled="true" useRefParam="false" refParamName="" r="0.000" g="0.000" b="0.000" execOnForceStopped="false" execOnActionCompleted="false" stopAfterLastEvent="true">
      <Condition id="0" guid="ac4e5493-0760-4101-8683-63fbc9cc6950" status="true" />
      <Event eventName="PlayAnimDuration" time="0.000" length="0.700" isDuration="true" guid="f397ae2d-4cbb-40c6-a8dc-85fdf7fc2e83">
        <TemplateObject name="targetId" id="1" objectName="target" isTemp="false" refParamName="" useRefParam="false" />
        <String name="clipName" value="Hit" refParamName="" useRefParam="false" />
        <float name="crossFadeTime" value="0.100" refParamName="" useRefParam="false" />
      </Event>
    </Track>
    <Track trackName="ForbidAbilityDuration2" eventType="ForbidAbilityDuration" guid="f0ef80ca-ea2c-48fb-9471-62f3f2678ecd" enabled="true" useRefParam="false" refParamName="" r="0.000" g="0.000" b="0.000" execOnForceStopped="false" execOnActionCompleted="false" stopAfterLastEvent="true">
      <Condition id="0" guid="ac4e5493-0760-4101-8683-63fbc9cc6950" status="true" />
      <Event eventName="ForbidAbilityDuration" time="0.000" length="0.700" isDuration="true" guid="cc8a1042-d858-437d-89ff-67933f3d7e2c">
        <TemplateObject name="attackerId" id="1" objectName="target" isTemp="false" refParamName="" useRefParam="false" />
        <bool name="forbidMove" value="true" refParamName="" useRefParam="false" />
        <bool name="forbidSkill" value="true" refParamName="" useRefParam="false" />
        <bool name="forbidMoveRotate" value="true" refParamName="" useRefParam="false" />
      </Event>
    </Track>
    <Track trackName="PlayHeroSoundTick4" eventType="PlayHeroSoundTick" guid="578f366c-d702-4e80-835a-63d7f43707c6" enabled="true" useRefParam="false" refParamName="" r="0.000" g="0.000" b="0.000" execOnForceStopped="false" execOnActionCompleted="false" stopAfterLastEvent="true">
      <Event eventName="PlayHeroSoundTick" time="0.000" isDuration="false" guid="fab449e9-ed75-4f7c-b0b5-de135b904fa5">
        <TemplateObject name="targetId" id="0" objectName="self" isTemp="false" refParamName="" useRefParam="false" />
        <TemplateObject name="sourceId" id="0" objectName="self" isTemp="false" refParamName="" useRefParam="false" />
        <String name="eventName" value="Play_HanXin_Skill_C_Hit" refParamName="" useRefParam="false" />
        <Array name="extraSkinId" refParamName="" useRefParam="false" type="uint">
          <uint value="35" />
          <uint value="36" />
          <uint value="37" />
        </Array>
      </Event>
    </Track>
    <Track trackName="CheckSkinIdTick5" eventType="CheckSkinIdTick" guid="63973317-4a3a-4361-8e38-64e09be6b6b2" enabled="true" useRefParam="false" refParamName="" r="0.000" g="0.000" b="0.000" execOnForceStopped="false" execOnActionCompleted="false" stopAfterLastEvent="true">
      <Event eventName="CheckSkinIdTick" time="0.000" isDuration="false" guid="f0376395-d9cc-47cf-ac29-801124b0d969">
        <TemplateObject name="targetId" id="0" objectName="self" isTemp="false" refParamName="" useRefParam="false" />
        <int name="skinId" value="15097" refParamName="" useRefParam="false" />
        <bool name="bEqual" value="false" refParamName="" useRefParam="false" />
        <bool name="bSkipLogicCheck" value="true" refParamName="" useRefParam="false" />
      </Event>
    </Track>
    <Track trackName="15013逻辑层" eventType="CheckSkinIdTick" guid="ccc34646-9ace-43e6-95e8-a43c801c69e1" enabled="true" useRefParam="false" refParamName="" r="0.000" g="0.000" b="0.000" execOnForceStopped="false" execOnActionCompleted="false" stopAfterLastEvent="true">
      <Event eventName="CheckSkinIdTick" time="0.000" isDuration="false" guid="95ac30b7-cdc9-48d3-bb30-432e49b54d2e">
        <TemplateObject name="targetId" id="0" objectName="self" isTemp="false" refParamName="" useRefParam="false" />
        <int name="skinId" value="15013" refParamName="" useRefParam="false" />
      </Event>
    </Track>
    <Track trackName="检测蓝BUFF" eventType="CheckSkillCombineConditionTick" guid="491cf642-f790-44b8-862a-b6eac520ddb3" enabled="true" useRefParam="false" refParamName="" r="0.000" g="0.000" b="0.000" execOnForceStopped="false" execOnActionCompleted="false" stopAfterLastEvent="true">
      <Event eventName="CheckSkillCombineConditionTick" time="0.000" isDuration="false" guid="8c34f6e0-359b-49d5-baa6-78a3387df950">
        <TemplateObject name="targetId" id="0" objectName="self" isTemp="false" refParamName="" useRefParam="false" />
        <int name="skillCombineId" value="7902120" refParamName="" useRefParam="false" />
        <Enum name="checkOPType" value="1" EnumValue="小于" refParamName="" useRefParam="false" />
        <int name="skillCombineLevel" value="1" refParamName="" useRefParam="false" />
      </Event>
    </Track>
    <Track trackName="StopTrack0" eventType="StopTrack" guid="242700de-4c37-4843-a081-68de61588354" enabled="true" useRefParam="false" refParamName="" r="0.000" g="0.000" b="0.000" execOnForceStopped="false" execOnActionCompleted="false" stopAfterLastEvent="true">
      <Condition id="9" guid="491cf642-f790-44b8-862a-b6eac520ddb3" status="false" />
      <Condition id="8" guid="ccc34646-9ace-43e6-95e8-a43c801c69e1" status="true" />
      <Event eventName="StopTrack" time="0.000" isDuration="false" guid="fc5ae01d-fbd9-4576-8d3e-7231d6f4e0ff">
        <TrackObject name="trackId" id="16" guid="fdf7a020-ef69-4b3b-ad39-6d5c99ecf5af" refParamName="" useRefParam="false" />
      </Event>
    </Track>
    <Track trackName="TriggerParticleTick0" eventType="TriggerParticleTick" guid="2ae0fce3-b462-4122-b349-6b7d48cd0d2d" enabled="true" useRefParam="false" refParamName="" r="0.000" g="0.000" b="0.000" execOnForceStopped="false" execOnActionCompleted="false" stopAfterLastEvent="true">
      <Condition id="9" guid="491cf642-f790-44b8-862a-b6eac520ddb3" status="false" />
      <Condition id="7" guid="63973317-4a3a-4361-8e38-64e09be6b6b2" status="true" />
      <Event eventName="TriggerParticleTick" time="0.000" isDuration="false" guid="f69370e8-dd8e-4911-891e-4ad592ae7179">
        <TemplateObject name="targetId" id="-1" objectName="None" isTemp="false" refParamName="" useRefParam="false" />
        <TemplateObject name="objectSpaceId" id="1" objectName="target" isTemp="false" refParamName="" useRefParam="false" />
        <String name="resourceName" value="prefab_skill_effects/hero_skill_effects/150_hanxin/hanxin_hurt_03_1" refParamName="" useRefParam="false" />
        <Vector3 name="bindPosOffset" x="0.000" y="1.000" z="0.000" refParamName="" useRefParam="false" />
        <EulerAngle name="bindRotOffset" x="10.000" y="110.000" z="0.000" refParamName="" useRefParam="false" />
        <bool name="bBulletDir" value="true" refParamName="" useRefParam="false" />
      </Event>
    </Track>
    <Track trackName="TriggerParticleTick0" eventType="TriggerParticleTick" guid="1aa4fbd5-0643-4fe3-8d68-15e0532b59a3" enabled="true" useRefParam="false" refParamName="" r="0.000" g="0.000" b="0.000" execOnForceStopped="false" execOnActionCompleted="false" stopAfterLastEvent="true">
      <Condition id="9" guid="491cf642-f790-44b8-862a-b6eac520ddb3" status="true" />
      <Condition id="7" guid="63973317-4a3a-4361-8e38-64e09be6b6b2" status="true" />
      <Event eventName="TriggerParticleTick" time="0.000" isDuration="false" guid="23371f13-66b8-4049-86dc-2e9f52bce6e4">
        <TemplateObject name="targetId" id="-1" objectName="None" isTemp="false" refParamName="" useRefParam="false" />
        <TemplateObject name="objectSpaceId" id="1" objectName="target" isTemp="false" refParamName="" useRefParam="false" />
        <String name="resourceName" value="prefab_skill_effects/hero_skill_effects/150_hanxin/hanxin_hurt_03" refParamName="" useRefParam="false" />
        <Vector3 name="bindPosOffset" x="0.000" y="1.000" z="0.000" refParamName="" useRefParam="false" />
        <EulerAngle name="bindRotOffset" x="10.000" y="110.000" z="0.000" refParamName="" useRefParam="false" />
        <bool name="bBulletDir" value="true" refParamName="" useRefParam="false" />
      </Event>
    </Track>
    <Track trackName="15015" eventType="CheckSkinIdTick" guid="33259369-6bbb-4346-b578-d7ae424e826d" enabled="true" useRefParam="false" refParamName="" r="0.000" g="0.000" b="0.000" execOnForceStopped="false" execOnActionCompleted="false" stopAfterLastEvent="true">
      <Event eventName="CheckSkinIdTick" time="0.000" isDuration="false" guid="221bba99-fcd8-4495-bf21-60d78a1c89b2">
        <TemplateObject name="targetId" id="0" objectName="self" isTemp="false" refParamName="" useRefParam="false" />
        <int name="skinId" value="15015" refParamName="" useRefParam="false" />
      </Event>
    </Track>
    <Track trackName="15015" eventType="TriggerParticleTick" guid="5cf41248-5b88-4a4d-a0fe-959095bc2dc8" enabled="true" useRefParam="false" refParamName="" r="0.000" g="0.000" b="0.000" execOnForceStopped="false" execOnActionCompleted="false" stopAfterLastEvent="true">
      <Condition id="13" guid="33259369-6bbb-4346-b578-d7ae424e826d" status="true" />
      <Event eventName="TriggerParticleTick" time="0.000" isDuration="false" guid="c6797e3d-189e-4d04-aa3b-74a7243ba63c">
        <TemplateObject name="targetId" id="-1" objectName="None" isTemp="false" refParamName="" useRefParam="false" />
        <TemplateObject name="objectSpaceId" id="1" objectName="target" isTemp="false" refParamName="" useRefParam="false" />
        <String name="resourceName" value="prefab_skill_effects/hero_skill_effects/150_hanxin/Hanxin_hurt_03" refParamName="" useRefParam="false" />
        <EulerAngle name="bindRotOffset" x="0.000" y="110.000" z="0.000" refParamName="" useRefParam="false" />
        <Vector3i name="scalingInt" x="10000" y="10000" z="10000" refParamName="" useRefParam="false" />
      </Event>
    </Track>
    <Track trackName="StopTrack0" eventType="StopTrack" guid="f4576be4-4bf7-4f28-a073-c58789544da8" enabled="true" useRefParam="false" refParamName="" r="0.000" g="0.000" b="0.000" execOnForceStopped="false" execOnActionCompleted="false" stopAfterLastEvent="true">
      <Condition id="13" guid="33259369-6bbb-4346-b578-d7ae424e826d" status="true" />
      <Event eventName="StopTrack" time="0.000" isDuration="false" guid="82e5a5b7-f5be-4e29-8c27-0ef5d812a782">
        <TrackObject name="trackId" id="16" guid="fdf7a020-ef69-4b3b-ad39-6d5c99ecf5af" refParamName="" useRefParam="false" />
        <bool name="alsoStopNotStartedTrack" value="true" refParamName="" useRefParam="false" />
      </Event>
    </Track>
    <Track trackName="TriggerParticleTick0" eventType="TriggerParticleTick" guid="fdf7a020-ef69-4b3b-ad39-6d5c99ecf5af" enabled="true" useRefParam="false" refParamName="" r="0.000" g="0.000" b="0.000" execOnForceStopped="false" execOnActionCompleted="false" stopAfterLastEvent="true">
      <Event eventName="TriggerParticleTick" time="0.000" isDuration="false" guid="83a85875-b813-4317-aad3-62e78f08b3ac">
        <TemplateObject name="targetId" id="-1" objectName="None" isTemp="false" refParamName="" useRefParam="false" />
        <TemplateObject name="objectSpaceId" id="1" objectName="target" isTemp="false" refParamName="" useRefParam="false" />
        <String name="resourceName" value="prefab_skill_effects/hero_skill_effects/150_hanxin/hanxin_hurt_03" refParamName="" useRefParam="false" />
        <Vector3 name="bindPosOffset" x="0.000" y="1.000" z="0.000" refParamName="" useRefParam="false" />
        <EulerAngle name="bindRotOffset" x="10.000" y="110.000" z="0.000" refParamName="" useRefParam="false" />
        <bool name="bBulletDir" value="true" refParamName="" useRefParam="false" />
      </Event>
    </Track>
  </Action>
</Project>