﻿<?xml version="1.0" encoding="utf-8"?>
<Project>
  <TemplateObjectList>
    <TemplateObject id="0" objectName="self" isTemp="false" />
    <TemplateObject id="1" objectName="target" isTemp="false" />
  </TemplateObjectList>
  <RefParamList>
    <Vector3i name="_BulletDir" x="0" y="0" z="0" refParamName="" useRefParam="false" />
    <Vector3i name="_TargetDir" x="0" y="0" z="0" refParamName="" useRefParam="false" />
    <Vector3i name="_TargetPos" x="0" y="0" z="0" refParamName="" useRefParam="false" />
  </RefParamList>
  <Action tag="" length="2.000" loop="false">
    <Track trackName="SkillFuncDuration0" eventType="SkillFuncDuration" guid="1c3a9299-f36b-4c37-bd78-8b08a7e2e6b3" enabled="true" useRefParam="false" refParamName="" r="0.000" g="0.000" b="0.000" execOnForceStopped="false" execOnActionCompleted="false" stopAfterLastEvent="true">
      <Event eventName="SkillFuncDuration" time="0.000" length="2.000" isDuration="true" guid="ae3b5c01-3b71-472e-b111-d4fb0e8738c4">
        <Enum name="SkillFuncType" value="4" refParamName="" useRefParam="false" />
      </Event>
    </Track>
    <Track trackName="T3皮肤专用" eventType="CheckSkinIdTick" guid="f0d7f400-23c4-4450-9fc7-a32b4f6a13e4" enabled="true" useRefParam="false" refParamName="" r="0.000" g="0.000" b="0.000" execOnForceStopped="false" execOnActionCompleted="false" stopAfterLastEvent="true">
      <Event eventName="CheckSkinIdTick" time="0.000" isDuration="false" guid="b61f37ee-894f-47bd-ab54-9227aaca4a88">
        <TemplateObject name="targetId" id="0" objectName="self" isTemp="false" refParamName="" useRefParam="false" />
        <int name="skinId" value="12997" refParamName="" useRefParam="false" />
        <bool name="bEqual" value="false" refParamName="" useRefParam="false" />
      </Event>
    </Track>
    <Track trackName="TriggerParticle1" eventType="TriggerParticle" guid="968c8357-df91-4608-be5d-c6d384304700" enabled="true" useRefParam="false" refParamName="" r="0.000" g="0.000" b="0.000" execOnForceStopped="false" execOnActionCompleted="false" stopAfterLastEvent="true">
      <Condition id="1" guid="f0d7f400-23c4-4450-9fc7-a32b4f6a13e4" status="true" />
      <Event eventName="TriggerParticle" time="0.000" length="2.000" isDuration="true" guid="53933e25-04e5-43fd-8606-2426b3871244">
        <TemplateObject name="targetId" id="0" objectName="self" isTemp="false" refParamName="" useRefParam="false" />
        <String name="resourceName" value="prefab_skill_effects/hero_skill_effects/129_dianwei/DianWei_spell02_buff02" refParamName="" useRefParam="false" />
        <Vector3i name="scalingInt" x="10000" y="10000" z="10000" refParamName="" useRefParam="false" />
        <String name="syncAnimationName" value="" refParamName="" useRefParam="false" />
        <String name="customTagName" value="" refParamName="" useRefParam="false" />
      </Event>
    </Track>
    <Track trackName="SpawnBulletTick0" eventType="SpawnBulletTick" guid="f1b8482c-f89f-40a3-bba3-a84d938d8814" enabled="true" useRefParam="false" refParamName="" r="0.000" g="0.000" b="0.000" execOnForceStopped="false" execOnActionCompleted="false" stopAfterLastEvent="true">
      <Condition id="1" guid="f0d7f400-23c4-4450-9fc7-a32b4f6a13e4" status="true" />
      <Event eventName="SpawnBulletTick" time="0.000" isDuration="false" guid="5ae37f98-7e09-4ee2-ac62-c9c57d017957">
        <TemplateObject name="targetId" id="0" objectName="self" isTemp="false" refParamName="" useRefParam="false" />
        <String name="ActionName" value="prefab_characters/prefab_hero/129_DianWei/skill/S1B1" refParamName="" useRefParam="false" />
        <bool name="bDeadRemove" value="true" refParamName="" useRefParam="false" />
      </Event>
    </Track>
    <Track trackName="BuffHudTriggerDuration0" eventType="BuffHudTriggerDuration" guid="ead22569-1188-4752-8f1f-91e196fe099d" enabled="false" useRefParam="false" refParamName="" r="0.000" g="0.000" b="0.000" execOnForceStopped="false" execOnActionCompleted="false" stopAfterLastEvent="true">
      <Event eventName="BuffHudTriggerDuration" time="0.000" length="2.000" isDuration="true" guid="936e30ba-3f2d-4ed2-b331-f6d2670d7144">
        <TemplateObject name="targetId" id="0" objectName="self" isTemp="false" refParamName="" useRefParam="false" />
        <int name="SelfSkillCombineID" value="129110" refParamName="" useRefParam="false" />
        <Enum name="iconType" value="1" refParamName="" useRefParam="false" />
        <Enum name="priority1" value="2" refParamName="" useRefParam="false" />
        <int name="priority2" value="12000" refParamName="" useRefParam="false" />
        <bool name="bDelay" value="false" refParamName="" useRefParam="false" />
      </Event>
    </Track>
  </Action>
</Project>